age,airOuts,atBats,avg,balks,baseOnBalls,battersFaced,blownSaves,catchersInterference,caughtStealing,caughtStealingPercentage,completeGames,doubles,earnedRuns,era,gamesFinished,gamesPitched,gamesPlayed,gamesStarted,groundIntoDoublePlay,groundOuts,groundOutsToAirouts,group,hitBatsmen,hitByPitch,hits,hitsPer9Inn,holds,homeRuns,homeRunsPer9,inheritedRunners,inheritedRunnersScored,inningsPitched,intentionalWalks,losses,numberOfPitches,obp,ops,outs,pickoffs,pitchesPerInning,player_id,player_name,runs,runsScoredPer9,sacBunts,sacFlies,saveOpportunities,saves,season,shutouts,slg,stolenBasePercentage,stolenBases,strikeOuts,strikePercentage,strikeoutWalkRatio,strikeoutsPer9Inn,strikes,team_id,team_name,totalBases,triples,walksPer9Inn,whip,wildPitches,winPercentage,wins
30,4,9,.111,0,2,11,0,0,0,.---,0,0,0,0.00,2,2,2,0,1,3,0.75,pitching,0,0,1,3.00,0,0,0.00,0,0,3.0,0,0,43,.273,.384,9,0,14.33,681084,Tanner Andrews,0,0.00,0,0,0,0,2026,0,.111,.---,0,1,.510,0.50,3.00,22,141,Toronto Blue Jays,1,0,6.00,1.00,0,.---,0
35,2,9,.111,0,0,9,0,0,0,.---,0,0,0,0.00,1,1,1,0,0,4,2.00,pitching,0,0,1,3.00,0,0,0.00,0,0,3.0,0,0,30,.111,.222,9,0,10.00,621389,Ty Blach,0,0.00,0,0,0,0,2026,0,.111,.---,0,2,.730,-.--,6.00,22,112,Chicago Cubs,1,0,0.00,0.33,0,.---,0
26,6,12,.250,0,3,15,0,0,0,.---,0,0,0,0.00,4,4,4,0,0,2,0.33,pitching,0,0,3,9.00,0,0,0.00,2,0,3.0,0,0,53,.400,.650,9,0,17.67,682997,Tyler Callihan,0,0.00,0,0,0,0,2026,0,.250,.---,0,1,.490,0.33,3.00,26,134,Pittsburgh Pirates,3,0,9.00,2.00,0,.---,0
25,2,11,.364,0,0,12,0,0,0,.---,0,1,0,0.00,1,1,1,0,1,3,1.50,pitching,1,1,4,12.00,0,0,0.00,0,0,3.0,0,0,35,.417,.872,9,0,11.67,682769,Eiberson Castellano,0,0.00,0,0,1,1,2026,0,.455,.---,0,2,.690,-.--,6.00,24,115,Colorado Rockies,5,0,0.00,1.33,0,.---,0
28,10,27,.074,0,3,30,0,0,0,.000,0,0,0,0.00,1,6,6,0,1,4,0.40,pitching,0,0,2,2.08,0,0,0.00,3,0,8.2,1,0,112,.167,.315,26,0,12.92,676454,Brendan Cellucci,0,0.00,0,0,0,0,2026,0,.148,1.000,1,11,.690,3.67,11.42,77,141,Toronto Blue Jays,4,1,3.12,0.58,0,.---,0
29,1,4,.500,0,0,4,0,0,0,.---,0,0,0,0.00,1,1,1,0,1,1,1.00,pitching,0,0,2,18.00,0,0,0.00,0,0,1.0,0,0,15,.500,1.000,3,0,15.00,664744,Jose Espada,0,0.00,0,0,0,0,2026,0,.500,.---,0,0,.670,-.--,0.00,10,110,Baltimore Orioles,2,0,0.00,2.00,0,.---,0
25,2,5,.400,0,0,5,0,0,0,.---,0,0,0,0.00,1,1,1,0,0,1,0.50,pitching,0,0,2,18.00,0,0,0.00,0,0,1.0,0,0,8,.400,.800,3,0,8.00,804668,Rafael Flores Jr.,0,0.00,0,0,0,0,2026,0,.400,.---,0,0,.880,-.--,0.00,7,134,Pittsburgh Pirates,2,0,0.00,2.00,0,.---,0
28,6,14,.214,0,1,15,0,0,0,.---,0,1,0,0.00,3,3,3,0,1,3,0.50,pitching,0,0,3,6.75,0,0,0.00,0,0,4.0,0,0,58,.267,.553,12,0,14.50,680686,Josiah Gray,0,0.00,0,0,1,1,2026,0,.286,.---,0,2,.600,2.00,4.50,35,120,Washington Nationals,4,0,2.25,1.00,0,.---,0
32,0,2,.000,0,0,3,0,0,0,.---,0,0,0,0.00,1,1,1,0,1,2,2.00,pitching,1,1,0,0.00,0,0,0.00,0,0,1.0,0,0,6,.333,.333,3,0,6.00,664059,Sam Haggerty,0,0.00,0,0,0,0,2026,0,.000,.---,0,0,.830,-.--,0.00,5,140,Texas Rangers,0,0,0.00,0.00,0,.---,0
35,2,3,.000,0,0,3,0,0,0,.---,0,0,0,0.00,1,1,1,0,0,1,0.50,pitching,0,0,0,0.00,0,0,0.00,0,0,1.0,0,0,11,.000,.000,3,0,11.00,643361,Kevin Herget,0,0.00,0,0,0,0,2026,0,.000,.---,0,0,.640,-.--,0.00,7,121,New York Mets,0,0,0.00,0.00,0,.---,0
34,3,4,.250,0,0,4,0,0,0,.---,0,0,0,0.00,1,1,1,0,0,0,0.00,pitching,0,0,1,9.00,0,0,0.00,0,0,1.0,0,0,8,.250,.500,3,0,8.00,571771,Enrique Hernández,0,0.00,0,0,0,0,2026,0,.250,.---,0,0,.880,-.--,0.00,7,119,Los Angeles Dodgers,1,0,0.00,1.00,0,.---,0
22,3,9,.222,0,1,10,0,0,0,.---,0,0,0,0.00,1,3,3,0,0,2,0.67,pitching,0,0,2,7.71,0,0,0.00,0,0,2.1,0,0,45,.300,.522,7,0,19.29,700327,Welinton Herrera,0,0.00,0,0,0,0,2026,0,.222,.---,0,2,.620,2.00,7.71,28,115,Colorado Rockies,2,0,3.86,1.29,0,.---,0
33,2,3,.000,0,0,3,0,0,0,.---,0,0,0,0.00,1,1,1,0,0,0,0.00,pitching,0,0,0,0.00,0,0,0.00,0,0,1.0,0,0,10,.000,.000,3,0,10.00,664731,P.J. Higgins,0,0.00,0,0,0,0,2026,0,.000,.---,0,1,.700,-.--,9.00,7,113,Cincinnati Reds,0,0,0.00,0.00,0,.---,0
26,1,6,.667,0,1,7,0,0,0,.000,0,1,0,0.00,0,1,1,0,0,1,1.00,pitching,0,0,4,108.00,0,0,0.00,2,2,0.1,0,0,34,.714,1.547,1,0,102.00,680880,Grant Holman,5,135.00,0,0,0,0,2026,0,.833,1.000,1,0,.620,0.00,0.00,21,143,Philadelphia Phillies,5,0,27.00,15.00,1,.---,0
29,3,7,.143,0,1,9,0,0,0,.---,0,0,0,0.00,2,2,2,0,0,3,1.00,pitching,1,1,1,4.50,0,0,0.00,1,0,2.0,0,0,35,.333,.476,6,0,17.50,687859,Troy Johnston,0,0.00,0,0,0,0,2026,0,.143,.---,0,0,.690,0.00,0.00,24,115,Colorado Rockies,1,0,4.50,1.00,0,.---,0
26,0,3,.000,0,1,4,0,0,0,.---,0,0,0,0.00,1,1,1,0,1,2,2.00,pitching,0,0,0,0.00,0,0,0.00,2,0,1.1,0,0,18,.250,.250,4,0,13.50,681520,Antoine Kelly,0,0.00,0,0,0,0,2026,0,.000,.---,0,1,.560,1.00,6.75,10,112,Chicago Cubs,0,0,6.75,0.75,0,.---,0
32,4,10,.200,0,1,11,0,0,0,.---,0,0,0,0.00,1,2,2,0,0,2,0.50,pitching,0,0,2,6.75,0,0,0.00,1,0,2.2,0,0,38,.273,.473,8,0,14.25,621139,Brooks Kriske,0,0.00,0,0,0,0,2026,0,.200,.---,0,2,.660,2.00,6.75,25,133,Athletics,2,0,3.38,1.13,0,.---,0
35,2,3,.000,0,0,3,0,0,0,.---,0,0,0,0.00,1,1,1,0,0,1,0.50,pitching,0,0,0,0.00,0,0,0.00,0,0,1.0,0,0,8,.000,.000,3,0,8.00,571912,Luke Maile,0,0.00,0,0,0,0,2026,0,.000,.---,0,0,.630,-.--,0.00,5,118,Kansas City Royals,0,0,0.00,0.00,0,.---,0
31,3,3,.000,0,0,3,0,0,0,.---,0,0,0,0.00,1,1,1,0,0,0,0.00,pitching,0,0,0,0.00,0,0,0.00,0,0,1.0,0,0,9,.000,.000,3,0,9.00,624512,Reese McGuire,0,0.00,0,0,0,0,2026,0,.000,.---,0,0,.890,-.--,0.00,8,145,Chicago White Sox,0,0,0.00,0.00,0,.---,0
30,0,3,.000,0,0,3,0,0,0,.---,0,0,0,0.00,1,1,1,0,0,3,3.00,pitching,0,0,0,0.00,0,0,0.00,0,0,1.0,0,0,9,.000,.000,3,0,9.00,676694,Jake Meyers,0,0.00,0,0,0,0,2026,0,.000,.---,0,0,.560,-.--,0.00,5,117,Houston Astros,0,0,0.00,0.00,0,.---,0
27,2,11,.273,0,3,15,0,0,0,.---,0,0,0,0.00,1,3,3,0,1,3,1.50,pitching,0,0,3,8.10,0,0,0.00,6,3,3.1,0,0,64,.400,.673,10,0,19.20,668716,Noah Murdock,0,0.00,0,1,0,0,2026,0,.273,.---,0,4,.590,1.33,10.80,38,134,Pittsburgh Pirates,3,0,8.10,1.80,1,.---,0
24,5,16,.188,0,0,16,0,0,0,.---,0,1,0,0.00,0,4,4,0,1,3,0.60,pitching,0,0,3,5.79,1,0,0.00,3,0,4.2,0,0,68,.188,.438,14,0,14.57,692064,José Rodríguez,0,0.00,0,0,0,0,2026,0,.250,.---,0,5,.620,-.--,9.64,42,141,Toronto Blue Jays,4,0,0.00,0.64,0,.---,0
31,2,10,.300,0,1,12,0,0,0,.---,0,1,0,0.00,3,3,3,0,0,2,1.00,pitching,1,1,3,11.57,0,0,0.00,3,0,2.1,0,0,43,.417,.817,7,0,18.43,668670,Jake Rogers,0,0.00,0,0,0,0,2026,0,.400,.---,0,3,.530,3.00,11.57,23,116,Detroit Tigers,4,0,3.86,1.71,0,.---,0
32,2,4,.250,0,0,4,0,0,0,.---,0,0,0,0.00,1,1,1,0,0,1,0.50,pitching,0,0,1,9.00,0,0,0.00,0,0,1.0,0,0,13,.250,.500,3,0,13.00,668942,Josh Rojas,0,0.00,0,0,0,0,2026,0,.250,.---,0,0,.540,-.--,0.00,7,118,Kansas City Royals,1,0,0.00,1.00,0,.---,0
25,1,3,.000,0,0,3,0,0,0,.---,0,0,0,0.00,0,1,1,0,0,2,2.00,pitching,0,0,0,0.00,0,0,0.00,0,0,1.0,0,0,11,.000,.000,3,0,11.00,697811,Dylan Ross,0,0.00,0,0,0,0,2026,0,.000,.---,0,0,.640,-.--,0.00,7,121,New York Mets,0,0,0.00,0.00,0,.---,0
33,2,5,.000,0,0,5,0,0,0,.---,0,0,0,0.00,1,1,1,0,0,1,0.50,pitching,0,0,0,0.00,0,0,0.00,0,0,1.2,0,0,13,.000,.000,5,0,7.80,605441,Yacksel Ríos,0,0.00,0,0,0,0,2026,0,.000,.---,0,2,.770,-.--,10.80,10,112,Chicago Cubs,0,0,0.00,0.00,0,.---,0
30,0,4,.500,0,0,4,0,0,0,.000,0,0,0,0.00,0,1,1,0,0,0,-.--,pitching,0,0,2,27.00,0,0,0.00,0,0,0.2,0,0,24,.500,1.000,2,0,36.00,657376,Clarke Schmidt,0,0.00,0,0,0,0,2026,0,.500,1.000,1,2,.540,-.--,27.00,13,147,New York Yankees,2,0,0.00,3.00,0,.---,0
29,2,4,.250,0,1,5,0,0,0,.---,0,0,0,0.00,1,1,1,0,0,1,0.50,pitching,0,0,1,9.00,0,0,0.00,0,0,1.0,0,0,14,.400,.650,3,0,14.00,680474,Max Schuemann,0,0.00,0,0,0,0,2026,0,.250,.---,0,0,.500,0.00,0.00,7,147,New York Yankees,1,0,9.00,2.00,0,.---,0
31,2,3,.000,0,0,3,0,0,0,.---,0,0,0,0.00,1,1,1,0,0,1,0.50,pitching,0,0,0,0.00,0,0,0.00,0,0,1.0,0,0,10,.000,.000,3,0,10.00,670097,Zack Short,0,0.00,0,0,0,0,2026,0,.000,.---,0,0,.700,-.--,0.00,7,121,New York Mets,0,0,0.00,0.00,0,.---,0
28,17,46,.087,0,5,51,0,0,0,.000,0,1,0,0.00,4,6,6,0,0,8,0.47,pitching,0,0,4,2.57,0,0,0.00,1,1,14.0,0,0,194,.176,.285,42,0,13.86,668831,Garrett Stallings,0,0.00,0,0,1,1,2026,0,.109,1.000,1,17,.650,3.40,10.93,126,158,Milwaukee Brewers,5,0,3.21,0.64,0,.---,0
33,2,10,.400,0,0,10,0,0,0,.---,0,0,0,0.00,2,2,2,0,0,4,2.00,pitching,0,0,4,18.00,0,0,0.00,0,0,2.0,0,0,33,.400,.800,6,0,16.50,596142,Gary Sánchez,0,0.00,0,0,0,0,2026,0,.400,.---,0,0,.610,-.--,0.00,20,158,Milwaukee Brewers,4,0,0.00,2.00,0,.---,0
28,6,7,.143,0,1,8,0,0,0,.---,0,0,0,0.00,1,1,1,0,0,0,0.00,pitching,0,0,1,4.50,0,0,0.00,0,0,2.0,0,0,18,.250,.393,6,0,9.00,663494,Bryan Torres,0,0.00,0,0,0,0,2026,0,.143,.---,0,0,.560,0.00,0.00,10,138,St. Louis Cardinals,1,0,4.50,1.00,0,.---,0
34,6,11,.091,0,0,11,0,0,0,.---,0,1,0,0.00,2,2,2,0,0,3,0.50,pitching,0,0,1,2.70,0,0,0.00,1,1,3.1,0,0,43,.091,.273,10,0,12.90,592826,Vince Velasquez,0,0.00,0,0,0,0,2026,0,.182,.---,0,1,.670,-.--,2.70,29,112,Chicago Cubs,2,0,0.00,0.30,1,.---,0
25,0,2,.000,0,1,3,0,0,0,.---,0,0,0,0.00,1,1,1,0,1,1,1.00,pitching,0,0,0,0.00,0,0,0.00,0,0,1.0,0,0,17,.333,.333,3,0,17.00,687721,Cameron Weston,0,0.00,0,0,0,0,2026,0,.000,.---,0,1,.650,1.00,9.00,11,110,Baltimore Orioles,0,0,9.00,1.00,0,.---,0
27,2,3,.000,0,1,4,0,0,0,.---,0,0,0,0.00,0,1,1,0,0,0,0.00,pitching,0,0,0,0.00,0,0,0.00,0,0,1.0,0,0,18,.250,.250,3,0,18.00,670871,Guillo Zuñiga,0,0.00,0,0,0,0,2026,0,.000,.---,0,1,.610,1.00,9.00,11,121,New York Mets,0,0,9.00,1.00,0,.---,0
28,16,53,.151,0,6,64,2,0,1,1.000,0,2,1,0.54,1,20,20,0,1,16,1.00,pitching,3,3,8,4.32,6,0,0.00,8,2,16.2,1,0,262,.270,.459,50,0,15.72,666374,Matt Brash,2,1.08,1,1,2,0,2026,0,.189,.000,0,15,.590,2.50,8.10,155,136,Seattle Mariners,10,0,3.24,0.84,1,1.000,3
35,22,47,.234,0,2,51,0,0,0,.---,0,3,1,0.66,3,14,14,0,3,9,0.41,pitching,0,0,11,7.24,2,1,0.66,10,3,13.2,0,1,200,.260,.622,41,0,14.63,543238,Anthony Gose,3,1.98,1,1,0,0,2026,0,.362,.---,0,7,.670,3.50,4.61,134,118,Kansas City Royals,17,0,1.32,0.95,1,.500,1
35,8,30,.267,0,2,34,0,0,1,1.000,0,2,1,1.00,1,7,7,1,2,10,1.25,pitching,1,1,8,8.00,0,0,0.00,3,2,9.0,0,0,155,.324,.657,27,0,17.22,571882,Derek Law,1,1.00,0,1,0,0,2026,0,.333,.000,0,5,.580,2.50,5.00,90,109,Arizona Diamondbacks,10,0,2.00,1.11,0,.---,0
32,47,152,.125,0,15,167,0,0,1,.333,0,4,5,1.01,37,45,45,0,0,31,0.66,pitching,0,0,19,3.83,0,1,0.20,3,0,44.2,0,2,676,.204,.375,134,1,15.13,623352,Josh Hader,6,1.21,0,0,26,26,2026,0,.171,.667,2,55,.690,3.67,11.08,464,117,Houston Astros,26,0,3.02,0.76,1,.667,4
35,36,122,.197,0,6,130,1,1,0,.000,0,1,4,1.06,6,33,33,0,4,37,1.03,pitching,0,0,24,6.35,12,1,0.26,8,1,34.0,0,0,487,.233,.495,102,0,14.32,663158,Robert Suarez,4,1.06,0,1,5,4,2026,0,.262,1.000,3,26,.660,4.33,6.88,323,144,Atlanta Braves,32,2,1.59,0.88,1,1.000,4
26,16,58,.190,0,8,68,1,0,1,.200,0,2,2,1.15,6,14,14,0,2,11,0.69,pitching,2,2,11,6.32,1,2,1.15,7,0,15.2,0,0,288,.309,.637,47,0,18.38,681544,Wyatt Olds,5,2.87,0,0,1,0,2026,0,.328,.800,4,20,.630,2.50,11.49,181,111,Boston Red Sox,19,0,4.60,1.21,2,1.000,2
23,17,50,.160,1,6,59,0,0,1,1.000,0,1,2,1.17,4,10,10,0,1,19,1.12,pitching,0,0,8,4.70,0,1,0.59,4,2,15.1,0,1,238,.237,.477,46,0,15.52,695001,Alimber Santa,6,3.52,0,3,0,0,2026,0,.240,.000,0,9,.620,1.50,5.28,147,117,Houston Astros,12,0,3.52,0.91,0,.000,0
28,49,280,.196,0,23,307,2,0,2,.250,0,8,11,1.27,53,71,71,0,8,83,1.69,pitching,0,0,55,6.35,5,2,0.23,34,5,78.0,1,6,1236,.255,.501,234,0,15.85,686973,Louis Varland,20,2.31,1,3,37,35,2026,0,.246,.750,6,97,.670,4.22,11.19,830,141,Toronto Blue Jays,69,0,2.65,1.00,3,.455,5
22,20,94,.117,0,16,110,0,0,0,.000,0,3,4,1.29,1,18,18,1,1,22,1.10,pitching,0,0,11,3.54,2,1,0.32,9,0,28.0,0,3,469,.245,.426,84,0,16.75,696146,Hagen Smith,5,1.61,0,0,0,0,2026,0,.181,1.000,1,41,.620,2.56,13.18,293,145,Chicago White Sox,17,0,5.14,0.96,2,.500,3
26,7,27,.259,1,3,30,0,0,0,.---,0,1,1,1.35,1,5,5,0,1,8,1.14,pitching,0,0,7,9.45,0,0,0.00,2,0,6.2,0,0,109,.333,.629,20,0,16.35,702153,Brian Fitzpatrick,2,2.70,0,0,0,0,2026,0,.296,.---,0,5,.650,1.67,6.75,71,158,Milwaukee Brewers,8,0,4.05,1.50,0,.---,0
34,9,25,.280,0,4,29,0,0,0,.---,0,2,1,1.35,2,3,3,0,2,6,0.67,pitching,0,0,7,9.45,0,0,0.00,3,0,6.2,1,0,118,.379,.739,20,0,17.70,594835,Marco Gonzales,1,1.35,0,0,1,1,2026,0,.360,.---,0,3,.630,0.75,4.05,74,140,Texas Rangers,9,0,5.40,1.65,0,.---,0
27,4,21,.143,0,2,23,0,0,1,1.000,0,1,1,1.42,2,5,5,0,0,6,1.50,pitching,0,0,3,4.26,0,0,0.00,4,0,6.1,0,0,94,.217,.407,19,0,14.84,665645,Kervin Castro,1,1.42,0,0,0,0,2026,0,.190,.000,0,8,.660,4.00,11.37,62,147,New York Yankees,4,0,2.84,0.79,0,.---,0
27,15,43,.256,0,1,46,0,0,0,.---,0,0,2,1.42,7,10,10,0,4,10,0.67,pitching,0,0,11,7.82,0,1,0.71,1,0,12.2,0,0,194,.267,.593,38,0,15.32,701121,Logan VanWey,3,2.13,1,1,0,0,2026,0,.326,.---,0,9,.690,9.00,6.39,133,117,Houston Astros,14,0,0.71,0.95,0,1.000,1
31,68,218,.161,1,22,244,3,0,2,.500,0,9,10,1.44,52,65,65,0,2,54,0.79,pitching,2,2,35,5.05,2,4,0.58,8,0,62.1,1,2,977,.243,.509,187,0,15.67,641329,Bryan Baker,12,1.73,1,1,44,41,2026,0,.266,.500,2,63,.680,2.86,9.10,664,139,Tampa Bay Rays,58,1,3.18,0.91,0,.667,4
31,21,60,.150,0,2,66,0,0,1,1.000,0,1,3,1.47,3,9,9,1,2,21,1.00,pitching,2,2,9,4.42,2,2,0.98,8,0,18.1,0,0,212,.200,.467,55,0,11.56,678061,Ray Kerr,3,1.47,1,1,0,0,2026,0,.267,.000,0,11,.690,5.50,5.40,146,144,Atlanta Braves,16,0,0.98,0.60,0,.---,0
34,4,21,.143,0,4,25,0,0,0,.---,0,0,1,1.50,1,2,2,0,0,3,0.75,pitching,0,0,3,4.50,0,1,1.50,3,1,6.0,0,0,99,.280,.566,18,0,16.50,605218,Carl Edwards Jr.,1,1.50,0,0,0,0,2026,0,.286,.---,0,11,.630,2.75,16.50,62,121,New York Mets,6,0,6.00,1.17,0,.---,0
23,5,22,.227,1,6,29,0,0,0,.000,0,0,1,1.50,0,5,5,0,1,4,0.80,pitching,1,1,5,7.50,1,0,0.00,0,0,6.0,0,0,123,.414,.641,18,0,20.50,694357,Ricky Tiedemann,1,1.50,0,0,0,0,2026,0,.227,1.000,1,8,.580,1.33,12.00,71,141,Toronto Blue Jays,5,0,9.00,1.83,1,.---,0
32,71,302,.195,0,33,336,4,0,4,.400,0,8,15,1.59,16,62,62,2,9,103,1.45,pitching,1,1,59,6.25,11,7,0.74,27,11,85.0,1,3,1238,.277,.568,255,1,14.56,621112,Paul Blackburn,19,2.01,0,0,5,1,2026,0,.291,.600,6,69,.620,2.09,7.31,767,147,New York Yankees,88,0,3.49,1.08,0,.700,7
26,26,75,.160,0,4,79,1,0,0,.---,0,4,4,1.66,1,21,21,0,1,11,0.42,pitching,0,0,12,4.98,12,1,0.42,12,3,21.2,0,0,294,.203,.483,65,0,13.57,681320,Nate Lavender,4,1.66,0,0,1,0,2026,0,.280,.---,0,26,.690,6.50,10.80,202,121,New York Mets,21,1,1.66,0.74,0,1.000,1
27,38,243,.152,0,26,272,3,0,2,.200,0,3,13,1.67,57,66,66,0,2,40,1.05,pitching,2,2,37,4.76,0,3,0.39,14,3,70.0,1,2,1149,.239,.441,210,0,16.41,695243,Mason Miller,16,2.06,0,1,41,38,2026,0,.202,.800,8,129,.650,4.96,16.59,751,135,San Diego Padres,49,0,3.34,0.90,6,.714,5
30,51,186,.204,0,9,198,4,0,0,.000,0,6,10,1.72,11,54,54,0,4,41,0.80,pitching,0,0,38,6.54,26,3,0.52,6,3,52.1,0,2,743,.239,.524,157,0,14.20,676477,Garrett Whitlock,13,2.24,1,2,8,4,2026,0,.285,1.000,3,59,.710,6.56,10.15,531,111,Boston Red Sox,53,0,1.55,0.90,2,.778,7
35,55,266,.229,0,22,294,4,2,4,.667,0,6,14,1.77,12,74,74,0,6,112,2.04,pitching,2,2,61,7.73,33,2,0.25,8,2,71.0,5,3,1018,.292,.574,213,0,14.34,643511,Tyler Rogers,22,2.79,1,1,8,4,2026,0,.282,.333,2,40,.700,1.82,5.07,710,141,Toronto Blue Jays,75,1,2.79,1.17,0,.400,2
31,71,305,.180,1,26,340,0,0,0,.000,0,13,17,1.79,0,14,14,14,3,87,1.23,pitching,6,6,55,5.78,0,4,0.42,0,0,85.2,0,2,1335,.257,.519,257,0,15.58,660271,Shohei Ohtani,21,2.21,1,2,0,0,2026,0,.262,1.000,3,95,.650,3.65,9.98,862,119,Los Angeles Dodgers,80,0,2.73,0.95,0,.800,8
24,138,610,.157,1,44,665,0,0,1,.333,1,8,35,1.80,0,30,30,30,11,126,0.91,pitching,9,9,96,4.95,0,14,0.72,0,0,174.2,0,5,2647,.224,.470,524,0,15.15,694819,Jacob Misiorowski,43,2.22,1,1,0,0,2026,1,.246,.667,2,252,.680,5.73,12.98,1789,158,Milwaukee Brewers,150,2,2.27,0.80,6,.762,16
28,33,222,.221,0,10,236,2,0,0,.000,0,4,12,1.82,55,61,61,0,2,56,1.70,pitching,4,4,49,7.43,0,2,0.30,1,1,59.1,1,6,947,.267,.542,178,0,15.96,661395,Jhoan Duran,14,2.12,0,0,35,33,2026,0,.275,1.000,6,84,.650,8.40,12.74,618,143,Philadelphia Phillies,61,1,1.52,0.99,3,.250,2
30,74,217,.171,0,36,260,0,0,4,.500,0,8,13,1.83,11,54,54,0,2,43,0.58,pitching,2,2,37,5.20,11,7,0.98,35,9,64.0,3,1,1086,.288,.592,192,0,16.97,673513,Yuki Matsui,14,1.97,0,5,1,1,2026,0,.304,.500,4,68,.620,1.89,9.56,675,135,San Diego Padres,66,0,5.06,1.14,4,.833,5
26,69,242,.186,0,19,265,1,0,0,.000,0,7,14,1.85,2,20,20,8,4,65,0.94,pitching,2,2,45,5.96,2,2,0.26,8,4,68.0,0,2,1004,.249,.497,204,0,14.76,676962,Ben Brown,16,2.12,0,2,2,1,2026,0,.248,1.000,6,65,.650,3.42,8.60,651,112,Chicago Cubs,60,1,2.51,0.94,6,.667,4
30,13,31,.129,0,5,37,0,0,1,.167,0,1,2,1.86,2,9,9,0,0,7,0.54,pitching,0,0,4,3.72,1,1,0.93,2,1,9.2,0,0,162,.243,.501,29,0,16.76,675916,James Karinchak,2,1.86,0,1,0,0,2026,0,.258,.833,5,8,.590,1.60,7.45,96,144,Atlanta Braves,8,0,4.66,0.93,2,.---,0
33,38,153,.203,0,16,173,0,0,3,.231,0,7,9,1.90,0,9,9,9,1,32,0.84,pitching,1,1,31,6.54,0,0,0.00,0,0,42.2,0,1,741,.279,.527,128,1,17.37,605483,Blake Snell,10,2.11,1,2,0,0,2026,0,.248,.769,10,55,.650,3.44,11.60,480,119,Los Angeles Dodgers,38,0,3.38,1.10,1,.800,4
27,57,202,.144,0,35,241,1,0,1,1.000,0,4,13,1.91,13,47,47,1,7,54,0.95,pitching,2,2,29,4.26,6,5,0.73,23,7,61.1,0,0,997,.275,.513,184,1,16.26,669084,DL Hall,13,1.91,1,1,1,0,2026,0,.238,.000,0,64,.610,1.83,9.39,612,158,Milwaukee Brewers,48,0,5.14,1.04,6,1.000,4
29,29,117,.231,0,11,132,0,0,0,.000,0,9,7,1.91,11,21,21,3,6,41,1.41,pitching,1,1,27,7.36,2,1,0.27,9,5,33.0,0,0,466,.298,.648,99,0,14.12,687941,Alec Gamboa,8,2.18,1,2,1,1,2026,0,.350,1.000,1,23,.660,2.09,6.27,307,111,Boston Red Sox,41,1,3.00,1.15,0,1.000,1
38,38,187,.187,0,23,213,2,0,1,.100,0,9,11,1.92,44,53,53,0,3,45,1.18,pitching,1,1,35,6.10,0,3,0.52,2,2,51.2,0,4,841,.280,.574,155,0,16.28,547973,Aroldis Chapman,13,2.26,2,0,37,35,2026,0,.294,.900,9,71,.670,3.09,12.37,561,111,Boston Red Sox,55,1,4.01,1.12,3,.429,3
23,8,33,.152,0,2,36,0,0,0,.---,0,0,2,1.93,1,8,8,0,1,15,1.88,pitching,0,0,5,4.82,1,1,0.96,5,3,9.1,0,2,126,.194,.436,28,0,13.50,801725,Luis De León,3,2.89,0,1,0,0,2026,0,.242,.---,0,6,.680,3.00,5.79,86,110,Baltimore Orioles,8,0,1.93,0.75,0,.000,0
26,35,173,.156,0,11,192,0,0,0,.---,0,4,11,1.93,15,57,57,0,8,52,1.49,pitching,7,7,27,4.73,18,3,0.53,27,3,51.1,1,1,706,.236,.467,154,0,13.75,805299,Brandyn Garcia,12,2.10,1,0,5,5,2026,0,.231,.---,0,60,.650,5.45,10.52,458,109,Arizona Diamondbacks,40,0,1.93,0.74,1,.000,0
27,64,263,.183,0,23,295,5,0,0,.000,0,10,16,1.95,60,69,69,0,6,49,0.77,pitching,4,4,48,5.84,1,5,0.61,23,4,74.0,1,1,1238,.255,.533,222,0,16.73,671922,Cade Smith,20,2.43,1,4,46,41,2026,0,.278,1.000,3,107,.660,4.65,13.01,822,114,Cleveland Guardians,73,0,2.80,0.96,6,.857,6
25,176,696,.185,0,49,761,0,2,2,.250,0,26,42,1.95,0,33,33,33,10,160,0.91,pitching,6,6,129,5.99,0,16,0.74,0,0,193.2,0,6,3041,.244,.544,581,0,15.70,693645,Cam Schlittler,52,2.42,4,4,0,0,2026,0,.300,.750,6,239,.670,4.88,11.11,2033,147,New York Yankees,209,3,2.28,0.92,0,.700,14
26,42,211,.199,0,19,234,2,0,0,.000,0,4,13,1.97,17,61,61,0,8,68,1.62,pitching,1,1,42,6.37,23,3,0.46,23,8,59.1,2,3,918,.267,.528,178,1,15.47,682842,Abner Uribe,13,1.97,2,1,8,6,2026,0,.261,1.000,1,62,.640,3.26,9.40,589,158,Milwaukee Brewers,55,0,2.88,1.03,2,.667,6
34,52,144,.174,0,6,152,1,0,1,.500,0,4,9,1.98,6,42,42,0,1,24,0.46,pitching,0,0,25,5.49,13,5,1.10,18,2,41.0,0,0,573,.204,.510,123,0,13.98,592155,Cam Booser,10,2.20,0,2,1,0,2026,0,.306,.500,1,45,.690,7.50,9.88,394,139,Tampa Bay Rays,44,0,1.32,0.76,1,1.000,1
24,10,43,.116,0,10,55,0,0,2,.400,0,0,3,2.03,3,15,15,0,0,11,1.10,pitching,1,1,5,3.38,2,0,0.00,4,1,13.1,0,1,232,.291,.454,40,0,17.40,679885,Justin Martinez,5,3.37,0,1,0,0,2026,0,.163,.600,3,18,.560,1.80,12.15,131,109,Arizona Diamondbacks,7,1,6.75,1.13,1,.750,3
28,25,84,.238,0,8,94,0,0,0,.000,0,1,5,2.05,3,16,16,0,2,24,0.96,pitching,0,0,20,8.18,0,4,1.64,12,1,22.0,1,0,358,.304,.697,66,0,16.27,660787,Yerry De los Santos,9,3.68,2,0,0,0,2026,0,.393,1.000,2,17,.660,2.13,6.95,235,147,New York Yankees,33,0,3.27,1.27,0,1.000,1
26,7,14,.214,0,0,17,0,0,0,.---,0,1,1,2.08,3,4,4,0,0,6,0.86,pitching,1,1,3,6.23,0,0,0.00,5,2,4.1,0,0,53,.267,.553,13,0,12.23,686228,Juan Burgos,1,2.08,2,0,0,0,2026,0,.286,.---,0,0,.660,-.--,0.00,35,109,Arizona Diamondbacks,4,0,0.00,0.69,0,.---,0
31,31,112,.214,0,12,126,1,0,1,.500,0,4,7,2.08,5,31,31,0,3,29,0.94,pitching,1,1,24,7.12,4,2,0.59,23,8,30.1,2,0,505,.294,.598,91,0,16.65,677020,Josh Walker,9,2.67,0,1,2,1,2026,0,.304,.500,1,29,.640,2.42,8.60,321,110,Baltimore Orioles,34,0,3.56,1.19,0,1.000,1
29,39,104,.163,0,7,112,1,0,2,.667,0,2,7,2.12,7,24,24,0,1,18,0.46,pitching,1,1,17,5.16,6,3,0.91,10,3,29.2,0,0,463,.223,.492,89,0,15.61,650960,Daniel Duarte,8,2.43,0,0,3,2,2026,0,.269,.333,1,30,.690,4.29,9.10,321,121,New York Mets,28,0,2.12,0.81,2,1.000,2
30,75,245,.143,0,23,271,4,0,1,.250,0,14,17,2.13,43,58,58,1,2,55,0.73,pitching,0,0,35,4.38,3,6,0.75,21,8,72.0,7,4,1128,.215,.488,216,0,15.67,656641,Jacob Latz,19,2.38,1,2,34,30,2026,0,.273,.750,3,83,.670,3.61,10.38,752,140,Texas Rangers,67,0,2.88,0.81,3,.429,3
34,91,237,.190,0,14,261,1,0,2,.250,0,7,16,2.13,1,68,68,1,3,39,0.43,pitching,4,4,45,5.99,21,7,0.93,36,10,67.2,0,2,1050,.244,.569,203,2,15.52,595345,Steven Okert,17,2.26,3,3,1,0,2026,0,.325,.750,6,68,.660,4.86,9.04,697,117,Houston Astros,77,2,1.86,0.87,1,.750,6
28,12,45,.222,0,4,50,0,0,0,.---,0,2,3,2.13,5,7,7,0,1,10,0.83,pitching,0,0,10,7.11,0,0,0.00,2,0,12.2,0,0,205,.286,.553,38,1,16.18,674073,Jack Weisenburger,3,2.13,1,0,0,0,2026,0,.267,.---,0,14,.660,3.50,9.95,135,121,New York Mets,12,0,2.84,1.11,0,.---,0
37,141,599,.215,1,31,648,0,0,3,.273,1,22,39,2.16,0,27,27,27,13,132,0.94,pitching,15,15,129,7.14,0,10,0.55,0,0,162.2,0,9,2574,.270,.576,488,1,15.82,519242,Chris Sale,44,2.43,1,2,0,0,2026,1,.306,.727,8,200,.680,6.45,11.07,1752,144,Atlanta Braves,183,1,1.72,0.98,0,.609,14
24,8,28,.179,0,6,35,0,0,1,.250,0,1,2,2.16,2,4,4,0,1,9,1.13,pitching,0,0,5,5.40,0,1,1.08,2,2,8.1,0,1,148,.314,.707,25,0,17.76,804619,John Klein,4,4.32,0,1,0,0,2026,0,.393,.750,3,7,.640,1.17,7.56,95,141,Toronto Blue Jays,11,1,6.48,1.32,0,.000,0
28,10,28,.179,0,2,31,0,0,0,.---,0,0,2,2.16,2,8,8,1,1,4,0.40,pitching,0,0,5,5.40,0,1,1.08,1,0,8.1,0,0,118,.233,.519,25,0,14.16,702303,Riley Martin,2,2.16,1,0,0,0,2026,0,.286,.---,0,10,.690,5.00,10.80,82,112,Chicago Cubs,8,0,2.16,0.84,0,.---,0
24,23,55,.127,0,5,62,0,0,0,.000,0,2,4,2.16,3,11,11,2,2,9,0.39,pitching,2,2,7,3.78,0,2,1.08,0,0,16.2,0,0,236,.226,.499,50,0,14.16,699044,Miguel Ullola,4,2.16,0,0,0,0,2026,0,.273,1.000,1,16,.650,3.20,8.64,153,117,Houston Astros,15,0,2.70,0.72,0,1.000,2
28,78,294,.231,0,27,326,2,0,0,.000,0,12,19,2.18,7,81,81,0,4,55,0.71,pitching,0,0,68,7.81,29,5,0.57,54,8,78.1,1,4,1282,.295,.659,235,0,16.37,687396,Brent Headrick,20,2.30,4,1,2,0,2026,0,.364,1.000,2,98,.670,3.63,11.26,860,147,New York Yankees,107,6,3.10,1.21,3,.636,7
26,13,45,.222,0,3,48,0,0,0,.---,0,2,3,2.19,5,7,7,0,1,10,0.77,pitching,0,0,10,7.30,0,1,0.73,3,0,12.1,0,0,180,.271,.604,37,0,14.59,681252,Jack Anderson,3,2.19,0,0,1,1,2026,0,.333,.---,0,12,.680,4.00,8.76,122,142,Minnesota Twins,15,0,2.19,1.05,0,1.000,1
22,65,278,.212,1,20,301,5,0,0,.000,0,14,18,2.19,8,68,68,4,5,76,1.17,pitching,0,0,59,7.18,17,6,0.73,28,15,74.0,1,3,1183,.264,.606,222,0,15.99,699134,Bradgley Rodriguez,25,3.04,2,1,7,2,2026,0,.342,1.000,3,81,.670,4.05,9.85,798,135,San Diego Padres,95,2,2.43,1.07,0,.571,4
27,54,232,.194,0,23,264,5,0,0,.000,0,9,16,2.24,17,70,70,0,3,63,1.17,pitching,5,5,45,6.30,19,3,0.42,26,6,64.1,1,4,1041,.278,.558,193,0,16.18,666661,Juan Morillo,18,2.52,1,3,8,3,2026,0,.280,1.000,2,74,.650,3.22,10.35,674,109,Arizona Diamondbacks,65,1,3.22,1.06,4,.556,5
27,8,13,.231,0,1,15,0,0,0,.---,0,1,1,2.25,4,4,4,0,1,2,0.25,pitching,0,0,3,6.75,0,0,0.00,0,0,4.0,0,0,56,.267,.575,12,0,14.00,671109,Jake Eder,1,2.25,0,1,0,0,2026,0,.308,.---,0,1,.640,1.00,2.25,36,119,Los Angeles Dodgers,4,0,2.25,1.00,0,1.000,1
30,7,15,.200,0,2,18,0,0,0,.000,0,0,1,2.25,3,3,3,0,0,3,0.43,pitching,0,0,3,6.75,0,1,2.25,0,0,4.0,0,0,71,.278,.678,12,0,17.75,642759,Julian Fernández,3,6.75,0,1,0,0,2026,0,.400,1.000,1,3,.560,1.50,6.75,40,120,Washington Nationals,6,0,4.50,1.25,1,.---,0
31,16,46,.217,0,6,53,0,0,0,.000,0,0,3,2.25,3,5,5,0,0,7,0.44,pitching,1,1,10,7.50,0,3,2.25,0,0,12.0,1,0,217,.321,.734,36,0,18.08,622694,Elieser Hernández,3,2.25,0,0,1,1,2026,0,.413,1.000,1,13,.640,2.17,9.75,138,144,Atlanta Braves,19,0,4.50,1.33,1,1.000,2
24,65,303,.198,0,30,336,7,0,0,.000,0,11,21,2.25,21,60,60,4,6,74,1.14,pitching,1,1,60,6.43,11,7,0.75,26,6,84.0,0,3,1333,.271,.575,252,0,15.87,691799,Grant Taylor,27,2.89,0,2,17,10,2026,0,.304,1.000,3,106,.670,3.53,11.36,887,145,Chicago White Sox,92,0,3.21,1.07,4,.700,7
29,80,267,.202,0,40,314,1,0,4,.333,0,12,19,2.30,11,77,77,0,6,62,0.78,pitching,4,4,54,6.54,23,5,0.61,32,7,74.1,6,5,1180,.314,.632,223,0,15.87,656271,Brock Burke,32,3.87,2,1,3,2,2026,0,.318,.667,8,74,.630,1.85,8.96,738,113,Cincinnati Reds,85,2,4.84,1.26,2,.545,6
32,26,92,.283,0,15,108,1,0,1,.500,0,5,6,2.31,6,24,24,0,2,16,0.62,pitching,0,0,26,10.03,5,0,0.00,8,4,23.1,1,1,473,.380,.717,70,0,20.27,621016,Jose Cuas,7,2.70,0,1,1,0,2026,0,.337,.500,1,25,.600,1.67,9.64,286,118,Kansas City Royals,31,0,5.79,1.76,2,.000,0
27,14,87,.230,0,7,94,0,0,0,.000,0,5,6,2.31,7,22,22,0,4,26,1.86,pitching,0,0,20,7.71,5,1,0.39,6,2,23.1,0,1,368,.287,.632,70,0,15.77,805345,Trent Harris,7,2.70,0,0,2,2,2026,0,.345,1.000,1,27,.660,3.86,10.41,243,137,San Francisco Giants,30,1,2.70,1.16,1,.000,0
26,9,29,.241,0,5,34,0,0,1,.250,0,0,2,2.35,2,4,4,0,0,5,0.56,pitching,0,0,7,8.22,0,0,0.00,0,0,7.2,0,0,124,.353,.594,23,0,16.17,801434,Paul Gervase,2,2.35,0,0,0,0,2026,0,.241,.750,3,8,.600,1.60,9.39,75,119,Los Angeles Dodgers,7,0,5.87,1.57,0,.---,0
31,100,251,.187,0,18,277,0,0,3,.600,0,10,19,2.38,19,57,57,0,3,38,0.38,pitching,2,2,47,5.88,15,8,1.00,18,3,72.0,1,2,1068,.244,.575,216,1,14.83,669330,Tyler Wells,23,2.88,2,4,6,6,2026,0,.331,.400,2,72,.680,4.00,9.00,730,139,Tampa Bay Rays,83,1,2.25,0.90,2,.714,5
29,11,42,.238,0,4,48,0,0,1,1.000,0,3,3,2.38,5,11,11,0,2,16,1.45,pitching,2,2,10,7.94,1,0,0.00,2,0,11.1,0,0,169,.333,.643,34,0,14.91,666711,Joel Peguero,5,3.97,0,0,0,0,2026,0,.310,.000,0,5,.680,1.25,3.97,115,137,San Francisco Giants,13,0,3.18,1.24,1,.---,0
30,132,599,.180,1,78,685,0,0,6,.154,1,21,45,2.40,0,29,29,29,9,125,0.95,pitching,3,3,108,5.75,0,11,0.59,0,0,169.0,0,6,2895,.276,.546,507,0,17.13,656302,Dylan Cease,54,2.88,1,4,0,0,2026,1,.270,.846,33,239,.620,3.06,12.73,1788,141,Toronto Blue Jays,162,0,4.15,1.10,5,.647,11
30,19,62,.210,0,9,71,1,0,0,.000,0,2,5,2.41,1,20,20,0,7,19,1.00,pitching,0,0,13,6.27,5,1,0.48,9,0,18.2,0,1,287,.310,.600,56,0,15.38,676395,Robert Garcia,7,3.37,0,0,1,0,2026,0,.290,1.000,3,11,.620,1.22,5.30,179,140,Texas Rangers,18,0,4.34,1.18,0,.667,2
31,55,242,.231,0,13,261,4,0,0,.000,0,11,18,2.42,17,67,67,0,8,88,1.60,pitching,1,1,56,7.52,10,3,0.40,25,4,67.0,3,3,962,.270,.592,201,0,14.36,642528,Jonathan Loáisiga,20,2.69,2,3,6,2,2026,0,.322,1.000,5,48,.670,3.69,6.45,646,109,Arizona Diamondbacks,78,1,1.75,1.03,0,.700,7
28,58,263,.209,0,11,279,3,0,3,.300,0,9,20,2.44,14,71,71,0,9,89,1.53,pitching,3,3,55,6.72,33,6,0.73,49,11,73.2,3,4,987,.248,.567,221,0,13.40,687330,Kevin Kelly,23,2.81,1,1,7,4,2026,0,.319,.700,7,63,.680,5.73,7.70,668,139,Tampa Bay Rays,84,1,1.34,0.90,1,.600,6
32,2,15,.267,0,2,17,0,0,0,.---,0,1,1,2.45,0,1,1,1,0,2,1.00,pitching,0,0,4,9.82,0,1,2.45,0,0,3.2,0,0,74,.353,.886,11,0,20.18,621107,Zach Eflin,1,2.45,0,0,0,0,2026,0,.533,.---,0,7,.590,3.50,17.18,44,110,Baltimore Orioles,8,0,4.91,1.64,0,.---,0
21,72,269,.223,0,21,297,6,0,0,.000,0,8,20,2.45,12,58,58,1,5,50,0.69,pitching,2,2,60,7.36,18,6,0.74,32,7,73.1,2,2,1231,.281,.608,220,1,16.79,800311,Didier Fuentes,21,2.58,2,3,9,3,2026,0,.327,1.000,6,92,.670,4.38,11.29,823,144,Atlanta Braves,88,1,2.58,1.10,0,.778,7
28,24,54,.204,0,9,64,0,0,1,1.000,0,3,4,2.45,3,15,15,0,0,6,0.25,pitching,1,1,11,6.75,1,2,1.23,4,1,14.2,0,0,259,.328,.698,44,0,17.66,668970,Gavin Hollowell,5,3.07,0,0,1,1,2026,0,.370,.000,0,13,.620,1.44,7.98,160,112,Chicago Cubs,20,0,5.52,1.36,2,.---,0
24,5,24,.167,0,2,26,0,0,0,.---,0,0,2,2.45,0,2,2,2,2,11,2.20,pitching,0,0,4,4.91,0,1,1.23,0,0,7.1,0,0,92,.231,.523,22,0,12.55,690990,Cade Horton,2,2.45,0,0,0,0,2026,0,.292,.---,0,4,.660,2.00,4.91,61,112,Chicago Cubs,7,0,2.45,0.82,0,1.000,1
27,10,38,.158,1,4,46,0,0,0,.000,0,3,3,2.45,5,11,11,0,0,15,1.50,pitching,3,3,6,4.91,5,0,0.00,6,1,11.0,0,0,167,.283,.520,33,0,15.18,695378,Jack Sinclair,3,2.45,0,1,1,1,2026,0,.237,1.000,1,8,.610,2.00,6.55,102,120,Washington Nationals,9,0,3.27,0.91,0,1.000,1
25,10,42,.190,0,2,45,0,0,0,.000,0,3,3,2.45,3,8,8,1,0,17,1.70,pitching,1,1,8,6.55,1,1,0.82,8,3,11.0,0,1,168,.244,.577,33,0,15.27,678868,Eddy Yean,3,2.45,0,0,0,0,2026,0,.333,1.000,1,7,.630,3.50,5.73,106,120,Washington Nationals,14,0,1.64,0.91,1,.000,0
31,58,254,.205,0,20,280,4,0,0,.000,0,8,19,2.47,56,64,64,0,6,72,1.24,pitching,2,2,52,6.75,0,4,0.52,19,3,69.1,2,3,1154,.264,.563,208,0,16.64,670280,David Bednar,25,3.25,0,4,39,35,2026,0,.299,1.000,6,76,.670,3.80,9.87,774,147,New York Yankees,76,2,2.60,1.04,2,.700,7
24,113,350,.183,0,19,371,0,0,3,.600,0,14,27,2.47,0,18,18,18,5,64,0.57,pitching,1,1,64,5.86,0,14,1.28,0,0,98.1,0,3,1505,.227,.576,295,0,15.31,701656,Logan Henderson,28,2.56,1,0,0,0,2026,0,.349,.400,2,110,.680,5.79,10.07,1028,158,Milwaukee Brewers,122,1,1.74,0.84,1,.786,11
32,46,159,.157,0,18,183,1,0,0,.000,0,1,13,2.49,11,35,35,1,4,57,1.24,pitching,2,2,25,4.79,5,6,1.15,9,2,47.0,0,2,672,.250,.539,141,0,14.30,621097,Jacob Waguespack,14,2.68,3,1,1,0,2026,0,.289,1.000,5,35,.640,1.94,6.70,430,116,Detroit Tigers,46,1,3.45,0.91,2,.500,2
27,166,655,.182,0,42,708,0,0,4,.400,1,21,52,2.53,0,28,28,28,11,192,1.16,pitching,7,7,119,5.79,0,20,0.97,0,0,185.0,1,9,2734,.237,.545,555,2,14.78,808967,Yoshinobu Yamamoto,55,2.68,0,4,0,0,2026,0,.308,.600,6,182,.660,4.33,8.85,1806,119,Los Angeles Dodgers,202,1,2.04,0.87,2,.609,14
33,21,75,.200,0,7,87,3,0,0,.000,0,2,6,2.53,1,28,28,0,1,15,0.71,pitching,3,3,15,6.33,11,1,0.42,21,4,21.1,0,1,343,.291,.558,64,0,16.08,642048,Tayler Saucedo,6,2.53,1,1,3,0,2026,0,.267,1.000,1,26,.620,3.71,10.97,212,108,Los Angeles Angels,20,0,2.95,1.03,1,.500,1
28,64,176,.176,0,14,194,0,0,0,.000,0,8,14,2.54,7,48,48,0,3,29,0.45,pitching,3,3,31,5.62,14,7,1.27,23,4,49.2,1,1,779,.249,.590,149,0,15.68,689266,Dylan Dodd,14,2.54,1,0,2,2,2026,0,.341,1.000,2,53,.650,3.79,9.60,507,144,Atlanta Braves,60,0,2.54,0.91,1,.800,4
30,23,73,.301,0,3,79,0,0,0,.000,0,4,5,2.55,7,18,18,0,0,15,0.65,pitching,0,0,22,11.21,3,3,1.53,8,5,17.2,3,1,284,.325,.804,53,0,16.08,676620,Blake Weiman,8,4.08,2,1,0,0,2026,0,.479,1.000,3,16,.700,5.33,8.15,198,108,Los Angeles Angels,35,0,1.53,1.42,1,.500,1
36,60,221,.217,1,17,239,3,0,1,.500,0,8,17,2.55,49,59,59,0,7,49,0.82,pitching,1,1,48,7.20,0,6,0.90,4,1,60.0,1,2,911,.276,.620,180,0,15.18,628452,Raisel Iglesias,21,3.15,0,0,37,34,2026,0,.344,.500,1,64,.700,3.76,9.60,636,144,Atlanta Braves,76,1,2.55,1.08,0,.333,1
25,177,688,.217,1,49,747,0,0,0,.000,0,32,53,2.56,0,32,32,32,8,175,0.99,pitching,4,4,149,7.20,0,17,0.82,0,0,186.1,2,9,2948,.272,.624,559,2,15.82,800048,Parker Messick,57,2.75,3,3,0,0,2026,0,.352,1.000,2,193,.640,3.94,9.32,1891,114,Cleveland Guardians,242,5,2.37,1.06,6,.571,12
32,57,176,.227,0,8,186,2,0,1,.077,0,5,13,2.56,10,48,48,0,1,39,0.68,pitching,1,1,40,7.88,11,9,1.77,15,4,45.2,1,2,677,.265,.697,137,0,14.82,621345,A.J. Minter,16,3.15,1,0,3,1,2026,0,.432,.923,12,41,.650,5.13,8.08,441,142,Minnesota Twins,76,2,1.58,1.05,0,.500,2
26,5,25,.160,0,2,27,0,0,0,.---,0,0,2,2.57,2,2,2,0,1,8,1.60,pitching,0,0,4,5.14,0,2,2.57,0,0,7.0,0,1,105,.222,.622,21,0,15.00,804926,Austin Peterson,2,2.57,0,0,0,0,2026,0,.400,.---,0,8,.620,4.00,10.29,65,114,Cleveland Guardians,10,0,2.57,0.86,0,.000,0
28,57,166,.157,0,31,203,2,0,0,.000,0,5,14,2.61,5,60,60,0,0,11,0.19,pitching,2,2,26,4.84,28,3,0.56,36,11,48.1,2,2,825,.292,.557,145,0,17.07,681870,Erik Sabrowski,17,3.17,1,3,3,1,2026,0,.265,1.000,3,76,.630,2.45,14.15,518,114,Cleveland Guardians,44,2,5.77,1.18,5,.714,5
34,40,129,.233,0,10,142,0,0,0,.000,0,5,10,2.62,5,38,38,0,3,37,0.93,pitching,3,3,30,7.86,18,5,1.31,8,0,34.1,0,2,583,.303,.691,103,0,16.98,592094,Jason Adam,10,2.62,0,0,2,2,2026,0,.388,1.000,3,22,.650,2.20,5.77,381,135,San Diego Padres,50,0,2.62,1.17,0,.500,2
31,35,124,.169,0,12,140,2,0,0,.000,0,4,10,2.62,6,35,35,0,1,28,0.80,pitching,3,3,21,5.50,8,1,0.26,18,6,34.1,1,1,539,.257,.483,103,0,15.70,669622,Anthony Bender,10,2.62,0,1,4,2,2026,0,.226,1.000,9,41,.670,3.42,10.75,363,146,Miami Marlins,28,0,3.15,0.96,3,.500,1
32,77,221,.181,0,15,242,3,0,0,.000,0,9,18,2.63,41,63,63,0,0,40,0.52,pitching,1,1,40,5.84,7,1,0.15,3,1,61.2,3,3,874,.233,.468,185,1,14.17,656730,Trevor Megill,20,2.92,2,3,33,30,2026,0,.235,1.000,8,69,.700,4.60,10.07,615,158,Milwaukee Brewers,52,0,2.19,0.89,3,.500,3
30,69,204,.147,1,32,237,2,0,1,.167,0,6,17,2.64,9,72,72,0,0,32,0.46,pitching,0,0,30,4.66,20,4,0.62,36,9,58.0,3,1,1011,.262,.507,174,0,17.43,681911,Alex Vesia,18,2.79,0,1,5,3,2026,0,.245,.833,5,74,.640,2.31,11.48,646,119,Los Angeles Dodgers,50,1,4.97,1.07,0,.750,3
27,21,77,.286,0,8,90,0,0,1,.500,0,2,6,2.66,6,20,20,1,1,20,0.95,pitching,2,2,22,9.74,1,1,0.44,7,1,20.1,0,3,314,.364,.715,61,0,15.44,701719,Tyler Samaniego,8,3.54,2,1,0,0,2026,0,.351,.500,1,17,.620,2.13,7.52,195,111,Boston Red Sox,27,0,3.54,1.48,0,.000,0
26,84,279,.190,1,36,326,2,1,1,.100,0,16,24,2.67,17,62,62,1,8,86,1.02,pitching,3,3,53,5.89,7,5,0.56,42,12,81.0,3,2,1222,.284,.585,243,0,15.09,700669,Gordon Graceffo,28,3.11,1,6,3,1,2026,0,.301,.900,9,63,.610,1.75,7.00,742,138,St. Louis Cardinals,84,0,4.00,1.10,2,.800,8
33,95,294,.173,0,38,340,0,0,1,.111,0,12,25,2.67,0,16,16,16,3,63,0.66,pitching,2,2,51,5.44,0,7,0.75,0,0,84.1,0,3,1438,.269,.555,253,0,17.05,607074,Carlos Rodón,30,3.20,2,4,0,0,2026,0,.286,.889,8,91,.620,2.39,9.71,886,147,New York Yankees,84,0,4.06,1.06,3,.700,7
30,167,627,.199,0,32,669,0,0,6,.207,0,18,51,2.67,0,30,30,30,8,164,0.98,pitching,7,7,125,6.54,0,14,0.73,0,0,172.0,0,5,2660,.245,.543,516,0,15.47,656876,Drew Rasmussen,53,2.77,0,3,0,0,2026,0,.298,.793,23,174,.670,5.44,9.10,1776,139,Tampa Bay Rays,187,1,1.67,0.91,3,.762,16
27,109,410,.207,0,41,462,0,0,6,.462,0,17,33,2.68,0,20,20,20,5,99,0.91,pitching,7,7,85,6.89,0,11,0.89,0,0,111.0,0,1,1789,.289,.628,333,0,16.12,676974,Max Meyer,39,3.16,1,3,0,0,2026,0,.339,.538,7,121,.640,2.95,9.81,1143,146,Miami Marlins,139,2,3.32,1.14,5,.900,9
32,66,216,.194,0,16,238,4,0,0,.---,0,8,18,2.69,6,60,60,0,5,46,0.70,pitching,3,3,42,6.27,24,5,0.75,16,5,60.1,1,1,903,.257,.567,181,1,14.97,596133,Luke Weaver,19,2.83,1,2,5,1,2026,0,.310,.---,0,65,.670,4.06,9.70,608,134,Pittsburgh Pirates,67,1,2.39,0.96,0,.800,4
31,58,232,.207,0,15,251,4,0,0,.000,0,15,19,2.69,35,69,69,0,3,47,0.81,pitching,1,1,48,6.79,13,4,0.57,25,7,63.2,4,6,963,.257,.580,191,0,15.13,656945,Tanner Scott,20,2.83,2,1,29,25,2026,0,.323,1.000,3,82,.710,5.47,11.59,679,119,Los Angeles Dodgers,75,0,2.12,0.99,1,.143,1
30,11,29,.310,0,5,34,0,0,0,.000,0,2,2,2.70,1,8,8,0,1,9,0.82,pitching,0,0,9,12.15,2,0,0.00,7,5,6.2,0,0,139,.412,.791,20,0,20.85,656786,Parker Mushinski,2,2.70,0,0,0,0,2026,0,.379,1.000,1,0,.600,0.00,0.00,84,115,Colorado Rockies,11,0,6.75,2.10,1,1.000,1
29,40,131,.206,0,21,153,2,0,0,.000,0,7,11,2.70,5,35,35,11,5,39,0.98,pitching,1,1,27,6.63,7,4,0.98,16,8,36.2,1,0,635,.320,.671,110,1,17.32,676571,PJ Poulin,12,2.95,0,0,5,3,2026,0,.351,1.000,3,25,.600,1.19,6.14,382,120,Washington Nationals,46,0,5.15,1.31,1,1.000,3
29,2,25,.240,0,8,35,0,0,0,.000,0,3,2,2.70,0,6,6,0,1,8,4.00,pitching,1,1,6,8.10,2,1,1.35,2,2,6.2,1,0,138,.441,.921,20,0,20.70,655889,Manuel Rodríguez,3,4.05,1,0,0,0,2026,0,.480,1.000,2,10,.580,1.25,13.50,80,139,Tampa Bay Rays,12,0,10.80,2.10,1,.---,0
34,20,93,.183,0,10,103,0,0,1,.500,0,3,8,2.70,6,28,28,1,5,31,1.55,pitching,0,0,17,5.74,9,3,1.01,9,2,26.2,2,2,382,.262,.595,80,0,14.33,592779,Brock Stewart,10,3.37,0,0,1,1,2026,0,.333,.500,1,25,.650,2.50,8.44,250,119,Los Angeles Dodgers,31,1,3.38,1.01,0,.333,1
36,169,627,.236,1,46,683,0,0,3,.143,0,35,51,2.72,0,29,29,29,14,166,0.98,pitching,5,5,148,7.88,0,16,0.85,0,0,169.0,0,5,2474,.292,.664,507,1,14.64,543243,Sonny Gray,52,2.77,2,3,0,0,2026,0,.372,.857,18,149,.640,3.24,7.93,1589,111,Boston Red Sox,233,1,2.45,1.15,1,.783,18
29,130,581,.217,0,27,620,0,0,1,.111,0,25,48,2.72,0,26,26,26,17,146,1.12,pitching,5,5,126,7.15,0,14,0.79,0,0,158.2,0,7,2356,.257,.600,476,1,14.85,669373,Tarik Skubal,52,2.95,6,1,0,0,2026,0,.343,.889,8,186,.680,6.89,10.55,1611,119,Los Angeles Dodgers,199,3,1.53,0.96,1,.632,12
25,85,360,.222,0,25,388,0,0,4,.267,0,10,29,2.73,9,49,49,8,2,104,1.22,pitching,1,1,80,7.53,4,5,0.47,20,4,95.2,1,2,1503,.274,.571,287,0,15.71,693686,Spencer Miles,31,2.92,1,1,2,2,2026,0,.297,.733,11,93,.660,3.72,8.75,998,141,Toronto Blue Jays,107,1,2.35,1.10,1,.750,6
30,47,189,.185,0,20,222,1,0,1,.200,0,6,16,2.73,9,54,54,0,2,60,1.28,pitching,10,10,35,5.98,11,1,0.17,26,6,52.2,1,4,860,.294,.537,158,0,16.33,670059,Colin Holderman,18,3.08,1,2,2,1,2026,0,.243,.800,4,50,.610,2.50,8.54,527,114,Cleveland Guardians,46,1,3.42,1.04,2,.600,6
30,60,274,.259,0,19,301,2,0,2,1.000,0,10,22,2.75,10,67,67,3,8,90,1.50,pitching,6,6,71,8.88,15,8,1.00,30,6,72.0,0,5,1130,.321,.712,216,1,15.69,663947,Tyler Holton,27,3.38,2,0,4,2,2026,0,.391,.000,0,55,.640,2.89,6.88,723,116,Detroit Tigers,107,1,2.38,1.25,3,.286,2
25,131,423,.217,0,37,470,0,0,2,.286,0,23,35,2.76,0,20,20,20,9,109,0.83,pitching,7,7,92,7.24,0,13,1.02,0,0,114.1,0,5,1773,.290,.664,343,2,15.51,675512,Troy Melton,41,3.23,1,2,0,0,2026,0,.374,.714,5,94,.640,2.54,7.40,1136,116,Detroit Tigers,158,2,2.91,1.13,3,.615,8
25,17,58,.241,0,8,68,0,0,0,.000,0,1,5,2.76,7,16,16,0,3,18,1.06,pitching,1,1,14,7.71,0,3,1.65,3,0,16.1,0,1,282,.338,.752,49,0,17.27,687239,Ben Peoples,5,2.76,0,1,0,0,2026,0,.414,1.000,3,10,.650,1.25,5.51,182,140,Texas Rangers,24,0,4.41,1.35,0,.000,0
32,107,394,.201,1,33,434,0,0,1,.200,0,13,35,2.80,0,20,20,20,13,109,1.02,pitching,2,2,79,6.31,0,4,0.32,0,0,112.2,0,5,1696,.264,.538,338,3,15.05,608331,Max Fried,35,2.80,2,3,0,0,2026,0,.274,.800,4,104,.630,3.15,8.31,1072,147,New York Yankees,108,2,2.64,0.99,2,.500,5
34,71,239,.247,0,15,267,5,1,1,.100,0,15,20,2.81,11,74,74,2,3,67,0.94,pitching,5,5,59,8.30,14,5,0.70,49,12,64.0,1,3,1001,.302,.683,192,3,15.64,657514,Brennan Bernardino,25,3.52,4,3,7,2,2026,0,.381,.900,9,49,.630,3.27,6.89,626,115,Colorado Rockies,91,1,2.11,1.16,1,.571,4
27,55,317,.205,1,28,352,5,0,4,.222,0,9,27,2.83,9,76,76,0,6,92,1.67,pitching,5,5,65,6.80,28,4,0.42,39,10,86.0,7,3,1318,.278,.549,258,1,15.33,670970,Adrian Morejon,32,3.35,0,2,8,3,2026,0,.271,.778,14,107,.680,3.82,11.20,898,135,San Diego Padres,86,0,2.93,1.08,2,.750,9
25,17,71,.211,0,7,79,1,0,0,.000,0,2,6,2.84,3,19,19,0,1,20,1.18,pitching,0,0,15,7.11,5,2,0.95,4,1,19.0,0,1,312,.282,.606,57,0,16.42,686934,Alex McFarlane,8,3.79,1,0,1,0,2026,0,.324,1.000,2,20,.650,2.86,9.47,202,143,Philadelphia Phillies,23,0,3.32,1.16,0,.800,4
24,55,209,.177,1,25,242,1,0,2,.400,0,8,19,2.85,9,61,61,1,6,48,0.87,pitching,6,6,37,5.55,11,1,0.15,14,4,60.0,0,1,968,.283,.522,180,1,16.13,683618,Edgardo Henriquez,25,3.75,2,0,3,2,2026,0,.239,.600,3,71,.630,2.84,10.65,612,119,Los Angeles Dodgers,50,1,3.75,1.03,4,.800,4
28,132,660,.214,1,52,730,0,0,7,.350,1,29,57,2.86,0,30,30,29,8,173,1.31,pitching,11,11,141,7.06,0,15,0.75,0,0,179.2,0,5,2864,.281,.610,539,1,15.94,666200,Jesús Luzardo,65,3.26,4,3,0,0,2026,1,.329,.650,13,221,.650,4.25,11.07,1850,143,Philadelphia Phillies,217,1,2.60,1.07,8,.737,14
33,40,131,.206,0,8,140,0,0,0,.000,0,6,11,2.86,0,8,8,8,0,22,0.55,pitching,1,1,27,7.01,0,2,0.52,0,0,34.2,0,2,578,.257,.555,104,0,16.67,601713,Nick Pivetta,11,2.86,0,0,0,0,2026,0,.298,1.000,1,42,.660,5.25,10.90,382,135,San Diego Padres,39,0,2.08,1.01,1,.600,3
23,158,570,.218,0,56,630,0,1,7,.241,0,24,49,2.86,0,29,29,29,8,105,0.66,pitching,1,1,124,7.23,0,17,0.99,0,0,154.1,0,3,2569,.288,.648,463,2,16.65,695505,Chase Burns,54,3.15,0,2,0,0,2026,0,.360,.759,22,185,.630,3.30,10.79,1620,113,Cincinnati Reds,205,3,3.27,1.17,5,.833,15
31,63,304,.188,0,44,362,2,0,3,.429,0,16,27,2.86,15,66,66,1,10,82,1.30,pitching,14,14,57,6.04,9,4,0.42,36,7,85.0,9,4,1411,.318,.598,255,0,16.60,670990,Yohan Ramírez,32,3.39,0,0,4,2,2026,0,.280,.571,4,102,.630,2.32,10.80,890,134,Pittsburgh Pirates,85,0,4.66,1.19,8,.636,7
31,141,409,.218,0,25,443,0,1,0,.000,0,15,35,2.86,8,32,32,15,9,100,0.71,pitching,6,6,89,7.28,0,13,1.06,8,2,110.0,1,5,1669,.271,.621,330,0,15.17,615698,Cal Quantrill,41,3.35,0,2,0,0,2026,0,.350,1.000,10,81,.640,3.24,6.63,1071,140,Texas Rangers,143,0,2.05,1.04,2,.643,9
26,39,250,.180,0,26,278,3,0,0,.000,0,10,22,2.88,31,70,70,5,3,62,1.59,pitching,1,1,45,5.90,9,6,0.79,28,5,68.2,2,4,1169,.259,.551,206,0,17.02,682254,Mason Montgomery,23,3.01,0,1,21,18,2026,0,.292,1.000,7,105,.660,4.04,13.76,770,134,Pittsburgh Pirates,73,0,3.41,1.03,2,.600,6
33,228,721,.240,1,62,788,0,0,1,.091,0,33,61,2.89,0,32,32,32,18,181,0.79,pitching,1,1,173,8.21,0,19,0.90,0,0,189.2,0,7,3067,.301,.677,569,0,16.17,593958,Eduardo Rodriguez,68,3.23,4,0,0,0,2026,0,.376,.909,10,143,.640,2.31,6.79,1961,109,Arizona Diamondbacks,271,4,2.94,1.24,1,.696,16
32,36,187,.214,0,13,204,2,0,2,.222,0,6,16,2.90,10,68,68,0,2,67,1.86,pitching,3,3,40,7.25,14,2,0.36,35,8,49.2,0,3,794,.275,.553,149,0,15.99,666974,Yennier Cano,19,3.44,0,1,5,3,2026,0,.278,.778,7,45,.630,3.46,8.15,499,110,Baltimore Orioles,52,0,2.36,1.07,2,.571,4
29,132,800,.255,0,45,857,0,1,5,.417,1,35,67,2.91,0,33,33,33,16,238,1.80,pitching,6,6,204,8.87,0,19,0.83,0,0,207.0,0,7,3158,.299,.669,621,3,15.26,650911,Cristopher Sánchez,73,3.17,4,1,0,0,2026,1,.370,.583,7,231,.670,5.13,10.04,2103,143,Philadelphia Phillies,296,0,1.96,1.20,4,.720,18
25,13,44,.182,0,4,50,0,0,0,.000,0,2,4,2.92,3,9,9,0,1,9,0.69,pitching,2,2,8,5.84,0,1,0.73,5,0,12.1,0,0,199,.280,.575,37,0,16.14,687531,William Kempner,4,2.92,0,0,0,0,2026,0,.295,1.000,1,14,.640,3.50,10.22,127,146,Miami Marlins,13,0,2.92,0.97,0,1.000,1
31,46,166,.211,0,15,190,2,0,0,.000,0,7,15,2.93,8,54,54,0,3,44,0.96,pitching,5,5,35,6.85,21,5,0.98,16,5,46.0,2,3,698,.293,.648,138,0,15.17,642100,Gabe Speier,17,3.33,2,2,3,1,2026,0,.355,1.000,12,45,.680,3.00,8.80,478,136,Seattle Mariners,59,1,2.93,1.09,0,.400,2
27,14,56,.232,0,9,67,3,0,0,.000,0,2,5,2.93,6,15,15,0,2,14,1.00,pitching,0,0,13,7.63,2,1,0.59,8,4,15.1,0,1,290,.328,.649,46,0,18.91,680899,Erik Tolman,6,3.52,0,2,8,5,2026,0,.321,1.000,1,17,.660,1.89,9.98,190,120,Washington Nationals,18,0,5.28,1.43,2,.500,1
36,61,233,.189,0,29,267,4,0,6,.545,0,15,22,2.96,3,60,60,6,4,76,1.25,pitching,1,1,44,5.91,11,5,0.67,41,13,67.0,1,2,1040,.279,.605,201,2,15.52,623211,Huascar Brazobán,23,3.09,2,2,4,0,2026,0,.326,.455,5,56,.640,1.93,7.52,665,145,Chicago White Sox,76,1,3.90,1.09,1,.750,6
33,86,264,.223,0,14,288,2,0,1,.500,0,11,24,2.96,10,71,71,2,5,80,0.93,pitching,4,4,59,7.27,14,7,0.86,18,10,73.0,2,4,1070,.269,.621,219,4,14.66,664199,Taylor Clarke,28,3.45,2,4,2,0,2026,0,.352,.500,1,45,.630,3.21,5.55,673,109,Arizona Diamondbacks,93,1,1.73,1.00,1,.333,2
22,121,544,.210,3,68,625,0,0,4,.267,1,23,49,2.97,0,29,29,27,13,171,1.41,pitching,9,9,114,6.92,1,10,0.61,1,1,148.1,2,11,2481,.306,.613,445,1,16.73,700712,Walbert Ureña,56,3.40,1,3,0,0,2026,0,.307,.733,11,142,.630,2.09,8.62,1551,108,Los Angeles Angels,167,0,4.13,1.23,6,.450,9
33,63,161,.174,0,10,174,0,0,1,.250,0,6,15,2.98,0,9,9,9,1,25,0.40,pitching,1,1,28,5.56,0,5,0.99,0,0,45.1,1,2,639,.224,.528,136,0,14.10,605540,Brandon Woodruff,16,3.18,0,2,0,0,2026,0,.304,.750,3,47,.690,4.70,9.33,439,158,Milwaukee Brewers,49,0,1.99,0.84,0,.500,2
28,35,184,.201,0,34,227,1,0,1,.100,0,6,17,2.98,13,57,57,1,1,42,1.20,pitching,5,5,37,6.49,14,3,0.53,23,9,51.1,3,2,970,.338,.621,154,0,18.90,669062,Erik Miller,18,3.16,2,2,6,5,2026,0,.283,.900,9,74,.580,2.18,12.97,561,111,Boston Red Sox,52,0,5.96,1.38,6,.667,4
28,70,228,.241,0,22,257,6,0,0,.000,0,6,20,2.98,4,68,68,0,3,50,0.71,pitching,3,3,55,8.20,32,7,1.04,28,6,60.1,0,3,983,.313,.673,181,0,16.29,683769,Hunter Gaddis,20,2.98,1,3,7,1,2026,0,.360,1.000,3,57,.650,2.59,8.50,640,114,Cleveland Guardians,82,0,3.28,1.28,1,.667,6
28,12,34,.206,0,1,35,0,0,0,.---,0,1,3,3.00,3,5,5,0,1,9,0.75,pitching,0,0,7,7.00,1,2,2.00,5,3,9.0,0,0,123,.229,.641,27,0,13.67,666745,Jhony Brito,3,3.00,0,0,0,0,2026,0,.412,.---,0,6,.710,6.00,6.00,87,135,San Diego Padres,14,0,1.00,0.89,0,.---,0
26,1,10,.300,0,2,12,0,0,0,.---,0,1,1,3.00,1,2,2,0,0,4,4.00,pitching,0,0,3,9.00,0,0,0.00,0,0,3.0,0,0,48,.417,.817,9,0,16.00,694350,Zach Brzykcy,1,3.00,0,0,0,0,2026,0,.400,.---,0,2,.560,1.00,6.00,27,146,Miami Marlins,4,0,6.00,1.67,0,.---,0
32,5,11,.182,0,0,11,0,0,0,.---,0,0,1,3.00,0,1,1,0,0,1,0.20,pitching,0,0,2,6.00,0,1,3.00,0,0,3.0,0,0,39,.182,.637,9,0,13.00,662144,Brian Keller,1,3.00,0,0,0,0,2026,0,.455,.---,0,3,.740,-.--,9.00,29,143,Philadelphia Phillies,5,0,0.00,0.67,0,.---,0
35,23,102,.265,0,5,111,0,0,1,.500,0,5,9,3.00,7,25,25,0,3,33,1.43,pitching,1,1,27,9.00,1,3,1.00,18,6,27.0,0,0,399,.303,.705,81,0,14.78,573009,Joe Mantiply,10,3.33,2,1,0,0,2026,0,.402,.500,1,22,.660,4.40,7.33,262,141,Toronto Blue Jays,41,0,1.67,1.19,0,1.000,2
23,6,22,.227,0,3,25,0,0,0,.---,0,0,2,3.00,3,3,3,0,1,7,1.17,pitching,0,0,5,7.50,0,1,1.50,0,0,6.0,0,0,100,.320,.684,18,0,16.67,694397,Marco Raya,2,3.00,0,0,0,0,2026,0,.364,.---,0,4,.580,1.33,6.00,58,142,Minnesota Twins,8,0,4.50,1.33,0,.---,0
25,3,8,.125,0,3,13,1,0,0,.000,0,1,1,3.00,2,2,2,0,0,4,1.33,pitching,0,0,1,3.00,0,0,0.00,0,0,3.0,2,0,42,.308,.558,9,0,14.00,686796,Blake Walston,2,6.00,0,2,1,0,2026,0,.250,1.000,1,2,.520,0.67,6.00,22,109,Arizona Diamondbacks,2,0,9.00,1.33,1,1.000,1
36,139,591,.208,0,47,645,0,0,3,.231,0,25,54,3.00,0,28,28,28,12,139,1.00,pitching,4,4,123,6.83,0,21,1.17,0,0,162.0,0,5,2649,.270,.630,486,2,16.35,554430,Zack Wheeler,55,3.06,0,3,0,0,2026,0,.360,.769,10,193,.640,4.11,10.72,1697,143,Philadelphia Phillies,213,1,2.61,1.05,2,.737,14
32,69,236,.191,0,29,269,2,0,5,.625,0,13,22,3.02,6,65,65,0,1,41,0.59,pitching,4,4,45,6.17,25,5,0.69,32,4,65.2,2,4,1129,.290,.608,197,0,17.19,656848,Michael Petersen,25,3.43,0,0,3,1,2026,0,.318,.375,3,81,.650,2.79,11.10,735,146,Miami Marlins,75,1,3.97,1.13,1,.500,4
29,58,199,.231,0,28,240,1,0,1,.091,0,9,19,3.02,8,67,67,0,5,49,0.84,pitching,5,5,46,7.31,16,5,0.79,40,14,56.2,3,4,983,.331,.703,170,0,17.35,682120,Tim Herrin,22,3.49,1,7,1,0,2026,0,.372,.909,10,54,.620,1.93,8.58,611,114,Cleveland Guardians,74,2,4.45,1.31,3,.429,3
29,38,159,.226,0,25,197,3,0,6,.429,0,10,15,3.02,6,41,41,0,1,39,1.03,pitching,9,9,36,7.25,6,2,0.40,30,16,44.2,0,0,833,.359,.686,134,1,18.65,681895,Evan Sisk,15,3.02,2,2,3,0,2026,0,.327,.571,8,50,.580,2.00,10.07,484,134,Pittsburgh Pirates,52,0,5.04,1.37,1,1.000,1
27,126,637,.232,1,48,706,0,0,2,.182,0,22,57,3.02,0,32,32,32,15,168,1.33,pitching,16,16,148,7.85,0,18,0.95,0,0,169.2,0,5,2777,.301,.653,509,1,16.37,676917,Cade Cavalli,68,3.61,1,4,0,0,2026,0,.352,.818,9,200,.660,4.17,10.61,1822,120,Washington Nationals,224,0,2.55,1.16,4,.722,13
23,161,554,.222,1,40,603,0,0,4,.500,0,33,50,3.03,0,26,26,26,7,102,0.63,pitching,6,6,123,7.45,0,15,0.91,0,0,148.2,1,6,2282,.281,.647,446,1,15.35,801139,Payton Tolle,54,3.27,1,2,0,0,2026,0,.366,.500,4,171,.690,4.28,10.35,1577,111,Boston Red Sox,203,1,2.42,1.10,2,.600,9
35,144,523,.228,0,62,596,0,0,0,.000,0,17,48,3.04,2,30,30,26,18,166,1.15,pitching,3,3,119,7.54,0,14,0.89,0,0,142.0,1,9,2244,.310,.669,426,0,15.80,527048,Martín Pérez,53,3.36,2,6,0,0,2026,0,.359,1.000,3,102,.610,1.65,6.46,1367,144,Atlanta Braves,188,5,3.93,1.27,1,.500,9
27,26,124,.194,0,15,143,0,0,0,.000,0,5,12,3.06,6,29,29,0,6,53,2.04,pitching,1,1,24,6.11,1,1,0.25,30,5,35.1,1,1,507,.282,.540,106,0,14.35,676428,Brant Hurter,13,3.31,1,2,0,0,2026,0,.258,1.000,3,24,.640,1.60,6.11,325,116,Detroit Tigers,32,0,3.82,1.10,0,.800,4
26,20,66,.227,0,9,75,0,0,0,.000,0,1,6,3.06,0,14,14,0,2,15,0.75,pitching,0,0,15,7.64,0,1,0.51,5,1,17.2,0,2,298,.320,.668,53,0,16.87,815081,Mark Manfredi,6,3.06,0,0,0,0,2026,0,.348,1.000,3,16,.610,1.78,8.15,182,115,Colorado Rockies,23,2,4.58,1.36,1,.333,1
27,62,267,.236,0,39,317,4,0,2,.400,0,11,25,3.08,13,60,60,1,6,56,0.90,pitching,4,4,63,7.77,13,7,0.86,27,12,73.0,3,3,1270,.337,.700,219,0,17.40,665622,Luis Medina,30,3.70,2,5,4,0,2026,0,.363,.600,3,93,.610,2.38,11.47,774,133,Athletics,97,1,4.81,1.40,4,.667,6
33,83,327,.223,0,34,372,3,0,2,.222,0,11,31,3.09,8,60,60,6,9,90,1.08,pitching,8,8,73,7.27,12,4,0.40,37,5,90.1,3,5,1472,.311,.635,271,1,16.30,656794,Sean Newcomb,35,3.49,2,1,7,4,2026,0,.324,.778,7,84,.650,2.47,8.37,957,145,Chicago White Sox,106,5,3.39,1.18,0,.286,2
32,71,239,.180,0,22,265,6,0,1,.167,0,10,23,3.09,24,75,75,0,1,59,0.83,pitching,2,2,43,5.78,19,9,1.21,38,6,67.0,3,1,997,.255,.590,201,0,14.88,670329,Rico Garcia,26,3.49,2,0,16,10,2026,0,.335,.833,5,68,.640,3.09,9.13,642,110,Baltimore Orioles,80,0,2.96,0.97,0,.833,5
31,76,241,.199,0,17,262,2,0,0,.000,0,11,23,3.09,2,71,71,0,3,44,0.58,pitching,0,0,48,6.45,31,3,0.40,25,7,67.0,1,1,1054,.250,.565,201,0,15.73,669276,Dylan Lee,25,3.36,2,2,2,0,2026,0,.315,1.000,3,77,.670,4.53,10.34,710,144,Atlanta Braves,76,4,2.28,0.97,0,.857,6
35,34,155,.239,0,8,166,1,0,0,.000,0,4,14,3.10,3,40,40,0,3,44,1.29,pitching,2,2,37,8.19,19,2,0.44,16,3,40.2,1,2,607,.285,.588,122,0,14.93,594027,Tyron Guerrero,18,3.98,1,0,1,0,2026,0,.303,1.000,2,41,.730,5.13,9.07,442,111,Boston Red Sox,47,0,1.77,1.11,1,.333,1
35,248,687,.249,0,26,722,0,0,3,.188,1,34,62,3.10,0,31,31,31,12,165,0.67,pitching,3,3,171,8.55,0,22,1.10,0,0,180.0,0,6,2524,.278,.678,540,1,14.02,607259,Nick Martinez,62,3.10,3,3,0,0,2026,0,.400,.813,13,109,.680,4.19,5.45,1721,139,Tampa Bay Rays,275,2,1.30,1.09,6,.714,15
32,56,204,.211,0,17,234,3,1,3,.375,0,11,19,3.11,13,58,58,0,1,53,0.95,pitching,7,7,43,7.04,11,6,0.98,23,3,55.0,2,2,907,.291,.654,165,1,16.49,622088,Tejay Antone,22,3.60,3,2,4,1,2026,0,.363,.625,5,57,.660,3.35,9.33,603,113,Cincinnati Reds,74,1,2.78,1.09,0,.600,3
28,56,338,.225,1,41,383,6,0,1,.200,0,9,31,3.12,11,75,75,1,8,92,1.64,pitching,2,2,76,7.66,15,8,0.81,24,11,89.1,1,3,1582,.311,.633,268,1,17.71,676879,Aaron Ashby,36,3.63,0,2,10,4,2026,0,.322,.800,4,116,.610,2.83,11.69,965,158,Milwaukee Brewers,109,0,4.13,1.31,9,.813,13
26,36,114,.193,0,13,131,1,0,0,.000,0,6,11,3.13,8,28,28,0,0,10,0.28,pitching,2,2,22,6.25,5,1,0.28,14,3,31.2,0,2,580,.282,.554,95,0,18.32,696519,Samy Natera Jr.,11,3.13,0,2,4,3,2026,0,.272,1.000,1,48,.630,3.69,13.64,367,108,Los Angeles Angels,31,0,3.69,1.11,3,.333,1
36,63,198,.207,0,32,234,6,0,0,.000,0,11,19,3.13,9,61,61,0,3,29,0.46,pitching,2,2,41,6.75,19,7,1.15,46,6,54.2,2,6,944,.321,.690,164,0,17.27,518585,Fernando Cruz,23,3.79,0,2,8,2,2026,0,.369,1.000,3,67,.600,2.09,11.03,568,147,New York Yankees,73,0,5.27,1.34,4,.400,4
31,49,157,.185,0,19,179,0,0,2,.400,0,6,16,3.13,5,33,33,0,4,40,0.82,pitching,1,1,29,5.67,3,7,1.37,25,6,46.0,0,3,712,.274,.631,138,1,15.48,670062,Julian Garcia,17,3.33,0,2,2,2,2026,0,.357,.600,3,41,.640,2.16,8.02,459,113,Cincinnati Reds,56,0,3.72,1.04,1,.400,2
30,32,145,.276,0,11,160,1,0,1,.250,0,7,13,3.13,5,26,26,0,4,43,1.34,pitching,0,0,40,9.64,2,4,0.96,11,5,37.1,1,2,584,.321,.728,112,1,15.64,656240,Scott Blewett,16,3.86,1,3,1,0,2026,0,.407,.750,3,34,.650,3.09,8.20,377,133,Athletics,59,0,2.65,1.37,2,.500,2
25,54,141,.262,0,12,154,0,0,2,1.000,0,11,13,3.13,9,18,18,0,4,33,0.61,pitching,0,0,37,8.92,2,3,0.72,12,6,37.1,0,0,566,.320,.724,112,0,15.16,805326,Tyler Schweitzer,13,3.13,1,0,1,1,2026,0,.404,.000,0,18,.660,1.50,4.34,376,145,Chicago White Sox,57,0,2.89,1.31,1,1.000,1
34,21,105,.229,0,10,120,0,0,0,.---,0,4,10,3.14,8,15,15,1,4,29,1.38,pitching,2,2,24,7.53,1,4,1.26,11,6,28.2,0,0,514,.300,.681,86,0,17.93,592866,Trevor Williams,10,3.14,0,3,0,0,2026,0,.381,.---,0,34,.620,3.40,10.67,317,140,Texas Rangers,40,0,3.14,1.19,0,1.000,2
28,60,226,.235,0,28,256,2,0,2,.667,0,11,22,3.14,15,60,60,2,10,60,1.00,pitching,0,0,53,7.57,7,6,0.86,38,11,63.0,1,2,1003,.318,.681,189,2,15.92,669020,Ryan Rolison,24,3.43,1,1,5,3,2026,0,.363,.333,1,55,.630,1.96,7.86,628,112,Chicago Cubs,82,0,4.00,1.29,5,.818,9
29,66,233,.180,1,33,272,1,0,0,.000,0,7,23,3.15,13,50,50,3,2,56,0.85,pitching,2,2,42,5.76,5,9,1.23,13,3,65.2,2,3,1061,.285,.620,197,0,16.16,663558,Jovani Morán,24,3.29,2,2,1,0,2026,0,.335,1.000,9,73,.620,2.21,10.01,660,111,Boston Red Sox,78,1,4.52,1.14,2,.400,2
24,151,653,.214,0,70,747,0,0,2,.250,0,25,63,3.16,0,31,31,31,11,177,1.17,pitching,15,15,140,7.01,0,17,0.85,0,0,179.2,0,10,2914,.303,.634,539,3,16.22,690997,Nolan McLean,75,3.76,5,4,0,0,2026,0,.331,.750,6,194,.630,2.77,9.72,1838,121,New York Mets,216,0,3.51,1.17,2,.545,12
24,7,20,.200,0,6,27,0,0,0,.---,0,1,2,3.18,1,4,4,0,1,3,0.43,pitching,1,1,4,6.35,0,1,1.59,0,0,5.2,0,0,117,.407,.807,17,0,20.65,691945,Carter Baumler,2,3.18,0,0,0,0,2026,0,.400,.---,0,6,.580,1.00,9.53,68,140,Texas Rangers,8,0,9.53,1.76,0,.---,0
36,12,65,.277,0,7,73,0,0,0,.000,0,6,6,3.18,4,13,13,1,3,16,1.33,pitching,0,0,18,9.53,0,2,1.06,1,0,17.0,0,2,287,.347,.809,51,1,16.88,572143,Burch Smith,8,4.24,1,0,0,0,2026,0,.462,1.000,1,20,.640,2.86,10.59,185,116,Detroit Tigers,30,0,3.71,1.47,0,.000,0
27,70,390,.208,0,55,451,0,0,7,.280,0,10,38,3.19,0,20,20,20,10,117,1.67,pitching,4,4,81,6.79,0,11,0.92,0,0,107.1,0,4,1881,.311,.629,322,0,17.52,686613,Hunter Brown,42,3.52,1,1,0,0,2026,0,.318,.720,18,124,.610,2.25,10.40,1140,117,Houston Astros,124,0,4.61,1.27,3,.600,6
39,48,154,.221,1,17,178,3,0,0,.000,0,8,15,3.19,21,46,46,1,3,26,0.54,pitching,4,4,34,7.23,1,3,0.64,3,3,42.1,0,5,726,.311,.642,127,0,17.15,489446,Kirby Yates,16,3.40,1,2,6,3,2026,0,.331,1.000,11,49,.660,2.88,10.42,476,134,Pittsburgh Pirates,51,0,3.61,1.20,1,.286,2
29,33,142,.246,0,25,173,3,0,2,.500,0,7,13,3.19,3,45,45,0,3,35,1.06,pitching,4,4,35,8.59,11,0,0.00,32,11,36.2,2,7,687,.370,.666,110,0,18.74,656529,Sam Hentges,17,4.17,0,2,3,0,2026,0,.296,.500,2,41,.600,1.64,10.06,414,137,San Francisco Giants,42,0,6.14,1.64,5,.125,1
38,60,154,.156,1,23,180,6,0,0,.000,0,2,16,3.20,39,50,50,0,2,21,0.35,pitching,1,1,24,4.80,1,7,1.40,12,5,45.0,1,6,725,.267,.572,135,0,16.11,445276,Kenley Jansen,18,3.60,0,2,28,22,2026,0,.305,1.000,12,51,.650,2.22,10.20,470,116,Detroit Tigers,47,0,4.60,1.04,1,.400,4
27,56,233,.206,1,23,261,3,0,2,.222,0,8,23,3.20,17,67,67,3,4,59,1.05,pitching,2,2,48,6.68,11,7,0.97,43,16,64.2,4,2,1037,.283,.613,194,1,16.04,676263,Jack Dreyer,23,3.20,3,0,5,2,2026,0,.330,.778,7,73,.650,3.17,10.16,676,119,Los Angeles Dodgers,77,0,3.20,1.10,4,.714,5
31,183,670,.221,1,70,757,0,1,8,.533,0,20,66,3.21,0,32,32,32,22,183,1.00,pitching,13,13,148,7.20,0,20,0.97,0,0,185.0,0,10,2981,.306,.652,555,0,16.11,650633,Michael King,68,3.31,2,1,0,0,2026,0,.346,.467,7,159,.630,2.27,7.74,1885,135,San Diego Padres,232,2,3.41,1.18,2,.545,12
25,73,255,.204,0,44,310,0,0,2,.500,0,7,27,3.21,10,75,75,10,9,64,0.88,pitching,3,3,52,6.19,13,8,0.95,31,6,75.2,5,4,1256,.324,.657,227,2,16.60,680755,Braydon Fisher,34,4.04,4,4,1,1,2026,0,.333,.500,2,74,.610,1.68,8.80,771,141,Toronto Blue Jays,85,1,5.23,1.27,4,.429,3
30,147,554,.235,0,46,612,0,0,2,.200,0,26,53,3.22,0,28,28,28,11,142,0.97,pitching,7,7,130,7.89,0,10,0.61,0,0,148.1,0,5,2384,.300,.639,445,1,16.07,624133,Ranger Suarez,56,3.40,1,4,0,0,2026,0,.339,.800,8,140,.630,3.04,8.49,1510,111,Boston Red Sox,188,1,2.79,1.19,1,.615,8
24,40,109,.211,0,20,134,3,0,1,.500,0,3,11,3.23,7,30,30,0,3,25,0.63,pitching,2,2,23,6.75,3,2,0.59,8,4,30.2,2,4,549,.341,.635,92,0,17.90,694795,Josh Ekness,16,4.70,2,1,4,1,2026,0,.294,.500,1,24,.620,1.20,7.04,340,146,Miami Marlins,32,0,5.87,1.40,6,.429,3
28,68,222,.221,1,20,246,0,0,0,.000,0,8,22,3.25,0,11,11,11,8,61,0.90,pitching,2,2,49,7.23,0,4,0.59,0,0,61.0,0,2,898,.290,.628,183,0,14.72,669713,Hayden Wesneski,27,3.98,1,1,0,0,2026,0,.338,1.000,4,46,.650,2.30,6.79,586,117,Houston Astros,75,3,2.95,1.13,2,.750,6
38,58,196,.240,0,20,224,4,0,2,1.000,0,11,19,3.25,7,61,61,0,3,45,0.78,pitching,3,3,47,8.03,16,6,1.03,24,8,52.2,1,7,842,.315,.713,158,1,15.99,548384,Brooks Raley,22,3.76,2,3,5,1,2026,0,.398,.000,0,51,.650,2.55,8.72,550,143,Philadelphia Phillies,78,1,3.42,1.27,1,.417,5
26,57,173,.191,1,14,189,0,0,2,.400,0,6,17,3.26,9,20,20,1,0,37,0.65,pitching,2,2,33,6.32,1,5,0.96,9,3,47.0,0,0,755,.259,.583,141,1,16.06,680744,Ty Madden,17,3.26,0,0,0,0,2026,0,.324,.600,3,46,.630,3.29,8.81,476,116,Detroit Tigers,56,1,2.68,1.00,4,1.000,1
31,61,229,.240,0,20,255,2,1,3,.500,0,10,22,3.26,7,63,63,0,2,55,0.90,pitching,3,3,55,8.16,8,8,1.19,38,15,60.2,2,2,991,.307,.696,182,0,16.34,669711,Greg Weissert,23,3.41,0,2,3,1,2026,0,.389,.500,3,60,.660,3.00,8.90,652,111,Boston Red Sox,89,0,2.97,1.24,0,.667,4
32,61,216,.227,0,26,246,3,0,3,.429,0,10,22,3.28,9,66,66,0,9,69,1.13,pitching,1,1,49,7.31,14,7,1.04,29,9,60.1,4,4,997,.310,.690,181,1,16.52,670167,John Schreiber,26,3.88,1,2,5,2,2026,0,.380,.571,4,40,.630,1.54,5.97,625,147,New York Yankees,82,1,3.88,1.24,3,.333,2
33,75,371,.213,1,42,419,0,1,2,.286,0,13,37,3.29,0,18,18,18,9,142,1.89,pitching,2,2,79,7.02,0,6,0.53,0,0,101.1,0,8,1613,.295,.597,304,0,15.92,605280,Clay Holmes,39,3.46,1,2,0,0,2026,0,.302,.714,5,78,.630,1.86,6.93,1022,112,Chicago Cubs,112,1,3.73,1.19,2,.429,6
33,13,52,.212,0,8,61,0,0,0,.000,0,2,5,3.29,4,15,15,0,0,10,0.77,pitching,1,1,11,7.24,2,2,1.32,7,2,13.2,1,1,264,.328,.732,41,0,19.32,605242,Michael Fulmer,7,4.61,0,0,0,0,2026,0,.404,1.000,2,18,.640,2.25,11.85,169,147,New York Yankees,21,1,5.27,1.39,1,.000,0
24,75,229,.218,0,28,263,0,0,4,.800,0,6,23,3.30,7,83,83,4,1,44,0.59,pitching,1,1,50,7.18,20,6,0.86,48,16,62.2,2,1,1034,.304,.627,188,0,16.50,689254,Mason Fluharty,23,3.30,3,2,1,1,2026,0,.323,.200,1,65,.650,2.32,9.34,668,141,Toronto Blue Jays,74,0,4.02,1.24,2,.875,7
31,16,60,.233,0,7,71,1,0,0,.000,0,1,6,3.31,5,17,17,0,1,19,1.19,pitching,1,1,14,7.71,3,1,0.55,9,3,16.1,0,2,283,.314,.614,49,0,17.33,677161,Zack Kelly,8,4.41,1,2,1,0,2026,0,.300,1.000,1,14,.600,2.00,7.71,170,111,Boston Red Sox,18,0,3.86,1.29,1,.000,0
30,20,72,.236,0,0,72,1,0,0,.000,0,3,7,3.32,3,18,18,0,1,15,0.75,pitching,0,0,17,8.05,5,4,1.89,2,0,19.0,0,1,213,.236,.680,57,0,11.21,673380,Dedniel Núñez,9,4.26,0,0,2,1,2026,0,.444,1.000,1,20,.750,-.--,9.47,160,121,New York Mets,32,0,0.00,0.89,0,.667,2
34,252,745,.226,0,54,812,0,0,3,.300,0,40,74,3.32,0,32,32,32,15,173,0.69,pitching,7,7,168,7.53,0,30,1.35,0,0,200.2,1,10,3028,.283,.699,602,1,15.09,608379,Michael Wacha,82,3.68,2,4,0,0,2026,0,.416,.700,7,158,.650,2.93,7.09,1974,118,Kansas City Royals,310,6,2.42,1.11,5,.474,9
29,31,151,.272,0,16,172,1,0,2,.400,0,3,15,3.32,16,37,37,0,6,52,1.68,pitching,1,1,41,9.07,3,3,0.66,11,5,40.2,3,2,642,.341,.718,122,0,15.79,681867,Cooper Criswell,18,3.98,2,2,2,1,2026,0,.377,.600,3,31,.660,1.94,6.86,423,136,Seattle Mariners,57,2,3.54,1.40,1,.667,4
29,61,262,.229,0,42,311,7,1,1,.333,0,7,26,3.33,28,74,74,0,7,54,0.89,pitching,5,5,60,7.68,13,8,1.02,41,9,70.1,2,2,1333,.345,.692,211,0,18.95,663687,Hogan Harris,28,3.58,0,1,24,17,2026,0,.347,.667,2,88,.620,2.10,11.26,824,133,Athletics,91,0,5.37,1.45,2,.667,4
24,96,354,.232,1,34,400,0,0,1,.111,0,12,35,3.33,0,18,18,18,11,85,0.89,pitching,9,9,82,7.80,0,15,1.43,0,0,94.2,0,5,1562,.313,.706,284,0,16.50,813349,Connelly Early,35,3.33,1,2,0,0,2026,0,.393,.889,8,94,.640,2.76,8.94,1002,120,Washington Nationals,139,0,3.23,1.23,4,.583,7
23,27,104,.221,0,22,130,0,0,0,.000,0,5,11,3.34,3,12,12,4,3,23,0.85,pitching,1,1,23,6.98,1,2,0.61,0,0,29.2,0,1,521,.362,.689,89,1,17.56,696070,Kendry Rojas,11,3.34,3,0,0,0,2026,0,.327,1.000,1,34,.590,1.55,10.31,305,142,Minnesota Twins,34,0,6.67,1.52,1,.500,1
28,121,476,.235,1,56,538,1,1,4,.190,0,14,47,3.34,8,37,37,20,13,144,1.19,pitching,3,3,112,7.96,0,17,1.21,8,3,126.2,0,6,2037,.319,.703,380,0,16.08,663969,Tyler Phillips,50,3.55,1,1,3,2,2026,0,.384,.810,17,101,.640,1.80,7.18,1302,146,Miami Marlins,183,3,3.98,1.33,7,.455,5
26,195,639,.225,2,62,716,0,1,8,.258,0,34,64,3.34,1,32,32,27,7,120,0.62,pitching,9,9,144,7.52,0,19,0.99,1,0,172.1,0,7,2878,.302,.682,517,2,16.70,680732,Sean Burke,67,3.50,2,3,0,0,2026,0,.380,.742,23,185,.660,2.98,9.66,1904,145,Chicago White Sox,243,4,3.24,1.20,11,.611,11
28,37,153,.222,1,17,176,3,0,2,.333,0,7,16,3.35,5,44,44,0,6,52,1.41,pitching,3,3,34,7.12,14,3,0.63,24,9,43.0,1,3,644,.309,.649,129,0,14.98,676775,Keaton Winn,17,3.56,1,2,4,1,2026,0,.340,.667,4,33,.640,1.94,6.91,412,137,San Francisco Giants,52,1,3.56,1.19,1,.400,2
32,49,175,.234,0,17,196,2,0,3,.333,0,8,18,3.35,13,48,48,0,5,55,1.12,pitching,3,3,41,7.63,6,8,1.49,22,4,48.1,2,5,713,.313,.730,145,0,14.75,663423,Trent Thornton,21,3.91,1,0,5,3,2026,0,.417,.667,6,31,.640,1.82,5.77,457,112,Chicago Cubs,73,0,3.17,1.20,1,.500,5
29,47,208,.207,0,15,229,5,0,3,.429,0,4,21,3.36,8,59,59,0,4,47,1.00,pitching,4,4,43,6.87,14,8,1.28,27,9,56.1,0,2,966,.271,.622,169,0,17.15,680742,Jonathan Bowlan,23,3.67,0,2,7,2,2026,0,.351,.571,4,73,.640,4.87,11.66,622,143,Philadelphia Phillies,73,1,2.40,1.03,0,.500,2
29,47,214,.238,0,18,238,2,0,1,.250,0,8,21,3.36,4,55,55,0,4,64,1.36,pitching,4,4,51,8.15,23,7,1.12,31,9,56.1,2,3,922,.309,.692,169,0,16.37,668941,JoJo Romero,22,3.51,2,0,2,0,2026,0,.383,.750,3,54,.630,3.00,8.63,584,158,Milwaukee Brewers,82,1,2.88,1.22,0,.500,3
29,64,210,.205,0,23,235,0,0,3,.500,0,13,22,3.36,9,52,52,0,5,52,0.81,pitching,1,1,43,6.56,5,8,1.22,27,9,59.0,2,3,915,.285,.685,177,1,15.51,681982,Grant Anderson,27,4.12,0,1,0,0,2026,0,.400,.500,3,52,.630,2.26,7.93,575,158,Milwaukee Brewers,84,2,3.51,1.12,1,.500,3
29,123,441,.211,0,39,487,0,1,3,.167,0,18,44,3.36,0,24,24,24,6,121,0.98,pitching,4,4,93,7.09,0,10,0.76,0,0,118.0,0,7,1830,.281,.605,354,1,15.51,663556,Shane McClanahan,52,3.97,2,0,0,0,2026,0,.324,.833,15,106,.650,2.72,8.08,1190,139,Tampa Bay Rays,143,1,2.97,1.12,3,.588,10
26,199,677,.213,0,48,740,0,1,2,.105,0,26,69,3.36,0,32,32,32,12,132,0.66,pitching,5,5,144,7.01,0,19,0.92,0,0,185.0,0,8,2958,.267,.608,555,1,15.99,672282,Reid Detmers,72,3.50,2,7,0,0,2026,0,.341,.895,17,211,.660,4.40,10.26,1956,108,Los Angeles Angels,231,2,2.34,1.04,4,.467,7
32,67,255,.231,0,25,284,8,0,1,.250,0,5,25,3.36,27,68,68,0,2,59,0.88,pitching,1,1,59,7.93,9,10,1.34,27,7,67.0,0,5,1139,.299,.668,201,1,17.00,657097,Jacob Webb,28,3.76,0,3,17,9,2026,0,.369,.750,3,73,.660,2.92,9.81,749,112,Chicago Cubs,94,0,3.36,1.25,0,.545,6
36,80,347,.248,0,25,376,1,1,3,.429,0,15,34,3.36,21,54,54,4,6,105,1.31,pitching,1,1,86,8.51,3,9,0.89,27,10,91.0,2,2,1526,.300,.698,273,6,16.77,608718,Brent Suter,42,4.15,2,0,1,0,2026,0,.398,.571,4,78,.660,3.12,7.71,1000,144,Atlanta Braves,138,5,2.47,1.22,1,.600,3
29,15,31,.258,0,2,33,0,0,0,.---,0,0,3,3.38,1,3,3,1,1,4,0.27,pitching,0,0,8,9.00,0,2,2.25,0,0,8.0,0,0,132,.303,.755,24,0,16.50,663795,Justin Hagenman,3,3.38,0,0,0,0,2026,0,.452,.---,0,4,.640,2.00,4.50,84,121,New York Mets,14,0,2.25,1.25,0,.---,0
28,2,9,.222,0,0,9,0,0,0,.000,0,0,1,3.38,1,2,2,0,1,2,1.00,pitching,0,0,2,6.75,0,0,0.00,4,0,2.2,0,0,35,.222,.444,8,0,13.13,681973,Josh Hendrickson,1,3.38,0,0,0,0,2026,0,.222,1.000,1,3,.660,-.--,10.13,23,117,Houston Astros,2,0,0.00,0.75,0,.---,0
35,62,155,.213,0,11,174,3,0,1,.333,0,6,16,3.38,41,45,45,0,1,19,0.31,pitching,4,4,33,6.96,0,7,1.48,5,0,42.2,1,1,675,.277,.677,128,0,15.82,641941,Emilio Pagán,16,3.38,1,3,28,25,2026,0,.400,.667,2,45,.650,4.09,9.49,439,113,Cincinnati Reds,62,1,2.32,1.03,4,.833,5
27,6,21,.286,0,2,25,1,0,0,.000,0,0,2,3.38,1,4,4,0,0,7,1.17,pitching,1,1,6,10.13,0,0,0.00,4,3,5.1,0,0,104,.360,.646,16,0,19.50,694820,Braxton Roxby,2,3.38,0,1,1,0,2026,0,.286,1.000,1,3,.630,1.50,5.06,66,137,San Francisco Giants,6,0,3.38,1.50,0,.---,0
28,5,9,.222,0,5,14,0,0,0,.---,0,0,1,3.38,0,2,2,0,0,1,0.20,pitching,0,0,2,6.75,0,0,0.00,1,0,2.2,0,0,59,.500,.722,8,0,22.13,669704,Kade Strowd,1,3.38,0,0,0,0,2026,0,.222,.---,0,1,.390,0.20,3.38,23,109,Arizona Diamondbacks,2,0,16.88,2.63,0,.---,0
27,4,10,.300,0,1,11,0,0,0,.---,0,1,1,3.38,0,1,1,0,1,1,0.25,pitching,0,0,3,10.13,0,1,3.38,0,0,2.2,0,1,45,.364,1.064,8,0,16.88,700413,Tyler Uberstine,1,3.38,0,0,0,0,2026,0,.700,.---,0,2,.760,2.00,6.75,34,111,Boston Red Sox,7,0,3.38,1.50,0,.000,0
27,118,383,.219,0,47,441,1,0,3,.429,0,17,40,3.40,9,57,57,6,11,94,0.80,pitching,5,5,84,7.13,11,11,0.93,27,6,106.0,2,4,1730,.311,.677,318,0,16.32,694477,Chad Patrick,40,3.40,4,2,7,6,2026,0,.366,.571,4,93,.630,1.98,7.90,1092,158,Milwaukee Brewers,140,3,3.99,1.24,4,.692,9
25,44,128,.211,0,14,148,0,0,0,.000,0,5,13,3.41,9,30,30,0,1,25,0.57,pitching,4,4,27,7.08,2,1,0.26,9,1,34.1,0,1,586,.306,.611,103,0,17.07,682989,Victor Mederos,13,3.41,1,1,1,1,2026,0,.305,1.000,3,34,.620,2.43,8.91,364,144,Atlanta Braves,39,2,3.67,1.19,1,.857,6
28,128,432,.225,0,29,473,0,0,5,.250,0,21,44,3.41,1,22,22,21,3,98,0.77,pitching,7,7,97,7.53,0,10,0.78,0,0,116.0,1,5,1839,.282,.638,348,1,15.85,647336,Michael Soroka,45,3.49,2,3,0,0,2026,0,.356,.750,15,114,.660,3.93,8.84,1206,109,Arizona Diamondbacks,154,3,2.25,1.09,1,.643,9
24,99,314,.248,0,18,337,0,0,2,.400,0,12,32,3.42,0,15,15,15,11,76,0.77,pitching,3,3,78,8.32,0,14,1.49,0,0,84.1,0,6,1257,.295,.715,253,1,14.91,804267,Zac Thornton,33,3.52,1,1,0,0,2026,0,.420,.600,3,63,.680,3.50,6.72,849,121,New York Mets,132,0,1.92,1.14,1,.455,5
31,89,313,.195,0,36,358,1,1,1,.111,0,8,33,3.43,11,53,53,12,4,73,0.82,pitching,5,5,61,6.33,2,13,1.35,11,1,86.2,1,4,1448,.286,.631,260,0,16.71,669199,Lake Bachar,35,3.63,0,3,3,2,2026,0,.345,.889,8,93,.610,2.58,9.66,885,134,Pittsburgh Pirates,108,0,3.74,1.12,5,.333,2
27,89,415,.229,0,51,473,0,0,5,.417,0,22,43,3.43,2,25,25,17,10,121,1.36,pitching,3,3,95,7.59,2,7,0.56,3,0,112.2,0,6,1857,.316,.663,338,2,16.48,674841,Andrew Alvarez,43,3.43,1,3,1,1,2026,0,.347,.583,7,114,.610,2.24,9.11,1142,120,Washington Nationals,144,3,4.07,1.30,6,.250,2
30,169,570,.239,0,62,642,0,0,2,.333,0,21,58,3.44,1,31,31,29,13,157,0.93,pitching,3,3,136,8.07,0,22,1.31,0,0,151.2,0,6,2382,.314,.712,455,0,15.71,656550,Grant Holmes,60,3.56,1,6,0,0,2026,0,.398,.667,4,115,.630,1.85,6.82,1492,144,Atlanta Braves,227,2,3.68,1.31,5,.625,10
35,72,200,.200,0,26,232,4,0,2,.182,0,6,22,3.45,17,64,64,0,5,43,0.60,pitching,3,3,40,6.28,14,10,1.57,23,6,57.1,4,5,909,.300,.680,172,0,15.85,641755,Tyler Kinley,24,3.77,2,1,5,1,2026,0,.380,.818,9,48,.630,1.85,7.53,575,116,Detroit Tigers,76,0,4.08,1.15,1,.583,7
31,27,97,.227,0,6,106,3,0,0,.000,0,5,10,3.46,8,31,31,0,1,17,0.63,pitching,1,1,22,7.62,8,5,1.73,10,5,26.0,3,2,423,.274,.707,78,0,16.27,623465,Evan Phillips,11,3.81,0,2,4,1,2026,0,.433,1.000,4,33,.680,5.50,11.42,289,119,Los Angeles Dodgers,42,0,2.08,1.08,2,.600,3
34,58,249,.233,1,18,271,0,0,2,.286,0,11,26,3.48,14,60,60,6,9,72,1.24,pitching,1,1,58,7.75,2,7,0.94,23,7,67.1,2,4,1085,.286,.664,202,1,16.11,641835,Tim Mayza,28,3.74,2,1,0,0,2026,0,.378,.714,5,64,.640,3.56,8.55,691,143,Philadelphia Phillies,94,2,2.41,1.13,2,.429,3
27,31,109,.183,0,16,126,2,0,0,.000,0,3,12,3.48,5,33,33,0,2,21,0.68,pitching,0,0,20,5.81,12,2,0.58,10,1,31.0,0,3,512,.288,.554,93,0,16.52,669093,Jeremiah Estrada,16,4.65,1,0,3,1,2026,0,.266,1.000,1,38,.610,2.38,11.03,310,135,San Diego Padres,29,0,4.65,1.16,3,.400,2
25,199,574,.216,0,37,625,0,0,1,.333,0,27,60,3.48,3,32,32,25,8,152,0.76,pitching,6,6,124,7.20,0,17,0.99,2,1,155.0,2,9,2305,.269,.628,465,1,14.87,672456,Keider Montero,64,3.72,4,4,1,1,2026,0,.359,.667,2,107,.650,2.89,6.21,1508,116,Detroit Tigers,206,2,2.15,1.04,1,.526,10
31,69,286,.273,0,26,321,0,0,2,.222,0,12,29,3.51,0,15,15,13,5,95,1.38,pitching,4,4,78,9.44,0,7,0.85,0,0,74.1,0,5,1264,.339,.734,223,1,17.00,677976,Randy Dobnak,31,3.75,2,3,0,0,2026,0,.395,.778,7,49,.620,1.88,5.93,788,118,Kansas City Royals,113,1,3.15,1.40,1,.375,3
28,22,88,.216,0,11,100,0,0,0,.000,0,7,9,3.52,5,17,17,0,1,20,0.91,pitching,0,0,19,7.43,2,2,0.78,15,6,23.0,0,2,387,.300,.664,69,0,16.83,681676,Ryan Fernandez,14,5.48,0,1,0,0,2026,0,.364,1.000,3,28,.620,2.55,10.96,241,138,St. Louis Cardinals,32,0,4.30,1.30,3,.333,1
24,9,28,.250,0,4,34,1,0,0,.---,0,2,3,3.52,1,8,8,0,0,3,0.33,pitching,0,0,7,8.22,1,1,1.17,0,0,7.2,0,0,161,.333,.762,23,0,21.00,694494,Ty Johnson,3,3.52,1,1,1,0,2026,0,.429,.---,0,11,.660,2.75,12.91,106,139,Tampa Bay Rays,12,0,4.70,1.43,1,.---,0
31,102,412,.235,0,35,459,2,0,4,.250,0,15,44,3.53,1,34,34,23,12,107,1.05,pitching,2,2,97,7.77,2,15,1.20,5,4,112.1,1,10,1728,.295,.676,337,1,15.38,643377,Griffin Jax,56,4.49,4,6,2,0,2026,0,.381,.750,12,116,.650,3.31,9.29,1119,139,Tampa Bay Rays,157,0,2.80,1.18,3,.444,8
32,68,257,.175,0,25,288,0,0,3,.176,0,10,29,3.53,0,13,13,13,3,51,0.75,pitching,1,1,45,5.47,0,7,0.85,0,0,74.0,1,2,1149,.247,.551,222,1,15.53,607192,Tyler Glasnow,29,3.53,1,4,0,0,2026,0,.304,.824,14,98,.630,3.92,11.92,719,119,Los Angeles Dodgers,78,1,3.04,0.95,3,.714,5
36,55,201,.274,0,11,214,5,0,1,.067,0,10,19,3.54,21,55,55,0,1,53,0.96,pitching,0,0,55,10.24,9,6,1.12,19,7,48.1,2,3,711,.310,.723,145,0,14.71,552640,Andrew Kittredge,30,5.59,1,1,16,11,2026,0,.413,.933,14,40,.700,3.64,7.45,499,110,Baltimore Orioles,83,0,2.05,1.37,2,.500,3
33,49,250,.228,1,30,292,4,0,3,.150,0,14,26,3.55,23,71,71,0,2,47,0.96,pitching,7,7,57,7.77,22,4,0.55,15,4,66.0,5,8,1211,.323,.671,198,0,18.35,656546,Jeff Hoffman,33,4.50,1,4,10,6,2026,0,.348,.850,17,102,.650,3.40,13.91,787,142,Minnesota Twins,87,2,4.09,1.32,4,.429,6
30,47,250,.212,0,37,294,6,0,1,.111,0,11,27,3.56,13,69,69,0,5,80,1.70,pitching,4,4,53,6.98,19,1,0.13,26,10,68.1,1,5,1166,.321,.589,205,0,17.06,676534,Calvin Faucher,33,4.35,1,2,9,3,2026,0,.268,.889,8,73,.610,1.97,9.61,716,146,Miami Marlins,67,0,4.87,1.32,6,.500,5
27,172,596,.252,0,61,669,0,2,7,.438,0,24,62,3.56,0,28,28,28,9,147,0.85,pitching,4,4,150,8.62,0,22,1.26,0,0,156.2,0,6,2530,.323,.732,470,0,16.15,687064,Brandon Young,71,4.08,2,4,0,0,2026,0,.409,.563,9,133,.640,2.18,7.64,1617,110,Baltimore Orioles,244,2,3.50,1.35,3,.600,9
27,152,524,.240,0,32,566,0,0,3,.250,0,23,55,3.57,0,25,25,25,13,123,0.81,pitching,7,7,126,8.18,0,20,1.30,0,0,138.2,1,8,2171,.292,.691,416,2,15.66,676106,Emerson Hancock,56,3.63,0,3,0,0,2026,0,.399,.750,9,126,.650,3.94,8.18,1421,136,Seattle Mariners,209,0,2.08,1.14,4,.467,7
23,46,105,.210,1,5,110,0,0,0,.000,0,4,11,3.58,0,8,8,6,1,17,0.37,pitching,0,0,22,7.16,0,5,1.63,0,0,27.2,0,3,419,.245,.655,83,0,15.14,683363,Matt Wilkinson,14,4.55,0,0,0,0,2026,0,.410,1.000,6,20,.630,4.00,6.51,262,137,San Francisco Giants,43,1,1.63,0.98,0,.250,1
32,72,218,.225,0,26,250,2,0,3,.429,0,8,24,3.58,15,41,41,1,5,62,0.86,pitching,2,2,49,7.31,3,5,0.75,20,7,60.1,0,0,1000,.308,.657,181,1,16.57,664141,JT Brubaker,27,4.03,0,4,4,2,2026,0,.349,.571,4,39,.630,1.50,5.82,625,137,San Francisco Giants,76,2,3.88,1.24,6,.---,0
34,203,606,.231,0,84,702,0,0,10,.303,0,25,66,3.59,0,31,31,30,12,133,0.66,pitching,2,2,140,7.61,0,22,1.20,0,0,165.2,0,8,2854,.323,.707,497,5,17.23,592662,Robbie Ray,74,4.02,3,7,0,0,2026,0,.384,.697,23,140,.600,1.67,7.61,1706,135,San Diego Padres,233,1,4.56,1.35,6,.619,13
29,79,296,.253,0,28,346,2,0,2,.167,0,18,31,3.59,9,73,73,0,6,99,1.25,pitching,12,12,75,8.69,11,4,0.46,33,15,77.2,2,1,1314,.335,.690,233,0,16.92,677865,Justin Bruihl,41,4.75,3,7,2,0,2026,0,.355,.833,10,53,.640,1.89,6.14,845,138,St. Louis Cardinals,105,0,3.24,1.33,4,.500,1
30,162,661,.248,1,45,721,0,0,2,.250,0,30,69,3.60,0,31,31,31,21,182,1.12,pitching,10,10,164,8.55,0,23,1.20,0,0,172.2,0,6,2833,.305,.709,518,1,16.41,656492,Foster Griffin,76,3.96,2,3,0,0,2026,0,.404,.750,6,158,.660,3.51,8.24,1869,114,Cleveland Guardians,267,2,2.35,1.21,3,.714,15
34,6,19,.263,0,3,23,0,0,0,.---,0,2,2,3.60,0,1,1,1,1,4,0.67,pitching,1,1,5,9.00,0,0,0.00,0,0,5.0,0,1,96,.391,.865,15,0,19.20,592288,Kent Emanuel,2,3.60,0,0,0,0,2026,0,.474,.---,0,4,.630,1.33,7.20,60,113,Cincinnati Reds,9,1,5.40,1.60,0,.000,0
28,13,55,.309,0,6,67,0,0,0,.---,0,3,6,3.60,5,15,15,0,2,16,1.23,pitching,3,3,17,10.20,3,0,0.00,12,5,15.0,0,0,229,.394,.758,45,0,15.27,676510,Nolan Hoffman,6,3.60,1,2,0,0,2026,0,.364,.---,0,12,.620,2.00,7.20,141,118,Kansas City Royals,20,0,3.60,1.53,0,.---,0
26,6,19,.263,1,3,22,0,0,2,.500,0,2,2,3.60,1,3,3,0,0,7,1.17,pitching,0,0,5,9.00,0,0,0.00,1,1,5.0,0,0,86,.364,.838,15,0,17.20,666619,Gregory Santos,5,9.00,0,0,0,0,2026,0,.474,.500,2,1,.630,0.33,1.80,54,137,San Francisco Giants,9,1,5.40,1.60,0,.---,0
26,57,227,.242,0,35,271,4,0,1,.071,0,9,24,3.60,11,73,73,0,3,45,0.79,pitching,5,5,55,8.25,18,6,0.90,50,21,60.0,4,4,1089,.353,.732,180,0,18.15,681217,Chase Silseth,26,3.90,2,2,4,0,2026,0,.379,.929,13,74,.620,2.11,11.10,678,140,Texas Rangers,86,2,5.25,1.50,5,.429,3
25,11,20,.250,0,1,21,0,0,0,.---,0,1,2,3.60,5,5,5,0,0,4,0.36,pitching,0,0,5,9.00,0,1,1.80,0,0,5.0,0,0,50,.286,.736,15,0,10.00,810938,Ben Williamson,2,3.60,0,0,0,0,2026,0,.450,.---,0,0,.660,0.00,0.00,33,139,Tampa Bay Rays,9,0,1.80,1.20,0,.---,0
26,116,523,.249,0,38,568,0,0,4,.800,0,18,55,3.60,0,25,25,25,12,138,1.19,pitching,3,3,130,8.52,0,18,1.18,0,0,137.1,0,8,2281,.302,.696,412,2,16.61,677960,Ryan Weathers,61,4.00,1,3,0,0,2026,0,.394,.200,1,143,.640,3.76,9.37,1449,147,New York Yankees,206,2,2.49,1.22,5,.385,5
34,75,292,.271,0,23,321,2,0,4,1.000,0,16,31,3.61,18,65,65,5,9,91,1.21,pitching,3,3,79,9.19,4,7,0.81,34,7,77.1,1,3,1224,.329,.747,232,0,15.83,593974,Wandy Peralta,31,3.61,2,1,2,0,2026,0,.418,.000,0,50,.640,2.17,5.82,781,135,San Diego Padres,122,3,2.68,1.32,1,.500,3
35,153,490,.235,1,25,519,0,2,2,.250,0,22,51,3.61,0,22,22,22,2,91,0.59,pitching,2,2,115,8.15,0,22,1.56,0,0,127.0,0,9,1951,.275,.697,381,1,15.36,543037,Gerrit Cole,52,3.69,0,0,0,0,2026,0,.422,.750,6,131,.680,5.24,9.28,1326,147,New York Yankees,207,2,1.77,1.10,0,.526,10
27,26,99,.273,0,9,111,0,0,1,.200,0,3,11,3.62,6,15,15,0,4,26,1.00,pitching,2,2,27,8.89,0,4,1.32,8,3,27.1,0,0,460,.342,.807,82,4,16.83,680604,Blas Castaño,12,3.95,0,1,0,0,2026,0,.465,.800,4,21,.650,2.33,6.91,299,115,Colorado Rockies,46,2,2.96,1.32,0,1.000,2
26,152,595,.244,0,81,687,0,0,7,.304,0,30,64,3.62,0,33,33,30,15,132,0.87,pitching,6,6,145,8.21,0,17,0.96,3,0,159.0,0,9,2748,.339,.726,477,0,17.28,676282,Joey Cantillo,79,4.47,2,3,0,0,2026,0,.387,.696,16,171,.620,2.11,9.68,1704,114,Cleveland Guardians,230,2,4.58,1.42,6,.550,11
26,51,182,.231,0,17,201,2,0,3,.500,0,9,20,3.62,11,27,27,1,3,35,0.69,pitching,1,1,42,7.61,1,8,1.45,16,1,49.2,0,2,792,.299,.711,149,2,15.95,702021,Will Dion,24,4.35,0,1,3,1,2026,0,.412,.500,3,55,.660,3.24,9.97,526,120,Washington Nationals,75,0,3.08,1.19,1,.600,3
28,95,345,.235,0,27,378,1,0,3,.429,0,8,38,3.63,6,28,28,11,14,109,1.15,pitching,3,3,81,7.73,0,16,1.53,15,8,94.1,1,2,1506,.295,.692,283,1,15.96,665871,Javier Assad,39,3.72,2,1,3,2,2026,0,.397,.571,4,63,.630,2.33,6.01,944,112,Chicago Cubs,137,0,2.58,1.14,2,.750,6
31,61,246,.199,1,29,285,6,1,0,.000,0,14,27,3.63,28,69,69,0,4,59,0.97,pitching,7,7,49,6.58,13,5,0.67,22,7,67.0,2,5,1153,.301,.626,201,0,17.21,642397,Gregory Soto,31,4.16,2,0,22,16,2026,0,.325,1.000,6,79,.620,2.72,10.61,716,134,Pittsburgh Pirates,80,1,3.90,1.16,8,.545,6
31,62,225,.204,0,31,260,6,0,3,.231,0,5,25,3.63,25,67,67,0,4,53,0.85,pitching,3,3,46,6.68,8,9,1.31,24,8,62.0,2,3,1112,.308,.664,186,2,17.94,622554,Seranthony Domínguez,28,4.06,0,1,18,12,2026,0,.356,.769,10,65,.610,2.10,9.44,676,136,Seattle Mariners,80,1,4.50,1.24,6,.625,5
25,15,150,.233,0,14,169,1,0,0,.000,0,2,16,3.63,3,43,43,0,4,40,2.67,pitching,3,3,35,7.94,13,4,0.91,24,6,39.2,2,4,642,.311,.638,119,0,16.18,805427,Drew Sommers,20,4.54,2,0,1,0,2026,0,.327,1.000,1,62,.680,4.43,14.07,438,116,Detroit Tigers,49,0,3.18,1.24,1,.333,2
26,34,110,.227,1,11,123,1,0,0,.000,0,5,12,3.64,15,32,32,0,2,22,0.65,pitching,1,1,25,7.58,3,4,1.21,6,2,29.2,1,2,477,.301,.683,89,0,16.08,694037,Daniel Palencia,13,3.94,0,1,4,3,2026,0,.382,1.000,3,30,.630,2.73,9.10,302,112,Chicago Cubs,42,0,3.34,1.21,0,.500,2
38,25,114,.254,0,13,130,2,0,0,.000,0,7,12,3.64,6,36,36,0,1,31,1.24,pitching,1,1,29,8.80,6,3,0.91,14,5,29.2,2,1,494,.333,.763,89,0,16.65,595014,Blake Treinen,12,3.64,1,1,3,1,2026,0,.430,1.000,7,31,.650,2.38,9.40,319,119,Los Angeles Dodgers,49,2,3.94,1.42,0,.800,4
35,47,158,.266,0,10,177,2,0,0,.000,0,9,17,3.64,10,44,44,0,3,50,1.06,pitching,3,3,42,9.00,7,5,1.07,25,9,42.0,1,0,674,.316,.734,126,0,16.05,571948,Hoby Milner,17,3.64,3,3,3,1,2026,0,.418,1.000,3,25,.660,2.50,5.36,442,136,Seattle Mariners,66,0,2.14,1.24,0,1.000,1
33,66,211,.242,1,18,234,2,0,1,.200,0,8,22,3.64,12,53,53,1,2,56,0.85,pitching,5,5,51,8.45,18,4,0.66,16,7,54.1,3,3,845,.316,.652,163,0,15.55,596001,Jakob Junis,22,3.64,0,0,8,6,2026,0,.336,.800,4,38,.660,2.11,6.29,560,140,Texas Rangers,71,0,2.98,1.27,3,.250,1
26,138,616,.235,2,35,667,0,0,4,.250,1,23,67,3.65,0,28,28,28,20,169,1.22,pitching,7,7,145,7.89,0,22,1.20,0,0,165.1,0,6,2413,.281,.667,496,1,14.59,677952,Braxton Ashcraft,73,3.97,2,7,0,0,2026,0,.386,.750,12,173,.700,4.94,9.42,1684,134,Pittsburgh Pirates,238,2,1.91,1.09,4,.700,14
24,29,95,.284,0,7,104,0,0,1,1.000,0,2,10,3.65,0,5,5,4,3,27,0.93,pitching,0,0,27,9.85,0,4,1.46,0,0,24.2,0,1,375,.327,.780,74,0,15.20,702885,Cesar Perdomo,10,3.65,0,2,0,0,2026,0,.453,.000,0,14,.630,2.00,5.11,237,137,San Francisco Giants,43,1,2.55,1.38,0,.000,0
25,131,423,.246,0,21,455,0,0,1,.091,0,17,46,3.65,0,20,20,19,10,105,0.80,pitching,3,3,104,8.26,0,12,0.95,0,0,113.1,2,7,1618,.284,.655,340,0,14.28,687562,Jake Bennett,47,3.73,4,4,0,0,2026,0,.371,.909,10,91,.680,4.33,7.23,1100,111,Boston Red Sox,157,0,1.67,1.10,2,.563,9
25,114,348,.218,0,42,401,1,0,3,.300,0,16,39,3.66,9,64,64,0,7,72,0.63,pitching,3,3,76,7.13,12,13,1.22,35,10,96.0,0,3,1640,.303,.697,288,0,17.08,805123,AJ Blubaugh,41,3.84,2,6,2,1,2026,0,.394,.700,7,94,.620,2.24,8.81,1013,117,Houston Astros,137,3,3.94,1.23,8,.625,5
27,39,110,.191,0,16,128,1,0,1,.333,0,3,13,3.66,12,31,31,0,5,25,0.64,pitching,0,0,21,5.91,0,3,0.84,16,7,32.0,2,3,488,.289,.589,96,0,15.25,699823,Tyler Davis,15,4.22,0,2,2,1,2026,0,.300,.667,2,27,.660,1.69,7.59,323,145,Chicago White Sox,33,0,4.50,1.16,0,.400,2
29,125,546,.269,0,41,596,0,1,5,.357,0,34,57,3.66,0,30,30,30,13,145,1.16,pitching,5,5,147,9.45,0,15,0.96,0,0,140.0,0,5,2328,.325,.743,420,0,16.63,681517,Kyle Leahy,58,3.73,2,1,0,0,2026,0,.418,.643,9,132,.630,3.22,8.49,1476,138,St. Louis Cardinals,228,1,2.64,1.34,4,.667,10
25,161,538,.240,0,31,578,0,0,2,.500,0,22,57,3.66,1,28,28,22,12,134,0.83,pitching,5,5,129,8.29,0,21,1.35,2,2,140.0,1,5,2137,.286,.684,420,0,15.26,680736,Justin Wrobleski,59,3.79,2,2,0,0,2026,0,.398,.500,2,118,.680,3.81,7.59,1445,119,Los Angeles Dodgers,214,0,1.99,1.14,2,.706,12
32,94,403,.233,1,43,456,6,0,4,.308,0,17,44,3.67,9,49,49,11,10,105,1.12,pitching,6,6,94,7.83,6,16,1.33,19,4,108.0,1,7,1770,.315,.715,324,0,16.39,623454,Drew Anderson,48,4.00,2,2,8,2,2026,0,.400,.692,9,114,.650,2.65,9.50,1155,116,Detroit Tigers,161,1,3.58,1.27,4,.417,5
26,52,204,.240,0,24,231,0,0,0,.---,0,9,22,3.67,3,11,11,8,5,52,1.00,pitching,2,2,49,8.17,0,7,1.17,2,0,54.0,0,3,932,.326,.723,162,0,17.26,690928,Hunter Dobbins,24,4.00,1,0,1,1,2026,0,.397,.---,0,52,.610,2.17,8.67,569,138,St. Louis Cardinals,81,1,4.00,1.35,0,.500,3
24,26,102,.225,0,21,125,0,0,2,.500,0,4,11,3.67,0,6,6,6,2,30,1.15,pitching,1,1,23,7.67,0,2,0.67,0,0,27.0,0,2,491,.360,.684,81,1,18.19,691946,George Klassen,13,4.33,0,1,0,0,2026,0,.324,.500,2,24,.590,1.14,8.00,288,108,Los Angeles Angels,33,0,7.00,1.63,2,.500,2
26,28,165,.267,0,21,189,1,0,2,.500,0,4,17,3.67,4,36,36,3,4,44,1.57,pitching,3,3,44,9.50,12,3,0.65,15,8,41.2,2,4,762,.360,.705,125,0,18.29,694361,Will Klein,22,4.75,0,0,3,2,2026,0,.345,.500,2,49,.630,2.33,10.58,478,119,Los Angeles Dodgers,57,0,4.54,1.56,2,.429,3
26,41,126,.206,0,29,160,2,0,1,.250,0,5,15,3.68,3,18,18,3,1,24,0.59,pitching,0,0,26,6.38,1,2,0.49,10,0,36.2,1,2,685,.346,.640,110,2,18.68,683000,Riley Cornelio,22,5.40,1,4,2,0,2026,0,.294,.750,3,40,.600,1.38,9.82,408,120,Washington Nationals,37,0,7.12,1.50,2,.600,3
27,5,26,.192,0,4,33,0,0,0,.000,0,0,3,3.68,0,3,3,0,0,8,1.60,pitching,3,3,5,6.14,0,1,1.23,0,0,7.1,1,0,142,.364,.749,22,0,19.36,676272,Bobby Miller,3,3.68,0,0,0,0,2026,0,.385,1.000,1,8,.580,2.00,9.82,82,119,Los Angeles Dodgers,10,1,4.91,1.23,1,1.000,1
29,6,25,.200,0,3,31,0,0,0,.---,0,3,3,3.68,2,7,7,1,0,10,1.67,pitching,1,1,5,6.14,0,0,0.00,3,1,7.1,0,0,130,.290,.610,22,0,17.73,647315,Zach Pop,3,3.68,0,2,0,0,2026,0,.320,.---,0,6,.610,2.00,7.36,79,143,Philadelphia Phillies,8,0,3.68,1.09,0,.---,0
22,121,344,.186,0,47,401,0,0,1,.250,0,21,40,3.69,0,20,20,20,4,70,0.58,pitching,2,2,64,5.90,0,12,1.11,0,0,97.2,0,6,1619,.284,.636,293,0,16.58,702056,Trey Yesavage,41,3.78,3,5,0,0,2026,0,.352,.750,3,97,.620,2.06,8.94,1003,141,Toronto Blue Jays,121,0,4.33,1.14,4,.455,5
33,120,312,.224,0,26,345,2,0,0,.000,0,19,34,3.69,28,54,54,0,1,55,0.46,pitching,1,1,70,7.59,1,12,1.30,25,5,83.0,4,1,1302,.282,.689,249,0,15.69,670950,Trevor Richards,38,4.12,1,5,4,2,2026,0,.407,1.000,5,73,.650,2.81,7.92,847,145,Chicago White Sox,127,1,2.82,1.16,12,.000,0
34,84,239,.226,1,23,268,0,0,3,.429,0,10,26,3.69,19,38,38,2,3,54,0.64,pitching,4,4,54,7.67,2,3,0.43,18,6,63.1,1,1,1061,.305,.636,190,4,16.75,642232,Ryan Yarbrough,33,4.69,2,0,3,3,2026,0,.331,.571,4,49,.640,2.13,6.96,684,147,New York Yankees,79,3,3.27,1.22,1,.667,2
31,71,281,.260,0,23,312,2,0,4,.308,0,12,30,3.70,15,75,75,5,7,81,1.14,pitching,4,4,73,9.00,14,3,0.37,28,7,73.0,1,2,1200,.323,.672,219,1,16.44,641302,Tyler Alexander,34,4.19,2,2,6,4,2026,0,.349,.692,9,60,.640,2.61,7.40,770,140,Texas Rangers,98,2,2.84,1.32,1,.714,5
29,40,188,.229,0,27,222,0,0,2,.182,0,5,21,3.71,4,58,58,0,1,61,1.53,pitching,2,2,43,7.59,14,3,0.53,30,6,51.0,1,2,876,.329,.632,153,2,17.18,681892,Kody Funderburk,21,3.71,3,2,1,1,2026,0,.303,.818,9,49,.610,1.81,8.65,536,142,Minnesota Twins,57,0,4.76,1.37,2,.600,3
27,137,506,.225,1,57,580,1,0,4,.333,1,21,57,3.71,2,27,27,24,14,142,1.04,pitching,9,9,114,7.42,0,17,1.11,4,1,138.1,1,8,2185,.311,.679,415,0,15.80,669372,J.T. Ginn,63,4.10,2,6,1,0,2026,0,.368,.667,8,121,.610,2.12,7.87,1327,133,Athletics,186,0,3.71,1.24,3,.529,9
24,111,378,.209,2,31,415,0,0,1,.167,0,19,42,3.72,0,21,21,21,4,68,0.61,pitching,3,3,79,6.99,0,12,1.06,0,0,101.2,0,6,1634,.273,.638,305,1,16.07,683003,Jared Jones,43,3.81,1,2,0,0,2026,0,.365,.833,5,123,.650,3.97,10.89,1055,134,Pittsburgh Pirates,138,2,2.74,1.08,3,.455,5
29,191,686,.223,0,49,750,0,0,2,.111,0,36,77,3.73,0,32,32,32,10,145,0.76,pitching,7,7,153,7.40,0,29,1.40,0,0,186.0,2,11,2983,.281,.686,558,4,16.04,669302,Logan Gilbert,77,3.73,5,3,0,0,2026,0,.405,.889,16,205,.650,4.18,9.92,1937,136,Seattle Mariners,278,1,2.37,1.09,5,.522,12
29,56,220,.200,0,41,268,2,0,1,.143,0,10,26,3.73,28,66,66,0,4,42,0.75,pitching,5,5,44,6.32,16,9,1.29,21,4,62.2,0,4,1093,.338,.715,188,1,17.44,650556,Bryan Abreu,28,4.02,2,0,11,9,2026,0,.377,.857,6,80,.600,1.95,11.49,654,117,Houston Astros,83,1,5.89,1.36,7,.600,6
25,192,664,.214,0,76,748,0,0,0,.000,0,26,74,3.73,0,31,31,31,9,129,0.67,pitching,4,4,142,7.17,0,23,1.16,0,0,178.1,0,6,2997,.298,.658,535,1,16.81,671737,Taj Bradley,74,3.73,2,2,0,0,2026,0,.360,1.000,13,205,.630,2.70,10.35,1895,142,Minnesota Twins,239,1,3.84,1.22,7,.667,12
29,66,248,.274,2,18,282,3,1,1,.125,0,8,28,3.74,15,70,70,9,6,66,1.00,pitching,4,4,68,9.09,10,5,0.67,24,13,67.1,2,4,1057,.326,.693,202,3,15.70,663542,Bryan Hudson,31,4.14,5,6,11,8,2026,0,.367,.875,7,59,.670,3.28,7.89,712,145,Chicago White Sox,91,0,2.41,1.28,1,.556,5
26,142,675,.213,0,61,746,0,0,6,.300,0,26,77,3.76,0,32,32,32,8,145,1.02,pitching,6,6,144,7.03,0,28,1.37,0,0,184.1,0,8,2991,.284,.663,553,5,16.23,668909,Gavin Williams,81,3.95,4,0,0,0,2026,0,.379,.700,14,248,.660,4.07,12.11,1988,114,Cleveland Guardians,256,1,2.98,1.11,9,.636,14
28,46,198,.202,0,26,226,0,0,2,.286,0,8,23,3.76,1,14,14,9,5,56,1.22,pitching,2,2,40,6.55,2,4,0.65,0,0,55.0,0,2,882,.301,.614,165,2,16.04,663460,Kris Bubic,23,3.76,0,0,0,0,2026,0,.313,.714,5,56,.640,2.15,9.16,561,119,Los Angeles Dodgers,62,1,4.25,1.20,4,.667,4
24,21,105,.219,0,15,122,0,0,0,.000,0,3,12,3.77,9,16,16,0,3,33,1.57,pitching,1,1,23,7.22,0,1,0.31,4,1,28.2,0,0,479,.320,.653,86,0,16.71,690978,Dax Fulton,12,3.77,0,1,0,0,2026,0,.333,1.000,3,29,.600,1.93,9.10,288,146,Miami Marlins,35,3,4.71,1.33,1,1.000,2
29,80,270,.270,0,19,305,0,0,1,.500,0,16,30,3.77,10,55,55,6,9,70,0.88,pitching,8,8,73,9.17,7,7,0.88,23,7,71.2,3,2,1136,.330,.745,215,1,15.85,668984,Casey Legumina,30,3.77,2,6,0,0,2026,0,.415,.500,1,55,.670,2.89,6.91,764,139,Tampa Bay Rays,112,1,2.39,1.28,0,.500,2
28,51,157,.217,0,18,178,3,0,1,.200,0,5,18,3.77,9,45,45,0,3,33,0.65,pitching,0,0,34,7.12,12,5,1.05,21,5,43.0,0,2,750,.294,.638,129,0,17.44,687377,Orlando Ribalta,21,4.40,1,2,5,2,2026,0,.344,.800,4,42,.650,2.33,8.79,489,120,Washington Nationals,54,0,3.77,1.21,2,.333,1
32,196,660,.233,0,37,706,0,0,1,.167,0,22,73,3.77,0,32,32,32,11,138,0.70,pitching,7,7,154,7.95,0,35,1.81,0,0,174.1,0,10,2810,.281,.713,523,5,16.12,684007,Shota Imanaga,75,3.87,1,1,0,0,2026,0,.432,.833,5,174,.650,4.70,8.98,1837,112,Chicago Cubs,285,2,1.91,1.10,4,.524,11
27,153,520,.248,1,32,562,0,0,0,.000,0,24,57,3.77,2,29,29,19,13,148,0.97,pitching,6,6,129,8.54,2,14,0.93,2,1,136.0,1,3,2033,.298,.681,408,0,14.95,694297,Brandon Pfaadt,61,4.04,1,3,0,0,2026,0,.383,1.000,2,94,.660,2.94,6.22,1335,109,Arizona Diamondbacks,199,2,2.12,1.18,3,.727,8
23,20,65,.215,0,7,73,1,0,0,.000,0,2,7,3.78,3,15,15,0,0,15,0.75,pitching,1,1,14,7.56,2,4,2.16,5,1,16.2,0,1,285,.301,.732,50,0,17.10,683409,Angel Chivilli,9,4.86,0,0,1,0,2026,0,.431,1.000,2,16,.620,2.29,8.64,176,147,New York Yankees,28,0,3.78,1.26,1,.500,1
33,74,259,.255,1,21,289,1,0,1,.167,0,17,28,3.78,20,66,66,0,3,53,0.72,pitching,6,6,66,8.91,7,7,0.94,49,13,66.2,0,3,1102,.322,.724,200,2,16.53,670036,Matt Festa,32,4.32,0,3,2,1,2026,0,.402,.833,5,69,.640,3.29,9.32,706,114,Cleveland Guardians,104,0,2.84,1.31,0,.400,2
26,65,311,.222,0,33,357,2,1,2,.667,0,10,35,3.78,5,40,40,5,9,104,1.60,pitching,8,8,69,7.45,7,10,1.08,22,10,83.1,3,2,1467,.311,.661,250,0,17.60,695418,Brad Lord,36,3.89,2,2,3,1,2026,0,.350,.333,1,77,.670,2.33,8.32,982,120,Washington Nationals,109,0,3.56,1.22,2,.714,5
26,27,131,.282,0,22,162,1,1,1,.333,0,8,14,3.78,8,32,32,0,2,32,1.19,pitching,4,4,37,9.99,3,2,0.54,23,10,33.1,3,1,597,.396,.785,100,0,17.91,688158,David Morgan,16,4.32,2,2,1,0,2026,0,.389,.667,2,39,.640,1.77,10.53,384,135,San Diego Padres,51,0,5.94,1.77,3,.800,4
21,36,135,.259,0,9,146,0,0,0,.000,0,3,15,3.79,0,7,7,7,4,34,0.94,pitching,0,0,35,8.83,0,4,1.01,0,0,35.2,0,2,541,.301,.701,107,0,15.17,807739,Kade Anderson,15,3.79,0,2,0,0,2026,0,.400,1.000,3,32,.670,3.56,8.07,365,136,Seattle Mariners,54,2,2.27,1.23,1,.500,2
30,158,565,.242,0,31,614,0,0,4,.174,0,30,61,3.79,0,27,27,27,4,116,0.73,pitching,13,13,137,8.52,0,21,1.31,0,0,144.2,0,10,2441,.295,.709,434,1,16.87,657746,Joe Ryan,74,4.60,0,5,0,0,2026,0,.414,.826,19,159,.670,5.13,9.89,1636,142,Minnesota Twins,234,2,1.93,1.16,3,.412,7
32,31,103,.272,0,8,113,1,0,0,.000,0,5,11,3.81,3,29,29,0,1,25,0.81,pitching,0,0,28,9.69,6,6,2.08,19,8,26.0,1,1,407,.324,.819,78,0,15.65,656222,Jalen Beeks,11,3.81,2,0,1,0,2026,0,.495,1.000,3,21,.650,2.63,7.27,265,140,Texas Rangers,51,0,2.77,1.38,0,.667,2
23,38,114,.211,0,14,134,0,0,0,.---,0,2,13,3.82,1,7,7,4,1,22,0.58,pitching,2,2,24,7.04,0,2,0.59,1,0,30.2,0,2,539,.301,.599,92,0,17.58,804636,Jonah Tong,16,4.70,1,3,0,0,2026,0,.298,.---,0,34,.630,2.43,9.98,337,121,New York Mets,34,1,4.11,1.24,1,.500,2
29,188,586,.232,0,59,664,0,0,5,.294,0,22,66,3.82,0,29,29,29,10,115,0.61,pitching,12,12,136,7.86,0,17,0.98,0,0,155.2,0,10,2643,.314,.671,467,0,16.98,663567,Peter Lambert,68,3.93,4,3,0,0,2026,0,.357,.706,12,154,.640,2.61,8.90,1696,117,Houston Astros,209,0,3.41,1.25,6,.444,8
24,169,643,.227,0,49,712,0,1,3,.500,0,34,74,3.82,0,32,32,32,12,136,0.80,pitching,11,11,146,7.54,0,20,1.03,0,0,174.1,0,11,2890,.291,.670,523,2,16.58,694973,Paul Skenes,82,4.23,3,5,0,0,2026,0,.379,.500,3,200,.640,4.08,10.33,1864,134,Pittsburgh Pirates,244,2,2.53,1.12,2,.476,10
29,47,159,.239,0,15,178,0,0,2,.667,0,4,18,3.83,16,30,30,0,5,37,0.79,pitching,2,2,38,8.08,0,3,0.64,16,7,42.1,0,0,669,.313,.671,127,1,15.80,646241,Enmanuel De Jesus,21,4.46,2,0,1,1,2026,0,.358,.333,1,39,.650,2.60,8.29,436,116,Detroit Tigers,57,3,3.19,1.25,0,1.000,2
33,175,543,.256,0,52,606,0,2,4,.211,0,22,60,3.83,3,33,33,15,8,135,0.77,pitching,4,4,139,8.87,0,23,1.47,10,5,141.0,2,9,2413,.323,.750,423,1,17.11,607200,Erick Fedde,68,4.34,0,5,0,0,2026,0,.427,.789,15,99,.600,1.90,6.32,1456,145,Chicago White Sox,232,1,3.32,1.35,2,.471,8
25,51,185,.259,0,20,211,0,0,3,.600,0,8,21,3.83,0,9,9,9,3,45,0.88,pitching,1,1,48,8.76,0,5,0.91,0,0,49.1,0,4,867,.330,.714,148,0,17.57,687273,Quinn Mathews,21,3.83,2,3,0,0,2026,0,.384,.400,2,46,.620,2.30,8.39,536,138,St. Louis Cardinals,71,0,3.65,1.38,1,.333,2
27,131,617,.253,0,50,679,0,2,2,.111,0,28,69,3.83,0,29,29,29,20,224,1.71,pitching,6,6,156,8.67,0,12,0.67,0,0,162.0,0,9,2642,.314,.680,486,2,16.31,669467,Andre Pallante,73,4.06,1,3,0,0,2026,0,.366,.889,16,110,.620,2.20,6.11,1645,138,St. Louis Cardinals,226,3,2.78,1.27,5,.571,12
27,119,416,.224,1,47,474,0,0,2,.333,0,17,47,3.85,0,23,23,23,3,72,0.61,pitching,9,9,93,7.61,0,12,0.98,0,0,110.0,0,5,1964,.314,.670,330,0,17.85,681035,Christian Scott,48,3.93,0,2,0,0,2026,0,.356,.667,4,134,.640,2.85,10.96,1266,121,New York Mets,148,1,3.85,1.27,1,.444,4
24,3,9,.222,0,1,10,0,0,0,.---,0,0,1,3.86,3,3,3,0,0,4,1.33,pitching,0,0,2,7.71,0,1,3.86,0,0,2.1,0,0,28,.300,.856,7,0,12.00,682668,Luisangel Acuña,1,3.86,0,0,0,0,2026,0,.556,.---,0,0,.500,0.00,0.00,14,145,Chicago White Sox,5,0,3.86,1.29,0,.---,0
24,48,208,.236,0,25,238,1,0,0,.000,0,10,23,3.86,12,53,53,0,2,50,1.04,pitching,4,4,49,8.22,8,6,1.01,24,10,53.2,2,3,981,.328,.708,161,0,18.28,820862,José Fermin,27,4.53,0,1,2,1,2026,0,.380,1.000,9,62,.650,2.48,10.40,640,108,Los Angeles Angels,79,1,4.19,1.38,3,.571,4
31,60,223,.251,0,17,249,2,1,1,.200,0,9,24,3.86,8,49,49,0,2,52,0.87,pitching,3,3,56,9.00,8,9,1.45,22,10,56.0,3,0,944,.309,.739,168,0,16.86,682608,Peyton Gray,29,4.66,2,3,2,0,2026,0,.430,.800,4,60,.670,3.53,9.64,636,140,Texas Rangers,96,2,2.73,1.30,1,1.000,6
28,18,46,.261,0,2,50,0,0,0,.000,0,1,5,3.86,3,4,4,0,1,9,0.50,pitching,1,1,12,9.26,0,4,3.09,0,0,11.2,0,0,187,.300,.887,35,0,16.03,689017,Landon Knack,5,3.86,0,1,1,1,2026,0,.587,1.000,1,8,.650,4.00,6.17,121,119,Los Angeles Dodgers,27,1,1.54,1.20,0,1.000,1
31,4,11,.455,0,1,12,0,0,0,.---,0,0,1,3.86,3,3,3,0,1,1,0.25,pitching,0,0,5,19.29,0,0,0.00,0,0,2.1,0,0,41,.500,.955,7,0,17.57,622761,Jorge Mateo,1,3.86,0,0,0,0,2026,0,.455,.---,0,1,.610,1.00,3.86,25,144,Atlanta Braves,5,0,3.86,2.57,0,.---,0
32,2,9,.111,1,1,10,0,0,0,.---,0,1,1,3.86,0,1,1,1,0,3,1.50,pitching,0,0,1,3.86,0,0,0.00,0,0,2.1,0,0,47,.200,.422,7,0,20.14,664074,Cody Ponce,1,3.86,0,0,0,0,2026,0,.222,.---,0,3,.640,3.00,11.57,30,141,Toronto Blue Jays,2,0,3.86,0.86,1,.---,0
33,10,22,.136,0,8,31,0,0,2,1.000,0,1,3,3.86,2,6,6,0,0,3,0.30,pitching,1,1,3,3.86,0,0,0.00,2,1,7.0,0,0,127,.387,.569,21,0,18.14,663432,Tanner Rainey,3,3.86,0,0,0,0,2026,0,.182,.000,0,6,.530,0.75,7.71,67,116,Detroit Tigers,4,0,10.29,1.57,4,.---,0
24,16,38,.263,0,4,42,0,0,0,.---,0,2,4,3.86,3,4,4,0,0,4,0.25,pitching,0,0,10,9.64,0,1,0.96,2,2,9.1,0,0,182,.333,.728,28,0,19.50,692230,Carlos Rodriguez,4,3.86,0,0,0,0,2026,0,.395,.---,0,8,.600,2.00,7.71,109,158,Milwaukee Brewers,15,0,3.86,1.50,0,.---,0
26,49,147,.238,0,22,177,5,0,0,.000,0,5,17,3.86,15,42,42,0,1,24,0.49,pitching,2,2,35,7.94,7,3,0.68,20,5,39.2,3,6,703,.337,.670,119,0,17.72,681916,Dylan Smith,20,4.54,2,4,9,4,2026,0,.333,1.000,3,45,.630,2.05,10.21,444,137,San Francisco Giants,49,0,4.99,1.44,3,.000,0
36,84,239,.238,0,20,262,0,0,3,.600,0,12,27,3.86,18,28,28,0,1,55,0.65,pitching,0,0,57,8.14,0,8,1.14,0,0,63.0,0,0,970,.294,.708,189,0,15.40,544150,Albert Suárez,32,4.57,0,3,1,1,2026,0,.414,.400,2,46,.620,2.30,6.57,605,110,Baltimore Orioles,99,3,2.86,1.22,1,1.000,3
26,20,92,.293,0,10,105,0,0,1,.333,0,1,10,3.86,8,19,19,1,3,26,1.30,pitching,1,1,27,10.41,1,4,1.54,6,1,23.1,0,1,389,.362,.797,70,0,16.67,694360,Beck Way,13,5.01,0,2,0,0,2026,0,.435,.667,2,21,.630,2.10,8.10,247,118,Kansas City Royals,40,0,3.86,1.59,3,.500,1
27,137,415,.229,1,35,463,0,0,1,.143,0,23,47,3.87,0,21,21,20,6,83,0.61,pitching,10,10,95,7.82,0,15,1.23,0,0,109.1,0,5,1817,.304,.702,328,0,16.62,688107,Robert Gasser,49,4.03,2,1,0,0,2026,0,.398,.857,6,103,.660,2.94,8.48,1200,158,Milwaukee Brewers,165,1,2.88,1.19,0,.500,5
30,253,821,.248,3,59,894,0,0,9,.375,1,37,92,3.87,3,36,36,33,13,216,0.85,pitching,9,9,204,8.58,0,24,1.01,0,0,214.0,0,11,3293,.305,.694,642,0,15.39,645261,Sandy Alcantara,97,4.08,2,3,3,3,2026,1,.389,.625,15,153,.660,2.59,6.43,2187,146,Miami Marlins,319,3,2.48,1.23,2,.542,13
28,56,251,.195,0,40,304,4,1,0,.000,0,9,30,3.88,24,65,65,0,3,55,0.98,pitching,9,9,49,6.33,14,7,0.90,25,7,69.2,5,4,1279,.325,.648,209,0,18.36,666171,Ryan Zeferjahn,33,4.26,1,2,11,7,2026,0,.323,1.000,13,94,.600,2.35,12.14,765,112,Chicago Cubs,81,1,5.17,1.28,4,.500,4
24,40,164,.238,0,18,189,0,0,2,.500,0,10,19,3.89,1,10,10,3,2,42,1.05,pitching,3,3,39,7.98,0,6,1.23,3,0,44.0,0,3,743,.319,.728,132,0,16.89,801403,Chase Dollander,19,3.89,1,3,0,0,2026,0,.409,.500,2,47,.630,2.61,9.61,471,115,Colorado Rockies,67,0,3.68,1.30,0,.500,3
27,181,538,.262,1,37,587,0,0,5,.278,0,30,61,3.90,3,32,32,23,11,136,0.75,pitching,5,5,141,9.02,2,16,1.02,8,7,140.2,1,6,2226,.312,.734,422,0,15.82,681190,Randy Vásquez,65,4.16,1,6,0,0,2026,0,.422,.722,13,87,.660,2.35,5.57,1473,135,San Diego Padres,227,4,2.37,1.27,1,.625,10
27,54,201,.219,1,25,229,1,0,5,.500,0,11,24,3.90,26,56,56,0,5,39,0.72,pitching,2,2,44,7.16,9,10,1.63,32,11,55.1,2,4,951,.310,.733,166,0,17.19,665660,Elvis Alvarado,25,4.07,0,1,7,6,2026,0,.423,.500,5,65,.640,2.60,10.57,606,133,Athletics,85,0,4.07,1.25,3,.556,5
23,166,579,.214,3,68,660,0,0,6,.162,1,29,69,3.91,0,30,30,29,11,122,0.73,pitching,10,10,124,7.02,0,20,1.13,0,0,159.0,0,11,2673,.306,.677,477,1,16.81,691587,Eury Pérez,77,4.36,0,3,0,0,2026,1,.371,.838,31,170,.630,2.50,9.62,1696,146,Miami Marlins,215,1,3.85,1.21,4,.421,8
35,133,473,.241,1,39,520,0,0,3,1.000,0,15,55,3.91,0,22,22,22,9,131,0.98,pitching,7,7,114,8.10,0,15,1.07,0,0,126.2,0,5,1957,.308,.680,380,4,15.45,571510,Matthew Boyd,59,4.19,1,0,0,0,2026,0,.372,.000,0,96,.660,2.46,6.82,1283,112,Chicago Cubs,176,1,2.77,1.21,1,.667,10
27,131,659,.235,0,73,745,0,0,5,.455,0,20,77,3.91,0,32,32,32,15,208,1.59,pitching,9,9,155,7.87,0,18,0.91,0,0,177.1,1,8,2916,.319,.666,532,1,16.44,667755,José Soriano,83,4.21,3,1,0,0,2026,0,.347,.545,6,169,.630,2.32,8.58,1841,141,Toronto Blue Jays,229,0,3.70,1.29,5,.600,12
23,36,171,.222,0,16,193,0,0,1,.250,0,9,20,3.91,0,9,9,9,4,48,1.33,pitching,4,4,38,7.43,0,7,1.37,0,0,46.0,0,3,771,.301,.710,138,0,16.76,695549,Jackson Jobe,21,4.11,0,2,0,0,2026,0,.409,.750,3,51,.630,3.19,9.98,485,116,Detroit Tigers,70,1,3.13,1.17,0,.500,3
35,45,228,.259,1,24,258,3,0,4,.235,0,6,26,3.92,13,57,57,0,4,61,1.36,pitching,1,1,59,8.90,7,8,1.21,26,17,59.2,2,3,981,.327,.717,179,0,16.44,667297,Tommy Nance,28,4.22,1,4,3,0,2026,0,.390,.765,13,68,.660,2.83,10.26,646,142,Minnesota Twins,89,0,3.62,1.39,3,.500,3
27,147,610,.261,1,54,677,0,2,0,.000,0,37,68,3.92,0,32,32,29,15,153,1.04,pitching,4,4,159,9.17,1,21,1.21,1,0,156.0,1,6,2642,.322,.756,468,2,16.94,701542,Will Warren,83,4.79,1,6,0,0,2026,0,.434,1.000,4,158,.630,2.93,9.12,1663,147,New York Yankees,265,3,3.12,1.37,4,.647,11
23,48,124,.202,0,14,140,0,0,2,.333,0,5,15,3.93,0,8,8,5,2,28,0.58,pitching,2,2,25,6.55,1,5,1.31,1,0,34.1,0,0,572,.293,.656,103,0,16.66,814490,Ethan Pecko,16,4.19,0,0,0,0,2026,0,.363,.667,4,23,.600,1.64,6.03,343,117,Houston Astros,45,0,3.67,1.14,1,1.000,2
35,24,55,.236,0,11,70,0,0,1,.333,0,5,7,3.94,3,13,13,0,0,9,0.38,pitching,0,0,13,7.31,0,0,0.00,8,2,16.0,0,0,291,.348,.675,48,0,18.19,608650,Dietrich Enns,8,4.50,1,3,0,0,2026,0,.327,.667,2,13,.620,1.18,7.31,179,110,Baltimore Orioles,18,0,6.19,1.50,1,1.000,3
29,39,180,.228,0,33,216,2,0,2,.500,0,9,21,3.94,10,53,53,2,2,38,0.97,pitching,1,1,41,7.69,10,4,0.75,22,5,48.0,4,2,888,.347,.691,144,0,18.50,663855,Jordan Hicks,21,3.94,0,2,3,1,2026,0,.344,.500,2,64,.620,1.94,12.00,549,145,Chicago White Sox,62,0,6.19,1.54,6,.600,3
29,151,557,.262,1,46,617,0,0,4,.250,0,30,64,3.95,0,29,29,28,16,142,0.94,pitching,10,10,146,9.00,0,14,0.86,0,0,146.0,0,8,2349,.328,.719,438,1,16.09,663436,Davis Martin,68,4.19,1,3,0,0,2026,0,.391,.750,12,122,.640,2.65,7.52,1499,145,Chicago White Sox,218,0,2.84,1.32,7,.529,9
25,179,647,.260,0,48,702,0,0,1,.250,0,38,74,3.95,0,31,31,31,17,191,1.07,pitching,1,1,168,8.96,0,21,1.12,0,0,168.2,0,9,2774,.309,.734,506,1,16.45,700241,Michael McGreevy,79,4.22,0,6,0,0,2026,0,.425,.750,3,115,.610,2.40,6.14,1695,138,St. Louis Cardinals,275,3,2.56,1.28,2,.438,7
27,14,52,.212,0,2,54,0,0,0,.---,0,4,6,3.95,2,3,3,0,0,15,1.07,pitching,0,0,11,7.24,0,1,0.66,2,0,13.2,0,0,212,.241,.626,41,0,15.51,695049,Brett Kerry,6,3.95,0,0,0,0,2026,0,.385,.---,0,12,.660,6.00,7.90,140,108,Los Angeles Angels,20,1,1.32,0.95,0,.---,0
27,138,486,.257,0,44,537,2,1,1,.167,0,25,54,3.95,4,37,37,12,10,128,0.93,pitching,4,4,125,9.15,7,10,0.73,6,1,123.0,1,7,2080,.323,.697,369,0,16.91,669387,Carmen Mlodzinski,62,4.54,0,2,4,2,2026,0,.374,.833,5,97,.630,2.20,7.10,1316,134,Pittsburgh Pirates,182,1,3.22,1.37,0,.533,8
26,11,46,.196,0,8,57,0,0,2,.500,0,1,6,3.95,6,11,11,0,2,12,1.09,pitching,1,1,9,5.93,1,1,0.66,6,3,13.2,0,0,245,.316,.599,41,0,17.93,685464,Cade Winquest,8,5.27,0,2,0,0,2026,0,.283,.500,2,16,.610,2.00,10.54,149,138,St. Louis Cardinals,13,0,5.27,1.24,1,1.000,1
24,42,129,.225,0,7,136,0,0,0,.000,0,6,15,3.97,2,9,9,5,1,27,0.64,pitching,0,0,29,7.68,0,3,0.79,0,0,34.0,0,2,541,.265,.637,102,0,15.91,683627,Anthony Molina,18,4.76,0,0,0,0,2026,0,.372,1.000,2,31,.660,4.43,8.21,357,137,San Francisco Giants,48,2,1.85,1.06,0,.600,3
24,16,80,.275,0,10,93,0,0,1,.500,0,6,9,3.98,0,4,4,3,2,19,1.19,pitching,3,3,22,9.74,0,0,0.00,0,0,20.1,1,2,357,.376,.726,61,0,17.56,690953,Mick Abel,9,3.98,0,0,0,0,2026,0,.350,.500,1,23,.670,2.30,10.18,239,142,Minnesota Twins,28,0,4.43,1.57,0,.333,1
31,53,172,.192,0,17,197,0,0,1,.167,0,8,22,3.99,12,50,50,1,6,57,1.08,pitching,4,4,33,5.98,4,7,1.27,27,2,49.2,2,2,714,.276,.648,149,0,14.38,667463,John King,24,4.35,1,3,1,1,2026,0,.372,.833,5,33,.640,1.94,5.98,460,146,Miami Marlins,64,1,3.08,1.01,0,.750,6
31,144,557,.248,1,46,614,0,0,2,.667,0,22,66,3.99,0,27,27,27,15,146,1.01,pitching,3,3,138,8.34,0,20,1.21,0,0,149.0,0,10,2402,.306,.708,447,1,16.12,641816,Tyler Mahle,69,4.17,3,5,0,0,2026,0,.402,.333,1,137,.630,2.98,8.28,1516,144,Atlanta Braves,224,2,2.78,1.23,3,.412,7
28,79,277,.245,0,23,307,2,0,0,.000,0,14,32,4.00,28,53,53,0,4,69,0.87,pitching,3,3,68,8.50,8,8,1.00,12,3,72.0,2,1,1138,.308,.705,216,0,15.81,670245,Ryan Watson,33,4.13,2,2,6,4,2026,0,.397,1.000,4,65,.650,2.83,8.13,742,108,Los Angeles Angels,110,2,2.88,1.26,3,.500,1
26,23,103,.262,0,17,123,0,0,1,.333,0,2,12,4.00,8,23,23,0,2,26,1.13,pitching,2,2,27,9.00,0,2,0.67,6,1,27.0,1,0,488,.374,.714,81,0,18.07,677961,Cole Wilcox,13,4.33,0,1,0,0,2026,0,.340,.667,2,28,.640,1.65,9.33,312,136,Seattle Mariners,35,0,5.67,1.63,1,.---,0
26,193,659,.231,1,39,710,0,0,3,.273,0,28,77,4.01,0,30,30,30,9,143,0.74,pitching,8,8,152,7.91,0,18,0.94,0,0,173.0,1,10,2667,.280,.647,519,1,15.42,693433,Bryan Woo,84,4.37,0,4,0,0,2026,0,.367,.727,8,175,.670,4.49,9.10,1798,136,Seattle Mariners,242,4,2.03,1.10,3,.545,12
27,130,572,.220,0,75,657,0,0,4,.235,0,26,69,4.01,0,29,29,29,16,178,1.37,pitching,5,5,126,7.32,0,11,0.64,0,0,155.0,0,14,2712,.315,.649,465,0,17.50,694738,Landen Roupp,74,4.30,2,3,0,0,2026,0,.334,.765,13,143,.600,1.91,8.30,1639,137,San Francisco Giants,191,3,4.35,1.30,2,.391,9
30,75,263,.278,0,25,297,4,0,1,.125,0,12,30,4.01,5,73,73,0,6,52,0.69,pitching,2,2,73,9.76,26,13,1.74,41,17,67.1,2,4,1133,.339,.810,202,2,16.83,660825,Eduard Bazardo,34,4.54,2,5,5,1,2026,0,.471,.875,7,70,.650,2.80,9.36,740,136,Seattle Mariners,124,0,3.34,1.46,1,.500,4
33,120,424,.257,0,34,470,0,0,1,.125,0,26,49,4.02,5,26,26,16,10,128,1.07,pitching,4,4,109,8.95,1,15,1.23,10,3,109.2,0,7,1731,.315,.749,329,0,15.78,605288,Adrian Houser,54,4.43,3,5,0,0,2026,0,.434,.875,7,75,.630,2.21,6.16,1096,137,San Francisco Giants,184,2,2.79,1.30,2,.364,4
30,31,118,.246,0,13,135,1,0,1,.333,0,2,14,4.02,6,32,32,0,1,28,0.90,pitching,2,2,29,8.33,13,4,1.15,10,3,31.1,0,1,533,.326,.690,94,1,17.01,641745,Brad Keller,15,4.31,0,2,4,3,2026,0,.364,.667,2,32,.620,2.46,9.19,329,143,Philadelphia Phillies,43,0,3.73,1.34,3,.667,2
34,64,231,.225,0,32,267,4,1,1,.333,0,7,28,4.02,7,70,70,0,7,51,0.80,pitching,2,2,52,7.47,26,9,1.29,22,11,62.2,1,3,1079,.323,.704,188,0,17.22,592773,Ryne Stanek,31,4.45,0,1,6,2,2026,0,.381,.667,2,65,.610,2.03,9.34,663,138,St. Louis Cardinals,88,1,4.60,1.34,4,.400,2
29,61,193,.223,0,20,223,2,0,2,.400,0,6,24,4.02,21,46,46,0,3,36,0.59,pitching,4,4,43,7.21,0,10,1.68,19,8,53.2,1,1,867,.300,.730,161,0,16.16,663767,Chase Shugart,28,4.70,0,6,2,0,2026,0,.430,.600,3,59,.620,2.95,9.89,536,143,Philadelphia Phillies,83,2,3.35,1.17,0,.667,2
28,201,651,.249,0,39,699,0,0,2,.125,0,34,76,4.03,0,30,30,30,17,137,0.68,pitching,3,3,162,8.59,0,19,1.01,0,0,169.2,0,11,2689,.292,.699,509,0,15.85,669432,Trevor Rogers,81,4.30,0,6,0,0,2026,0,.407,.875,14,157,.690,4.03,8.33,1864,110,Baltimore Orioles,265,6,2.07,1.18,2,.476,10
26,28,110,.282,0,12,124,0,0,1,.333,0,3,13,4.03,0,6,6,6,5,21,0.75,pitching,1,1,31,9.62,0,6,1.86,0,0,29.0,0,2,468,.355,.864,87,1,16.14,690279,Mason Adams,17,5.28,0,1,0,0,2026,0,.509,.667,2,31,.660,2.58,9.62,308,115,Colorado Rockies,56,2,3.72,1.48,2,.000,0
32,140,671,.253,0,67,758,0,0,0,.000,0,26,78,4.03,0,31,31,31,19,232,1.66,pitching,14,14,170,8.79,0,16,0.83,0,0,174.0,0,12,2768,.332,.702,522,0,15.91,664285,Framber Valdez,87,4.50,2,4,0,0,2026,0,.370,1.000,13,135,.640,2.01,6.98,1777,116,Detroit Tigers,248,2,3.47,1.36,5,.455,10
25,50,228,.263,0,29,258,1,0,2,.333,0,16,27,4.05,14,33,33,0,8,55,1.10,pitching,1,1,60,9.00,1,10,1.50,14,7,60.0,1,4,992,.349,.814,180,0,16.53,815083,Mitch Farris,29,4.35,0,0,2,1,2026,0,.465,.667,4,63,.600,2.17,9.45,600,108,Los Angeles Angels,106,0,4.35,1.48,7,.200,1
27,11,52,.250,0,6,60,0,0,0,.000,0,2,6,4.05,6,11,11,0,1,14,1.27,pitching,2,2,13,8.78,0,1,0.67,8,0,13.1,1,0,239,.350,.696,40,0,17.93,685112,Zach McCambley,6,4.05,0,0,0,0,2026,0,.346,1.000,4,14,.640,2.33,9.45,153,113,Cincinnati Reds,18,0,4.05,1.43,1,.---,0
31,71,280,.261,0,26,311,8,0,1,.333,0,9,33,4.05,14,57,57,0,10,79,1.11,pitching,2,2,73,8.96,11,6,0.74,24,8,73.1,2,5,1165,.326,.705,220,0,15.89,622608,Antonio Senzatela,37,4.54,1,2,12,4,2026,0,.379,.667,2,60,.650,2.31,7.36,757,158,Milwaukee Brewers,106,3,3.19,1.35,0,.688,11
24,59,221,.213,1,26,255,3,0,1,.167,0,10,27,4.07,10,52,52,0,0,53,0.90,pitching,4,4,47,7.09,8,5,0.75,24,7,59.2,2,2,993,.306,.650,179,1,16.64,689296,Anthony Nunez,31,4.68,3,1,6,3,2026,0,.344,.833,5,66,.640,2.54,9.96,631,110,Baltimore Orioles,76,2,3.92,1.22,5,.600,3
28,23,126,.214,0,24,151,2,0,1,1.000,0,5,16,4.08,8,35,35,0,5,36,1.57,pitching,1,1,27,6.88,11,2,0.51,5,0,35.1,2,1,612,.344,.661,106,0,17.32,668933,Graham Ashcraft,17,4.33,0,0,3,1,2026,0,.317,.000,0,40,.620,1.67,10.19,381,113,Cincinnati Reds,40,1,6.11,1.44,3,.500,1
31,53,233,.227,0,29,276,8,0,0,.000,0,10,29,4.08,54,66,66,0,8,67,1.26,pitching,10,10,53,7.45,1,5,0.70,12,7,64.0,4,9,1064,.337,.672,192,2,16.63,676617,Riley O'Brien,35,4.92,3,1,46,38,2026,0,.335,1.000,4,64,.620,2.21,9.00,659,138,St. Louis Cardinals,78,0,4.08,1.28,7,.250,3
29,96,324,.225,0,26,356,2,0,1,.333,0,18,39,4.08,2,56,56,10,7,101,1.05,pitching,4,4,73,7.64,13,11,1.15,20,4,86.0,0,6,1300,.290,.679,258,0,15.12,663738,Daniel Lynch IV,43,4.50,1,1,3,1,2026,0,.389,.667,2,56,.640,2.15,5.86,828,118,Kansas City Royals,126,1,2.72,1.15,2,.500,6
27,97,357,.277,0,28,392,0,0,4,.571,0,18,40,4.09,2,23,23,18,4,89,0.92,pitching,5,5,99,10.13,1,11,1.13,1,0,88.0,0,5,1436,.337,.774,264,1,16.32,687473,Ryan Gusto,43,4.40,0,2,0,0,2026,0,.437,.429,3,74,.680,2.64,7.57,981,146,Miami Marlins,156,3,2.86,1.44,0,.167,1
27,161,573,.244,0,49,633,0,1,2,.143,0,17,68,4.11,0,26,26,26,8,158,0.98,pitching,3,3,140,8.46,0,24,1.45,0,0,149.0,0,8,2245,.306,.713,447,2,15.07,693821,Bryce Elder,74,4.47,4,3,0,0,2026,0,.407,.857,12,121,.630,2.47,7.31,1411,144,Atlanta Braves,233,2,2.96,1.27,1,.500,8
27,203,684,.262,0,63,769,0,0,2,.250,1,42,82,4.11,0,31,31,31,14,164,0.81,pitching,6,6,179,8.97,0,15,0.75,0,0,179.2,1,15,2911,.323,.718,539,0,16.20,669358,Shane Baz,92,4.61,2,14,0,0,2026,0,.395,.750,6,154,.640,2.44,7.71,1866,110,Baltimore Orioles,270,2,3.16,1.35,6,.286,6
25,10,58,.207,0,7,65,0,0,0,.000,0,1,7,4.11,3,14,14,3,0,11,1.10,pitching,0,0,12,7.04,1,3,1.76,1,1,15.1,0,0,273,.292,.671,46,0,17.80,682982,Daniel Espino,7,4.11,0,0,0,0,2026,0,.379,1.000,3,25,.640,3.57,14.67,176,114,Cleveland Guardians,22,0,4.11,1.24,0,.---,0
31,8,59,.220,0,9,68,1,0,0,.---,0,2,7,4.11,14,17,17,0,1,17,2.13,pitching,0,0,13,7.63,0,3,1.76,0,0,15.1,1,4,273,.324,.731,46,0,17.80,664854,Ryan Helsley,9,5.28,0,0,9,8,2026,0,.407,.---,0,21,.610,2.33,12.33,167,110,Baltimore Orioles,24,0,5.28,1.43,3,.000,0
25,18,51,.157,0,9,61,3,0,1,.500,0,1,7,4.11,7,16,16,0,0,7,0.39,pitching,1,1,8,4.70,2,1,0.59,0,0,15.1,1,2,259,.295,.530,46,0,16.89,690829,Ben Joyce,9,5.28,0,0,8,5,2026,0,.235,.500,1,18,.600,2.00,10.57,155,108,Los Angeles Angels,12,0,5.28,1.11,2,.000,0
25,17,64,.313,0,7,73,0,0,2,.333,0,4,7,4.11,3,8,8,0,2,18,1.06,pitching,2,2,20,11.74,0,4,2.35,1,0,15.1,0,1,265,.397,.960,46,1,17.28,694680,Trevor Martin,14,8.22,0,0,0,0,2026,0,.563,.667,4,9,.630,1.29,5.28,166,108,Los Angeles Angels,36,0,4.11,1.76,3,.000,0
29,50,167,.222,0,26,200,2,0,3,.375,0,9,21,4.11,11,42,42,0,4,40,0.80,pitching,6,6,37,7.24,6,2,0.39,6,3,46.0,0,4,772,.345,.656,138,0,16.78,663878,Nate Pearson,23,4.50,0,1,6,4,2026,0,.311,.625,5,41,.600,1.58,8.02,461,118,Kansas City Royals,52,0,5.09,1.37,4,.429,3
26,199,673,.238,0,58,746,0,0,6,.545,1,39,81,4.11,1,31,31,30,11,166,0.83,pitching,5,5,160,8.12,0,21,1.07,0,0,177.1,1,8,2893,.301,.699,532,4,16.31,702070,Noah Cameron,87,4.42,4,6,0,0,2026,1,.398,.455,5,158,.630,2.72,8.02,1825,118,Kansas City Royals,268,3,2.94,1.23,3,.529,9
30,44,188,.239,0,24,216,2,0,1,.333,0,13,23,4.11,14,41,41,2,4,45,1.02,pitching,3,3,45,8.05,2,6,1.07,22,1,50.1,0,3,931,.333,.737,151,1,18.50,681810,Austin Warren,24,4.29,0,1,2,0,2026,0,.404,.667,2,55,.610,2.29,9.83,571,121,New York Mets,76,0,4.29,1.37,0,.400,2
30,31,140,.293,0,24,172,3,0,0,.000,0,9,16,4.11,12,38,38,6,3,41,1.32,pitching,4,4,41,10.54,10,5,1.29,20,9,35.0,4,4,640,.411,.875,105,0,18.29,663992,Richard Lovelady,20,5.14,4,0,7,4,2026,0,.464,1.000,1,31,.630,1.29,7.97,405,120,Washington Nationals,65,0,6.17,1.86,0,.429,3
29,138,591,.264,0,70,669,0,0,4,.571,0,30,71,4.12,0,29,29,29,19,160,1.16,pitching,3,3,156,9.06,0,20,1.16,0,0,155.0,1,14,2629,.342,.775,465,1,16.96,680694,Kyle Bradish,83,4.82,0,5,0,0,2026,0,.433,.429,3,142,.620,2.03,8.25,1631,110,Baltimore Orioles,256,5,4.06,1.46,9,.333,7
32,70,252,.234,1,17,275,2,0,2,.286,0,13,31,4.12,15,74,74,0,4,56,0.80,pitching,1,1,59,7.85,11,9,1.20,33,11,67.2,1,4,1099,.281,.682,203,1,16.24,656464,Kevin Ginkel,34,4.52,1,4,5,3,2026,0,.401,.714,5,72,.650,4.24,9.58,711,109,Arizona Diamondbacks,101,1,2.26,1.12,4,.600,6
28,39,173,.220,0,23,198,2,0,2,.400,0,8,21,4.14,10,44,44,1,3,39,1.00,pitching,1,1,38,7.49,9,5,0.99,2,1,45.2,1,1,742,.315,.668,137,0,16.25,669165,Kyle Hurt,23,4.53,1,0,3,1,2026,0,.353,.600,3,58,.660,2.52,11.43,491,119,Los Angeles Dodgers,61,0,4.53,1.34,1,.800,4
27,14,63,.222,0,16,81,0,1,0,.000,0,5,8,4.15,2,13,13,0,3,14,1.00,pitching,1,1,14,7.27,0,0,0.00,2,2,17.1,1,1,316,.388,.690,52,0,18.23,672629,Gerardo Carrillo,10,5.19,0,0,0,0,2026,0,.302,1.000,3,21,.560,1.31,10.90,178,109,Arizona Diamondbacks,19,0,8.31,1.73,1,.750,3
28,50,228,.250,0,33,273,5,0,1,.059,0,9,28,4.15,15,66,66,0,2,64,1.28,pitching,3,3,57,8.46,8,7,1.04,18,8,60.2,2,2,1038,.342,.724,182,1,17.11,666808,Camilo Doval,38,5.64,1,8,6,1,2026,0,.382,.941,16,66,.610,2.00,9.79,635,137,San Francisco Giants,87,0,4.90,1.48,3,.600,3
30,27,105,.267,0,11,117,1,0,0,.000,0,7,12,4.15,7,24,24,0,1,36,1.33,pitching,0,0,28,9.69,2,2,0.69,11,3,26.0,2,2,448,.333,.743,78,0,17.23,671345,Jason Foley,15,5.19,0,1,1,0,2026,0,.410,1.000,3,15,.600,1.36,5.19,268,137,San Francisco Giants,43,1,3.81,1.50,2,.600,3
33,19,97,.206,0,6,104,0,0,0,.000,0,3,12,4.15,5,13,13,0,1,38,2.00,pitching,1,1,20,6.92,0,3,1.04,4,2,26.0,1,0,414,.260,.590,78,0,15.92,656756,Jordan Montgomery,12,4.15,0,0,1,1,2026,0,.330,1.000,3,20,.640,3.33,6.92,264,140,Texas Rangers,32,0,2.08,1.00,0,1.000,1
27,5,18,.278,0,3,21,0,0,0,.---,0,1,2,4.15,0,2,2,2,0,2,0.40,pitching,0,0,5,10.38,0,1,2.08,0,0,4.1,0,1,82,.381,.881,13,0,18.92,689981,River Ryan,2,4.15,0,0,0,0,2026,0,.500,.---,0,6,.570,2.00,12.46,47,116,Detroit Tigers,9,0,6.23,1.85,1,.000,0
32,53,236,.258,1,31,271,0,0,1,.250,0,10,29,4.16,0,12,12,12,9,59,1.11,pitching,2,2,61,8.76,0,9,1.29,0,0,62.2,0,6,1086,.349,.781,188,2,17.33,622663,Luis Severino,33,4.74,2,0,0,0,2026,0,.432,.750,3,65,.640,2.10,9.34,690,133,Athletics,102,2,4.45,1.47,0,.250,2
27,131,443,.226,0,38,485,0,0,1,.100,0,17,55,4.17,1,22,22,21,6,95,0.73,pitching,2,2,100,7.58,0,21,1.59,0,0,118.2,1,10,1885,.289,.709,356,2,15.88,682243,Bryce Miller,60,4.55,1,1,0,0,2026,0,.420,.900,9,119,.670,3.13,9.03,1267,136,Seattle Mariners,186,3,2.88,1.16,2,.286,4
26,52,265,.283,0,20,295,4,0,2,.500,0,11,30,4.18,7,73,73,0,7,87,1.67,pitching,7,7,75,10.44,13,7,0.97,32,12,64.2,2,4,1090,.349,.753,194,0,16.86,678606,José A. Ferrer,33,4.59,3,0,7,3,2026,0,.404,.500,2,54,.670,2.70,7.52,729,136,Seattle Mariners,107,0,2.78,1.47,5,.500,4
27,127,474,.255,0,44,528,0,0,3,.250,0,27,58,4.19,4,33,33,19,13,106,0.83,pitching,5,5,121,8.74,3,14,1.01,8,2,124.2,0,5,2001,.323,.732,374,2,16.05,675660,Shane Drohan,63,4.55,1,4,2,2,2026,0,.409,.750,9,125,.650,2.84,9.02,1292,158,Milwaukee Brewers,194,2,3.18,1.32,0,.583,7
36,130,562,.253,0,35,613,1,1,4,.500,0,26,68,4.20,1,27,27,23,8,151,1.16,pitching,10,10,142,8.77,1,24,1.48,0,0,145.2,0,10,2220,.306,.740,437,0,15.24,543135,Nathan Eovaldi,71,4.39,1,4,1,0,2026,0,.434,.500,4,144,.670,4.11,8.90,1486,140,Texas Rangers,244,2,2.16,1.22,5,.524,11
24,114,460,.261,0,36,505,0,1,2,.250,0,23,54,4.20,0,28,28,24,5,86,0.75,pitching,7,7,120,9.34,1,20,1.56,0,0,115.2,0,5,2106,.323,.769,347,1,18.21,690986,Kyle Harrison,62,4.82,0,1,0,0,2026,0,.446,.750,6,141,.660,3.92,10.97,1383,158,Milwaukee Brewers,205,1,2.80,1.35,3,.688,11
31,148,448,.279,0,35,493,0,1,3,.375,0,27,52,4.20,7,34,34,15,1,88,0.59,pitching,5,5,125,10.10,1,18,1.46,9,3,111.1,2,8,1896,.337,.810,334,2,17.03,650644,Aaron Civale,55,4.45,2,2,2,2,2026,0,.473,.625,5,91,.650,2.60,7.36,1237,112,Chicago Cubs,212,3,2.83,1.44,3,.429,6
38,160,615,.226,0,46,668,0,1,4,.444,0,23,76,4.20,0,31,31,31,5,119,0.74,pitching,2,2,139,7.69,0,20,1.11,0,0,162.2,3,11,2735,.281,.648,488,0,16.81,594798,Jacob deGrom,76,4.20,2,2,0,0,2026,0,.367,.556,5,201,.650,4.37,11.12,1781,140,Texas Rangers,226,2,2.55,1.14,5,.500,11
27,143,503,.227,1,36,551,0,0,1,.111,0,21,62,4.21,7,47,47,16,6,95,0.66,pitching,5,5,114,7.73,10,25,1.70,10,0,132.2,4,7,2123,.283,.720,398,0,16.00,693855,Ian Seymour,67,4.55,3,4,2,2,2026,0,.437,.889,8,158,.680,4.39,10.72,1448,139,Tampa Bay Rays,220,5,2.44,1.13,2,.563,9
28,26,93,.237,0,14,110,1,0,1,.250,0,2,12,4.21,5,23,23,0,4,28,1.08,pitching,3,3,22,7.71,0,3,1.05,10,5,25.2,0,2,436,.355,.731,77,0,16.99,681799,Ethan Roberts,14,4.91,0,0,1,0,2026,0,.376,.750,3,17,.600,1.21,5.96,261,112,Chicago Cubs,35,1,4.91,1.40,0,.000,0
27,18,80,.213,0,1,82,0,0,0,.000,0,3,10,4.22,9,9,9,0,2,30,1.67,pitching,0,0,17,7.17,0,3,1.27,1,0,21.1,0,0,292,.222,.585,64,0,13.69,670103,Raymond Burgos,11,4.64,1,0,2,2,2026,0,.363,1.000,1,16,.720,16.00,6.75,209,111,Boston Red Sox,29,0,0.42,0.84,0,.---,0
30,12,85,.259,0,7,93,0,0,0,.000,0,4,10,4.22,5,24,24,0,2,36,3.00,pitching,0,0,22,9.28,4,3,1.27,22,7,21.1,1,0,345,.315,.750,64,0,16.17,665665,Reiver Sanmartin,12,5.06,1,0,0,0,2026,0,.435,1.000,4,16,.630,2.29,6.75,216,137,San Francisco Giants,37,1,2.95,1.36,1,1.000,3
30,141,481,.264,0,33,523,0,1,3,.231,0,23,58,4.22,0,26,26,25,11,128,0.91,pitching,4,4,127,9.24,1,15,1.09,0,0,123.2,0,9,1981,.315,.729,371,1,16.02,676083,Janson Junk,63,4.58,1,3,0,0,2026,0,.414,.769,10,89,.660,2.70,6.48,1309,146,Miami Marlins,199,2,2.40,1.29,2,.400,6
27,68,247,.231,0,35,290,8,0,1,.083,0,13,31,4.23,12,70,70,0,3,61,0.90,pitching,3,3,57,7.77,21,10,1.36,27,13,66.0,2,5,1158,.330,.735,198,0,17.55,666277,George Soriano,33,4.50,2,3,12,4,2026,0,.405,.917,11,66,.640,1.89,9.00,746,138,St. Louis Cardinals,100,0,4.77,1.39,1,.545,6
27,34,213,.216,1,24,240,10,0,3,.273,0,4,27,4.24,48,61,61,0,2,46,1.35,pitching,1,1,46,7.22,1,9,1.41,9,2,57.1,0,6,953,.296,.667,172,1,16.62,662253,Andrés Muñoz,29,4.55,0,2,38,28,2026,0,.371,.727,8,89,.640,3.71,13.97,613,136,Seattle Mariners,79,1,3.77,1.22,2,.455,5
35,31,128,.258,0,11,144,2,0,2,.333,0,5,16,4.28,8,36,36,0,2,27,0.87,pitching,4,4,33,8.82,5,2,0.53,5,3,33.2,1,1,551,.333,.677,101,1,16.37,643410,Mark Leiter Jr.,16,4.28,0,1,6,4,2026,0,.344,.667,4,38,.640,3.45,10.16,353,133,Athletics,44,0,2.94,1.31,2,.000,0
28,65,180,.306,0,10,193,0,0,2,.286,0,12,21,4.30,1,10,10,8,4,40,0.62,pitching,1,1,55,11.25,0,6,1.23,0,0,44.0,0,5,719,.344,.816,132,0,16.34,674003,Cody Bradford,21,4.30,1,1,0,0,2026,0,.472,.714,5,22,.690,2.20,4.50,495,140,Texas Rangers,85,0,2.05,1.48,0,.000,0
27,50,221,.244,0,20,246,2,0,0,.000,0,6,28,4.30,24,56,56,2,7,54,1.08,pitching,3,3,54,8.28,5,14,2.15,15,2,58.2,2,4,930,.316,.778,176,0,15.85,674444,Steven Cruz,30,4.60,2,0,10,8,2026,0,.462,1.000,2,65,.660,3.25,9.97,616,118,Kansas City Royals,102,0,3.07,1.26,1,.333,2
26,92,253,.229,2,39,297,2,0,0,.000,0,14,32,4.30,42,65,65,0,2,40,0.43,pitching,3,3,58,7.79,7,7,0.94,14,3,67.0,3,4,1152,.338,.713,201,1,17.19,672782,Yoendrys Gómez,36,4.84,1,1,24,22,2026,0,.375,1.000,6,65,.620,1.67,8.73,714,142,Minnesota Twins,95,1,5.24,1.45,3,.429,3
29,44,202,.262,0,16,226,1,0,3,.600,0,14,25,4.30,7,60,60,0,4,48,1.09,pitching,4,4,53,9.11,13,3,0.52,34,9,52.1,1,4,901,.327,.723,157,1,17.22,664991,Grant Wolfram,30,5.16,3,1,2,1,2026,0,.396,.400,2,61,.650,3.81,10.49,588,110,Baltimore Orioles,80,2,2.75,1.32,1,.600,6
34,55,232,.289,0,34,270,10,0,3,.188,0,10,29,4.30,9,63,63,0,11,66,1.20,pitching,1,1,67,9.94,14,10,1.48,38,7,60.2,0,1,1062,.381,.851,182,1,17.51,640448,Kyle Finnegan,31,4.60,2,1,12,2,2026,0,.470,.813,13,47,.620,1.38,6.97,659,116,Detroit Tigers,109,1,5.04,1.66,0,.750,3
26,46,119,.252,0,20,142,0,0,0,.---,0,3,15,4.31,5,17,17,0,1,25,0.54,pitching,2,2,30,8.62,0,6,1.72,8,7,31.1,0,0,556,.366,.795,94,0,17.74,696131,Mason Black,16,4.60,0,1,0,0,2026,0,.429,.---,0,19,.600,0.95,5.46,334,118,Kansas City Royals,51,0,5.74,1.60,1,.---,0
29,136,612,.240,0,41,668,0,1,5,.192,1,16,77,4.31,0,27,27,27,14,198,1.46,pitching,11,11,147,8.23,0,13,0.73,0,0,160.2,0,9,2488,.299,.655,482,0,15.49,657277,Logan Webb,80,4.48,2,1,0,0,2026,0,.356,.808,21,134,.650,3.27,7.51,1625,137,San Francisco Giants,218,8,2.30,1.17,1,.471,8
36,60,215,.247,0,17,236,0,0,2,.286,0,16,27,4.31,13,51,51,2,1,50,0.83,pitching,0,0,53,8.47,12,7,1.12,16,6,56.1,4,0,938,.299,.718,169,0,16.65,642121,Cole Sulser,31,4.95,2,2,3,3,2026,0,.419,.714,5,56,.630,3.29,8.95,590,139,Tampa Bay Rays,90,0,2.72,1.24,4,1.000,1
29,174,498,.247,0,38,549,0,0,9,.360,0,36,63,4.32,0,26,26,26,5,101,0.58,pitching,3,3,123,8.43,0,18,1.23,0,0,131.1,0,10,2083,.300,.736,394,0,15.86,663554,Casey Mize,69,4.73,3,7,0,0,2026,0,.436,.640,16,110,.640,2.89,7.54,1329,135,San Diego Padres,217,2,2.60,1.23,2,.375,6
29,12,30,.200,0,4,34,0,0,0,.---,0,3,4,4.32,4,7,7,0,1,4,0.33,pitching,0,0,6,6.48,0,1,1.08,3,0,8.1,0,0,129,.294,.694,25,0,15.48,680702,Joey Gerber,4,4.32,0,0,0,0,2026,0,.400,.---,0,8,.620,2.00,8.64,80,121,New York Mets,12,0,4.32,1.20,0,.---,0
35,70,235,.277,0,31,276,1,0,4,.267,0,13,29,4.33,18,65,65,0,3,51,0.73,pitching,5,5,65,9.70,9,5,0.75,37,11,60.1,6,4,1076,.370,.774,181,3,17.83,573124,Taylor Rogers,35,5.22,3,2,3,2,2026,0,.404,.733,11,54,.630,1.74,8.06,683,142,Minnesota Twins,95,1,4.62,1.59,0,.600,6
28,182,687,.287,1,47,741,0,0,7,.233,1,39,84,4.33,0,30,30,30,16,164,0.90,pitching,3,3,197,10.15,0,22,1.13,0,0,174.2,1,11,2758,.334,.782,524,3,15.79,669923,George Kirby,89,4.59,1,3,0,0,2026,0,.448,.767,23,148,.670,3.15,7.63,1840,136,Seattle Mariners,308,3,2.42,1.40,1,.450,9
28,39,146,.301,0,3,151,1,0,1,.500,0,2,17,4.33,9,16,16,0,3,32,0.82,pitching,2,2,44,11.21,0,5,1.27,7,5,35.1,0,0,558,.325,.770,106,0,15.79,669060,Bryse Wilson,17,4.33,0,0,1,0,2026,0,.445,.500,1,31,.710,10.33,7.90,398,158,Milwaukee Brewers,65,2,0.76,1.33,0,.---,0
27,93,452,.272,0,36,503,0,0,3,.188,0,17,56,4.33,4,26,26,11,10,152,1.63,pitching,7,7,123,9.52,0,12,0.93,6,0,116.1,2,7,1906,.331,.725,349,0,16.38,678394,Brayan Bello,61,4.72,1,7,1,1,2026,0,.394,.813,13,92,.650,2.56,7.12,1230,111,Boston Red Sox,178,1,2.79,1.37,2,.462,6
35,151,528,.256,1,47,587,0,0,5,.500,0,22,66,4.34,10,34,34,19,5,146,0.97,pitching,7,7,135,8.87,0,21,1.38,5,3,137.0,0,8,2226,.324,.744,411,5,16.25,607067,Colin Rea,68,4.47,3,2,2,2,2026,0,.420,.500,5,101,.640,2.15,6.64,1418,112,Chicago Cubs,222,1,3.09,1.33,1,.500,8
32,57,188,.261,1,15,209,1,0,2,1.000,0,10,23,4.34,3,12,12,2,3,48,0.84,pitching,3,3,49,9.25,0,12,2.27,2,0,47.2,1,3,773,.321,.837,143,0,16.22,669947,Jesse Scholtens,25,4.72,0,3,1,0,2026,0,.516,.000,0,37,.650,2.47,6.99,502,139,Tampa Bay Rays,97,1,2.83,1.34,0,.625,5
27,235,712,.246,0,55,780,0,0,1,.111,0,34,91,4.36,0,33,33,33,11,160,0.68,pitching,7,7,175,8.38,0,29,1.39,0,0,188.0,0,15,2968,.304,.723,564,4,15.79,676440,Tanner Bibee,95,4.55,1,5,0,0,2026,0,.419,.889,8,148,.640,2.69,7.09,1896,114,Cleveland Guardians,298,1,2.63,1.22,4,.318,7
31,58,217,.253,0,24,242,0,0,0,.000,0,10,27,4.37,0,11,11,11,3,61,1.05,pitching,0,0,55,8.89,0,10,1.62,0,0,55.2,0,2,930,.326,.764,167,0,16.71,669456,Shane Bieber,28,4.53,0,1,0,0,2026,0,.438,1.000,1,44,.600,1.83,7.11,561,141,Toronto Blue Jays,95,0,3.88,1.42,1,.714,5
25,9,43,.163,0,9,55,0,0,0,.---,0,2,6,4.38,0,4,4,0,0,13,1.44,pitching,2,2,7,5.11,0,0,0.00,0,0,12.1,0,0,254,.327,.536,37,0,20.59,687309,Cooper Hjerpe,6,4.38,0,1,0,0,2026,0,.209,.---,0,15,.620,1.67,10.95,158,138,St. Louis Cardinals,9,0,6.57,1.30,0,1.000,1
26,42,144,.278,0,15,160,0,0,0,.000,0,6,18,4.38,0,8,8,7,4,34,0.81,pitching,1,1,40,9.73,0,6,1.46,0,0,37.0,0,1,611,.350,.794,111,2,16.51,700249,Cade Povich,18,4.38,0,0,0,0,2026,0,.444,1.000,2,28,.620,1.87,6.81,376,110,Baltimore Orioles,64,0,3.65,1.49,0,.667,2
26,156,576,.255,0,61,645,1,0,3,.214,0,28,72,4.38,0,30,30,27,8,139,0.89,pitching,4,4,147,8.94,0,20,1.22,0,0,148.0,1,11,2496,.329,.754,444,0,16.86,677958,Kumar Rocker,74,4.50,0,4,1,0,2026,0,.425,.786,11,138,.620,2.26,8.39,1546,140,Texas Rangers,245,5,3.71,1.41,8,.353,6
24,73,288,.257,1,27,321,6,1,1,.333,0,12,36,4.40,11,64,64,3,6,75,1.03,pitching,2,2,74,9.04,24,5,0.61,21,5,73.2,4,8,1295,.323,.688,221,0,17.58,702193,Andrew Morris,42,5.13,1,2,11,5,2026,0,.365,.667,2,69,.660,2.56,8.43,852,142,Minnesota Twins,105,2,3.30,1.37,7,.333,4
31,39,177,.277,0,18,202,1,0,1,.250,0,9,22,4.40,18,45,45,0,4,64,1.64,pitching,4,4,49,9.80,6,7,1.40,19,2,45.0,1,3,748,.351,.797,135,0,16.62,669270,Joel Kuhnel,27,5.40,0,3,9,8,2026,0,.446,.750,3,28,.610,1.56,5.60,455,137,San Francisco Giants,79,0,3.60,1.49,1,.250,1
37,109,409,.293,2,38,460,0,0,4,.308,0,23,50,4.41,0,20,20,18,8,110,1.01,pitching,9,9,120,10.59,0,10,0.88,0,0,102.0,0,5,1731,.363,.786,306,0,16.97,605135,Chris Bassitt,53,4.68,0,4,0,0,2026,0,.423,.692,9,74,.630,1.95,6.53,1092,110,Baltimore Orioles,173,0,3.35,1.55,2,.643,9
24,31,137,.241,0,12,152,2,0,0,.000,0,7,18,4.42,6,34,34,0,5,30,0.97,pitching,2,2,33,8.10,1,6,1.47,13,6,36.2,0,4,599,.309,.747,110,0,16.34,703725,Luis Gastelum,23,5.65,0,1,2,0,2026,0,.438,1.000,4,44,.650,3.67,10.80,389,138,St. Louis Cardinals,60,1,2.95,1.23,1,.556,5
30,189,652,.247,0,63,730,0,0,2,.222,0,35,83,4.42,0,32,32,32,7,153,0.81,pitching,8,8,161,8.57,0,23,1.22,0,0,169.0,0,11,2959,.320,.733,507,0,17.51,642547,Freddy Peralta,91,4.85,4,3,0,0,2026,0,.413,.778,7,156,.610,2.48,8.31,1812,139,Tampa Bay Rays,269,2,3.36,1.33,7,.476,10
25,27,76,.250,0,16,93,0,0,0,.000,0,5,10,4.43,4,10,10,0,2,16,0.59,pitching,0,0,19,8.41,1,3,1.33,0,0,20.1,0,0,348,.376,.837,61,0,17.11,683742,Jose Franco,11,4.87,0,1,0,0,2026,0,.461,1.000,3,15,.590,0.94,6.64,204,113,Cincinnati Reds,35,1,7.08,1.72,0,1.000,1
34,38,168,.304,2,13,186,1,0,1,.125,0,13,20,4.43,8,46,46,0,2,52,1.37,pitching,3,3,51,11.29,7,3,0.66,29,7,40.2,3,2,654,.362,.797,122,1,16.08,657044,Ryan Thompson,23,5.09,1,1,1,0,2026,0,.435,.875,7,29,.670,2.23,6.42,438,109,Arizona Diamondbacks,73,0,2.88,1.57,2,.667,4
31,36,161,.267,0,21,184,3,0,3,.250,0,9,20,4.43,30,44,44,0,1,32,0.89,pitching,0,0,43,9.52,1,3,0.66,5,1,40.2,1,2,759,.352,.731,122,0,18.66,642207,Devin Williams,25,5.53,2,0,19,16,2026,0,.379,.750,9,52,.650,2.48,11.51,497,121,New York Mets,61,0,4.65,1.57,1,.600,3
27,38,166,.247,0,20,192,1,0,1,.167,0,11,21,4.43,19,42,42,0,2,43,1.13,pitching,3,3,41,8.65,5,3,0.63,11,3,42.2,2,1,733,.335,.702,128,0,17.18,695380,Alex Hoppe,29,6.12,1,2,2,1,2026,0,.367,.833,5,47,.610,2.35,9.91,448,110,Baltimore Orioles,61,0,4.22,1.43,7,.500,1
26,26,89,.281,0,10,103,0,0,1,.333,0,2,11,4.43,2,21,21,0,2,10,0.38,pitching,4,4,25,10.07,3,4,1.61,7,6,22.1,0,1,427,.379,.817,67,0,19.12,680916,Franco Aleman,12,4.84,0,0,0,0,2026,0,.438,.667,2,28,.620,2.80,11.28,266,114,Cleveland Guardians,39,0,4.03,1.57,2,.000,0
22,28,93,.258,0,10,103,0,0,0,.000,0,5,12,4.44,1,5,5,3,1,26,0.93,pitching,0,0,24,8.88,0,5,1.85,0,0,24.1,0,2,381,.330,.825,73,0,15.66,805074,Yunior Marte,12,4.44,0,0,0,0,2026,0,.495,1.000,2,15,.600,1.50,5.55,228,137,San Francisco Giants,46,1,3.70,1.40,0,.000,0
31,167,615,.262,2,56,710,0,0,3,.273,0,28,78,4.44,0,33,33,31,9,171,1.02,pitching,26,26,161,9.17,0,21,1.20,1,0,158.0,1,9,2788,.346,.769,474,0,17.65,641743,Anthony Kay,85,4.84,7,6,0,0,2026,0,.423,.727,8,129,.630,2.30,7.35,1743,145,Chicago White Sox,260,4,3.19,1.37,6,.526,10
25,75,206,.223,0,21,235,0,0,0,.000,0,6,28,4.45,6,17,17,9,5,41,0.55,pitching,6,6,46,7.31,1,8,1.27,0,0,56.2,0,2,959,.311,.680,170,0,16.92,694918,Blade Tidwell,29,4.61,0,2,1,1,2026,0,.369,1.000,4,46,.620,2.19,7.31,593,137,San Francisco Giants,76,0,3.34,1.18,0,.333,1
32,41,132,.235,0,15,156,2,0,2,.182,0,13,17,4.46,5,39,39,0,2,28,0.68,pitching,8,8,31,8.13,10,3,0.79,26,8,34.1,1,0,608,.348,.750,103,1,17.71,607455,Anthony Banda,19,4.98,1,0,4,2,2026,0,.402,.818,9,33,.600,2.20,8.65,366,142,Minnesota Twins,53,0,3.93,1.34,4,1.000,2
23,40,163,.258,0,16,182,1,0,1,.333,0,7,21,4.46,2,22,22,2,3,43,1.08,pitching,0,0,42,8.93,3,3,0.64,3,3,42.1,1,5,706,.320,.676,127,0,16.68,696062,Wilber Dotel,24,5.10,1,2,1,0,2026,0,.356,.667,2,41,.650,2.56,8.72,456,134,Pittsburgh Pirates,58,0,3.40,1.37,2,.167,1
30,182,520,.256,0,37,561,0,1,1,.059,1,32,65,4.47,1,25,25,24,5,110,0.60,pitching,2,2,133,9.14,0,21,1.44,0,0,131.0,0,7,2099,.308,.746,393,0,16.02,641927,Bailey Ober,69,4.74,1,0,1,1,2026,1,.438,.941,16,96,.650,2.59,6.60,1366,142,Minnesota Twins,228,0,2.54,1.30,1,.500,7
30,104,341,.238,1,42,396,0,0,1,.250,0,20,44,4.48,0,20,20,19,2,59,0.57,pitching,7,7,81,8.25,0,11,1.12,0,0,88.1,1,8,1658,.330,.741,265,0,18.77,656427,Jack Flaherty,52,5.30,2,4,0,0,2026,0,.411,.750,3,103,.610,2.45,10.49,1015,116,Detroit Tigers,140,3,4.28,1.39,5,.273,3
24,112,466,.242,0,48,522,0,0,2,.167,0,32,61,4.49,0,26,26,23,8,121,1.08,pitching,5,5,113,8.31,1,22,1.62,0,0,122.1,0,5,2100,.319,.780,367,0,17.17,808963,Roki Sasaki,63,4.63,1,2,0,0,2026,0,.461,.833,10,123,.640,2.56,9.05,1350,119,Los Angeles Dodgers,215,2,3.53,1.32,8,.500,5
27,42,170,.212,0,31,209,7,0,3,.231,0,4,24,4.50,18,50,50,0,1,50,1.19,pitching,3,3,36,6.75,9,8,1.50,34,11,48.0,4,5,796,.338,.714,144,0,16.58,690925,Clayton Beeter,25,4.69,2,3,19,12,2026,0,.376,.769,10,47,.600,1.52,8.81,480,120,Washington Nationals,64,0,5.81,1.40,12,.545,6
23,177,581,.234,0,80,674,0,1,3,.250,0,28,77,4.50,0,31,31,30,16,133,0.75,pitching,7,7,136,7.95,0,15,0.88,0,0,154.0,1,10,2686,.332,.705,462,0,17.44,696149,Bubba Chandler,89,5.20,1,4,0,0,2026,0,.373,.750,9,140,.630,1.75,8.18,1682,134,Pittsburgh Pirates,217,4,4.68,1.40,4,.444,8
36,27,80,.225,0,15,96,1,0,0,.000,0,1,11,4.50,4,29,29,0,3,25,0.93,pitching,1,1,18,7.36,7,1,0.41,18,4,22.0,0,2,386,.354,.629,66,0,17.55,543056,Danny Coulombe,11,4.50,0,0,1,0,2026,0,.275,1.000,1,10,.600,0.67,4.09,230,111,Boston Red Sox,22,0,6.14,1.50,0,.000,0
27,5,15,.267,0,3,18,0,0,0,.---,0,0,2,4.50,1,3,3,0,0,3,0.60,pitching,0,0,4,9.00,0,2,4.50,0,0,4.0,0,0,79,.389,1.056,12,0,19.75,676105,Jeff Criswell,2,4.50,0,0,0,0,2026,0,.667,.---,0,3,.560,1.00,6.75,44,115,Colorado Rockies,10,0,6.75,1.75,0,.---,0
38,59,168,.238,1,22,196,1,0,3,.273,0,9,23,4.50,18,46,46,0,5,32,0.54,pitching,3,3,40,7.83,4,4,0.78,10,5,46.0,2,5,776,.333,.708,138,1,16.87,518886,Craig Kimbrel,27,5.28,1,2,2,1,2026,0,.375,.727,8,40,.610,1.82,7.83,473,118,Kansas City Royals,63,1,4.30,1.35,4,.167,1
29,53,210,.262,0,12,224,0,0,0,.000,1,11,27,4.50,0,10,10,10,7,68,1.28,pitching,2,2,55,9.17,0,8,1.33,0,0,54.0,0,3,837,.308,.756,162,1,15.50,663568,Stephen Kolek,30,5.00,0,0,0,0,2026,1,.448,1.000,3,34,.640,2.83,5.67,536,118,Kansas City Royals,94,2,2.00,1.24,2,.571,4
26,1,7,.143,0,2,9,0,0,0,.---,0,0,1,4.50,1,1,1,0,0,4,4.00,pitching,0,0,1,4.50,0,0,0.00,0,0,2.0,0,0,39,.333,.476,6,0,19.50,680951,Doug Nikhazy,1,4.50,0,0,0,0,2026,0,.143,.---,0,1,.440,0.50,4.50,17,145,Chicago White Sox,1,0,9.00,1.50,2,.---,0
27,3,7,.286,0,0,7,0,0,0,.---,0,0,1,4.50,2,2,2,0,1,2,0.67,pitching,0,0,2,9.00,0,1,4.50,0,0,2.0,0,0,16,.286,1.000,6,0,8.00,686780,Pedro Pagés,1,4.50,0,0,0,0,2026,0,.714,.---,0,0,.750,-.--,0.00,12,138,St. Louis Cardinals,5,0,0.00,1.00,0,.---,0
32,11,35,.257,0,7,46,0,0,1,1.000,0,2,5,4.50,3,9,9,0,0,8,0.73,pitching,1,1,9,8.10,2,1,0.90,3,2,10.0,0,2,171,.386,.786,30,0,17.10,608371,Lucas Sims,7,6.30,2,1,0,0,2026,0,.400,.000,0,10,.610,1.43,9.00,104,145,Chicago White Sox,14,0,6.30,1.60,0,.000,0
31,3,19,.421,0,1,20,0,0,0,.---,0,0,2,4.50,4,4,4,0,1,8,2.67,pitching,0,0,8,18.00,0,1,2.25,2,1,4.0,0,0,54,.450,1.029,12,0,13.50,664702,Myles Straw,2,4.50,0,0,0,0,2026,0,.579,.---,0,0,.570,0.00,0.00,31,141,Toronto Blue Jays,11,0,2.25,2.25,0,.---,0
35,177,691,.259,3,47,750,0,0,4,.167,0,27,89,4.51,0,32,32,32,8,162,0.92,pitching,1,1,179,9.07,0,26,1.32,0,0,177.2,1,12,3003,.305,.725,533,2,16.90,592332,Kevin Gausman,96,4.86,6,5,0,0,2026,0,.420,.833,20,184,.660,3.91,9.32,1982,112,Chicago Cubs,290,3,2.38,1.27,2,.429,9
32,85,307,.261,1,34,346,0,1,3,.158,0,17,40,4.54,5,26,26,13,5,72,0.85,pitching,1,1,80,9.08,1,11,1.25,0,0,79.1,0,5,1368,.334,.764,238,0,17.24,625643,Reynaldo López,44,4.99,1,2,0,0,2026,0,.430,.842,16,73,.620,2.15,8.28,845,144,Atlanta Braves,132,1,3.86,1.44,4,.444,4
27,31,121,.256,0,16,140,3,0,2,.333,0,6,16,4.55,7,25,25,1,5,38,1.23,pitching,1,1,31,8.81,8,6,1.71,13,4,31.2,2,2,530,.348,.803,95,0,16.74,693313,Carson Seymour,19,5.40,2,0,4,1,2026,0,.455,.667,4,23,.610,1.44,6.54,325,137,San Francisco Giants,55,0,4.55,1.48,5,.000,0
26,122,426,.232,2,33,472,0,0,1,.200,0,26,57,4.57,0,23,23,22,2,78,0.64,pitching,8,8,99,7.93,0,21,1.68,0,0,112.1,1,8,1954,.297,.738,337,0,17.39,686218,Emmet Sheehan,58,4.65,1,4,0,0,2026,0,.441,.800,4,132,.650,4.00,10.58,1264,119,Los Angeles Dodgers,188,0,2.64,1.18,3,.385,5
26,57,219,.242,0,25,247,0,0,0,.---,0,10,30,4.58,9,40,40,0,6,50,0.88,pitching,0,0,53,8.08,1,8,1.22,18,9,59.0,0,0,950,.317,.742,177,0,16.10,701519,Travis Adams,32,4.88,1,2,3,3,2026,0,.425,.---,0,62,.630,2.48,9.46,595,142,Minnesota Twins,93,3,3.81,1.32,3,1.000,3
27,186,665,.241,0,71,750,0,0,1,.125,0,40,88,4.58,0,34,34,34,7,152,0.82,pitching,7,7,160,8.32,0,19,0.99,0,0,173.0,2,11,2962,.318,.713,519,1,17.12,669022,MacKenzie Gore,89,4.63,2,5,0,0,2026,0,.395,.875,7,174,.630,2.45,9.05,1865,140,Texas Rangers,263,3,3.69,1.34,2,.421,8
35,41,131,.229,0,19,154,0,0,1,.111,0,6,18,4.58,9,41,41,0,1,28,0.68,pitching,2,2,30,7.64,9,4,1.02,12,2,35.1,1,1,628,.333,.699,106,0,17.77,542888,Shawn Armstrong,19,4.84,1,1,0,0,2026,0,.366,.889,8,34,.630,1.79,8.66,396,114,Cleveland Guardians,48,0,4.84,1.39,1,.667,2
28,25,127,.276,0,8,137,1,0,0,.000,0,6,16,4.60,3,36,36,0,1,30,1.20,pitching,0,0,35,10.05,17,4,1.15,16,3,31.1,0,4,508,.319,.736,94,0,16.21,686580,Justin Slaten,20,5.74,2,0,1,0,2026,0,.417,1.000,7,39,.670,4.88,11.20,341,111,Boston Red Sox,53,0,2.30,1.37,0,.333,2
36,30,219,.247,0,13,241,4,0,1,.333,0,4,30,4.60,11,67,67,0,11,112,3.73,pitching,7,7,54,8.28,10,12,1.84,35,2,58.2,2,2,816,.308,.737,176,0,13.91,657612,Tim Hill,33,5.06,1,1,6,2,2026,0,.429,.667,2,25,.680,1.92,3.84,554,147,New York Yankees,94,0,1.99,1.14,1,.714,5
29,23,106,.208,0,20,131,0,0,0,.---,0,4,15,4.60,14,28,28,0,2,22,0.96,pitching,4,4,22,6.75,1,1,0.31,11,3,29.1,1,1,547,.354,.628,88,0,18.65,676742,Cam Sanders,15,4.60,1,0,3,3,2026,0,.274,.---,0,40,.600,2.00,12.27,328,110,Baltimore Orioles,29,0,6.14,1.43,1,.500,1
27,210,643,.257,0,76,729,0,2,4,.148,0,30,85,4.61,0,32,32,32,7,145,0.69,pitching,0,0,165,8.95,0,26,1.41,0,0,166.0,0,11,2869,.332,.763,498,3,17.28,671096,Andrew Abbott,91,4.93,1,7,0,0,2026,0,.431,.852,23,131,.630,1.72,7.10,1794,113,Cincinnati Reds,277,2,4.12,1.45,1,.353,6
28,33,102,.206,0,18,124,0,0,0,.000,0,3,14,4.61,3,9,9,4,1,31,0.94,pitching,4,4,21,6.91,0,6,1.98,0,0,27.1,0,2,496,.347,.759,82,1,18.15,661563,Luis Gil,16,5.27,0,0,0,0,2026,0,.412,1.000,1,17,.590,0.94,5.60,291,147,New York Yankees,42,0,5.93,1.43,2,.333,1
35,59,189,.249,0,19,211,2,0,0,.000,0,9,25,4.62,10,56,56,0,0,44,0.75,pitching,0,0,47,8.69,8,8,1.48,32,8,48.2,0,1,840,.314,.748,146,0,17.26,572955,Pierce Johnson,25,4.62,1,2,3,1,2026,0,.434,1.000,2,42,.660,2.21,7.77,551,113,Cincinnati Reds,82,1,3.51,1.36,3,.667,2
31,146,585,.256,0,57,651,0,0,7,.368,0,23,79,4.63,0,32,32,32,12,160,1.10,pitching,7,7,150,8.79,0,22,1.29,0,0,153.2,2,6,2608,.329,.748,461,2,16.97,621111,Walker Buehler,81,4.74,1,1,0,0,2026,0,.419,.632,12,131,.630,2.30,7.67,1632,135,San Diego Padres,245,3,3.34,1.35,3,.600,9
29,13,39,.308,0,5,46,0,0,0,.000,0,2,5,4.66,2,8,8,0,1,9,0.69,pitching,1,1,12,11.17,1,0,0.00,4,3,9.2,0,1,189,.391,.801,29,0,19.55,676051,Codi Heuer,5,4.66,0,1,0,0,2026,0,.410,1.000,6,6,.590,1.20,5.59,112,114,Cleveland Guardians,16,1,4.66,1.76,2,.000,0
33,173,676,.262,0,59,744,0,0,5,.333,0,32,91,4.67,0,33,33,33,12,156,0.90,pitching,2,2,177,9.09,0,37,1.90,0,0,175.1,2,12,2946,.321,.803,526,2,16.80,605400,Aaron Nola,93,4.77,2,5,0,0,2026,0,.482,.667,10,177,.640,3.00,9.09,1875,143,Philadelphia Phillies,326,3,3.03,1.35,2,.368,7
30,99,330,.224,0,29,364,0,0,3,.600,0,13,47,4.68,0,17,17,17,7,75,0.76,pitching,1,1,74,7.37,0,18,1.79,0,0,90.1,0,5,1466,.287,.732,271,0,16.23,665152,Dean Kremer,50,4.98,1,3,0,0,2026,0,.445,.400,2,86,.630,2.97,8.57,920,142,Minnesota Twins,147,3,2.89,1.14,4,.500,5
30,39,128,.258,0,11,143,0,1,0,.000,0,3,17,4.68,0,8,8,6,3,32,0.82,pitching,2,2,33,9.09,0,6,1.65,0,0,32.2,0,4,529,.324,.746,98,0,16.19,676664,JP Sears,19,5.23,0,1,0,0,2026,0,.422,1.000,1,25,.620,2.27,6.89,328,135,San Diego Padres,54,0,3.03,1.35,0,.429,3
26,10,30,.300,0,5,36,0,1,1,1.000,0,2,4,4.70,5,5,5,0,0,6,0.60,pitching,0,0,9,10.57,0,1,1.17,1,0,7.2,0,0,129,.400,.867,23,0,16.83,682445,Domingo Gonzalez,4,4.70,0,0,0,0,2026,0,.467,.000,0,5,.600,1.00,5.87,77,136,Seattle Mariners,14,0,5.87,1.83,0,.---,0
28,147,554,.256,1,50,621,0,1,4,.308,1,27,76,4.70,0,31,31,31,13,126,0.86,pitching,11,11,142,8.77,0,14,0.86,0,0,145.2,0,9,2399,.328,.712,437,1,16.47,669160,Dustin May,79,4.88,1,4,0,0,2026,1,.384,.692,9,144,.650,2.88,8.90,1557,158,Milwaukee Brewers,213,1,3.09,1.32,7,.438,7
32,10,31,.355,0,2,34,0,0,0,.---,0,5,4,4.70,7,7,7,0,2,10,1.00,pitching,0,0,11,12.91,0,1,1.17,1,0,7.2,0,0,94,.382,.995,23,0,12.26,664954,Brett Sullivan,4,4.70,0,1,0,0,2026,0,.613,.---,0,1,.680,0.50,1.17,64,115,Colorado Rockies,19,0,2.35,1.70,0,.---,0
22,67,164,.244,0,27,194,0,0,2,.182,0,11,23,4.70,0,10,10,10,4,29,0.43,pitching,1,1,40,8.18,0,5,1.02,0,0,44.0,1,3,726,.354,.769,132,0,16.50,683352,Mitch Bratt,23,4.70,2,0,0,0,2026,0,.415,.818,9,30,.620,1.11,6.14,453,109,Arizona Diamondbacks,68,1,5.52,1.52,1,.250,1
24,31,73,.205,0,12,87,0,0,1,.333,0,4,11,4.71,1,6,6,0,3,15,0.48,pitching,1,1,15,6.43,0,1,0.43,2,2,21.0,0,0,349,.322,.623,63,0,16.62,694753,Khristian Curtis,11,4.71,0,1,0,0,2026,0,.301,.667,2,13,.600,1.08,5.57,210,134,Pittsburgh Pirates,22,0,5.14,1.29,3,1.000,2
25,46,134,.269,0,13,154,0,1,0,.000,0,5,18,4.72,1,9,9,5,3,36,0.78,pitching,3,3,36,9.44,0,6,1.57,3,3,34.1,0,3,551,.342,.812,103,0,16.05,702474,Mike Paredes,19,4.98,1,2,0,0,2026,0,.470,1.000,2,19,.640,1.46,4.98,350,142,Minnesota Twins,63,2,3.41,1.43,0,.000,0
36,88,198,.202,0,13,219,3,0,0,.000,0,6,28,4.73,37,62,62,0,0,21,0.24,pitching,4,4,40,6.75,3,13,2.19,16,3,53.1,1,5,854,.261,.710,160,0,16.01,623149,Paul Sewald,30,5.06,1,3,27,24,2026,0,.449,1.000,4,53,.680,4.08,8.94,579,141,Toronto Blue Jays,89,2,2.19,0.99,2,.286,2
26,17,73,.219,0,4,81,1,0,0,.000,0,6,10,4.74,4,16,16,0,0,23,1.35,pitching,4,4,16,7.58,1,2,0.95,12,1,19.0,0,0,282,.296,.680,57,0,14.84,672841,Carlos Vargas,10,4.74,0,0,1,0,2026,0,.384,1.000,2,17,.670,4.25,8.05,189,136,Seattle Mariners,28,0,1.89,1.05,1,1.000,3
25,10,22,.182,0,2,24,0,0,0,.---,0,1,3,4.76,2,4,4,0,0,3,0.30,pitching,0,0,4,6.35,0,1,1.59,0,0,5.2,0,0,98,.250,.614,17,0,17.29,702047,Alex Cook,3,4.76,0,0,0,0,2026,0,.364,.---,0,5,.610,2.50,7.94,60,139,Tampa Bay Rays,8,0,3.18,1.06,0,.---,0
30,32,178,.264,1,19,198,0,0,0,.000,0,2,24,4.76,9,40,40,2,4,56,1.75,pitching,0,0,47,9.33,6,7,1.39,12,3,45.1,0,3,790,.333,.737,136,0,17.43,672335,Cionel Pérez,25,4.96,0,1,0,0,2026,0,.404,1.000,3,44,.640,2.32,8.74,502,121,New York Mets,72,1,3.77,1.46,6,.571,4
27,77,282,.245,0,33,329,0,0,1,1.000,0,14,39,4.76,2,30,30,10,5,64,0.83,pitching,13,13,69,8.43,4,10,1.22,13,2,73.2,0,7,1266,.351,.766,221,1,17.19,678906,Kai-Wei Teng,43,5.25,1,0,0,0,2026,0,.415,.000,0,73,.630,2.21,8.92,792,117,Houston Astros,117,2,4.03,1.38,5,.417,5
34,165,581,.262,0,44,653,0,0,4,.333,0,34,80,4.78,6,33,33,19,9,132,0.80,pitching,16,16,152,9.08,0,25,1.49,11,7,150.2,0,8,2493,.327,.804,452,2,16.55,640455,Sean Manaea,88,5.26,4,8,0,0,2026,0,.477,.667,8,144,.670,3.27,8.60,1662,121,New York Mets,277,8,2.63,1.30,2,.429,6
32,33,152,.243,0,22,181,3,0,1,.333,0,6,22,4.79,5,51,51,0,2,33,1.00,pitching,2,2,37,8.06,23,6,1.31,23,9,41.1,2,4,734,.337,.751,124,1,17.76,664076,Garrett Cleavinger,23,5.01,0,5,5,2,2026,0,.414,.667,2,54,.640,2.45,11.76,468,139,Tampa Bay Rays,63,1,4.79,1.43,1,.500,4
34,42,214,.252,0,30,257,4,1,1,.111,0,8,30,4.79,7,65,65,0,4,68,1.62,pitching,6,6,54,8.63,7,5,0.80,42,15,56.1,2,7,1073,.357,.736,169,0,19.05,594580,Sam Moll,36,5.75,4,2,5,1,2026,0,.379,.889,8,56,.600,1.87,8.95,646,113,Cincinnati Reds,81,2,4.79,1.49,2,.222,2
30,121,587,.267,1,65,663,0,0,4,.286,0,23,79,4.79,2,32,32,23,13,179,1.48,pitching,4,4,157,9.53,1,15,0.91,2,1,148.1,0,8,2476,.342,.739,445,0,16.69,656849,David Peterson,86,5.22,2,5,1,1,2026,0,.397,.714,10,137,.630,2.11,8.31,1561,112,Chicago Cubs,233,4,3.94,1.50,4,.529,9
30,90,276,.250,0,20,301,2,0,1,.143,0,18,38,4.79,18,66,66,0,3,54,0.60,pitching,1,1,69,8.71,10,11,1.39,27,6,71.1,1,3,1153,.301,.743,214,3,16.16,660853,Enyel De Los Santos,43,5.43,2,2,7,5,2026,0,.442,.857,6,67,.670,3.35,8.45,768,117,Houston Astros,122,1,2.52,1.25,1,.500,3
26,42,184,.223,0,29,217,4,0,1,.167,0,8,26,4.81,6,44,44,0,1,52,1.24,pitching,4,4,41,7.58,17,7,1.29,25,4,48.2,1,3,830,.341,.721,146,1,17.05,696147,Sam Bachman,27,4.99,0,0,5,1,2026,0,.380,.833,5,49,.620,1.69,9.06,514,108,Los Angeles Angels,70,0,5.36,1.44,2,.250,1
28,45,128,.250,0,16,150,1,0,2,.250,0,9,18,4.81,8,33,33,3,2,18,0.40,pitching,4,4,32,8.55,2,4,1.07,17,7,33.2,0,0,614,.347,.777,101,1,18.24,669684,Chris Murphy,21,5.61,0,2,2,1,2026,0,.430,.750,6,35,.640,2.19,9.36,394,145,Chicago White Sox,55,1,4.28,1.43,3,1.000,3
32,33,105,.286,0,14,124,0,0,1,.500,0,5,15,4.82,5,18,18,0,3,24,0.73,pitching,1,1,30,9.64,2,1,0.32,6,2,28.0,0,1,435,.363,.763,84,1,15.54,664129,Geoff Hartlieb,15,4.82,0,4,0,0,2026,0,.400,.500,1,22,.620,1.57,7.07,271,133,Athletics,42,2,4.50,1.57,4,.667,2
22,13,71,.268,0,8,81,0,0,0,.000,0,6,10,4.82,4,8,8,0,3,26,2.00,pitching,1,1,19,9.16,0,4,1.93,1,0,18.2,0,0,293,.346,.895,56,0,15.70,699008,Antwone Kelly,10,4.82,0,1,0,0,2026,0,.549,1.000,2,14,.670,1.75,6.75,197,134,Pittsburgh Pirates,39,1,3.86,1.45,0,.---,0
23,48,125,.248,0,9,139,1,0,0,.000,0,7,17,4.83,8,16,16,3,2,33,0.69,pitching,3,3,31,8.81,0,6,1.71,5,0,31.2,0,2,477,.309,.757,95,0,15.06,695534,Chase Petty,19,5.40,0,2,2,1,2026,0,.448,1.000,1,15,.640,1.67,4.26,304,113,Cincinnati Reds,56,0,2.56,1.26,1,.333,1
28,33,127,.213,0,23,151,0,0,2,.400,0,5,19,4.84,0,8,8,8,3,23,0.70,pitching,0,0,27,6.88,0,10,2.55,0,0,35.1,0,4,639,.331,.819,106,0,18.08,666142,Cole Ragans,20,5.09,0,1,0,0,2026,0,.488,.600,3,45,.600,1.96,11.46,386,118,Kansas City Royals,62,0,5.86,1.42,0,.200,1
28,18,66,.227,0,8,78,0,0,0,.000,0,3,9,4.86,7,15,15,0,0,17,0.94,pitching,2,2,15,8.10,2,3,1.62,4,0,16.2,0,0,296,.321,.730,50,0,17.76,689520,Cody Laweryson,12,6.48,0,2,1,1,2026,0,.409,1.000,1,18,.660,2.25,9.72,194,142,Minnesota Twins,27,0,4.32,1.38,0,1.000,1
39,58,191,.246,0,18,212,4,0,0,.000,0,6,27,4.86,9,58,58,0,2,28,0.48,pitching,1,1,47,8.46,7,11,1.98,23,5,50.0,3,4,848,.314,.764,150,1,16.96,573204,Caleb Thielbar,30,5.40,2,0,7,3,2026,0,.450,1.000,3,60,.670,3.33,10.80,571,112,Chicago Cubs,86,0,3.24,1.30,1,.429,3
29,15,77,.260,0,15,96,0,0,0,.---,0,1,11,4.87,3,18,18,1,0,19,1.27,pitching,1,1,20,8.85,1,3,1.33,9,5,20.1,0,1,367,.379,.769,61,0,18.05,642376,Jefry Yan,12,5.31,1,2,0,0,2026,0,.390,.---,0,26,.610,1.73,11.51,223,121,New York Mets,30,0,6.64,1.72,2,.667,2
25,126,474,.249,2,44,535,0,1,3,.333,0,21,68,4.87,1,24,24,22,10,111,0.88,pitching,7,7,118,8.45,0,14,1.00,0,0,125.2,0,7,2067,.318,.708,377,0,16.45,687570,Connor Prielipp,76,5.44,3,6,0,0,2026,0,.390,.667,6,128,.650,2.91,9.17,1337,142,Minnesota Twins,185,2,3.15,1.29,1,.462,6
26,133,498,.251,2,39,545,0,0,0,.000,0,23,71,4.90,0,23,23,23,11,128,0.96,pitching,4,4,125,8.63,0,24,1.66,0,0,130.1,0,11,2117,.308,.754,391,0,16.24,805673,Zebby Matthews,76,5.25,0,4,0,0,2026,0,.446,1.000,6,116,.630,2.97,8.01,1343,142,Minnesota Twins,222,1,2.69,1.26,3,.450,9
27,128,479,.280,0,39,528,0,0,1,.091,0,26,66,4.91,2,28,28,21,10,125,0.98,pitching,3,3,134,9.97,0,19,1.41,0,0,121.0,1,7,2003,.334,.787,363,0,16.55,677944,Slade Cecconi,72,5.36,1,6,0,0,2026,0,.453,.909,10,99,.640,2.54,7.36,1281,114,Cleveland Guardians,217,0,2.90,1.43,4,.417,5
29,41,181,.238,0,22,209,3,1,1,.200,0,2,26,4.91,25,49,49,0,4,45,1.10,pitching,1,1,43,8.12,4,6,1.13,22,6,47.2,2,7,786,.322,.681,143,0,16.49,668873,Caleb Kilian,30,5.66,3,1,11,8,2026,0,.359,.800,4,56,.650,2.55,10.57,509,143,Philadelphia Phillies,65,1,4.15,1.36,1,.364,4
23,69,274,.237,0,43,326,0,0,2,.182,0,10,40,4.91,2,17,17,11,5,75,1.09,pitching,6,6,65,7.98,2,13,1.60,4,1,73.1,1,5,1278,.351,.782,220,0,17.43,702275,JR Ritchie,43,5.28,1,2,1,1,2026,0,.431,.818,9,68,.590,1.58,8.35,753,144,Atlanta Braves,118,2,5.28,1.47,1,.167,1
34,7,12,.250,0,3,17,0,0,0,.---,0,1,2,4.91,3,3,3,0,1,3,0.43,pitching,1,1,3,7.36,0,0,0.00,2,0,3.2,0,0,48,.412,.745,11,0,13.09,545121,Ildemaro Vargas,2,4.91,0,1,0,0,2026,0,.333,.---,0,0,.480,0.00,0.00,23,109,Arizona Diamondbacks,4,0,7.36,1.64,0,.---,0
26,53,224,.259,0,33,266,3,0,2,.667,0,11,32,4.91,17,53,53,0,4,75,1.42,pitching,3,3,58,8.90,6,3,0.46,23,6,58.2,1,3,1027,.355,.721,176,0,17.51,680767,Victor Vodnik,37,5.68,1,5,7,4,2026,0,.366,.333,1,44,.600,1.33,6.75,619,146,Miami Marlins,82,2,5.06,1.55,6,.500,3
35,67,266,.278,2,30,305,0,0,1,.200,0,20,37,4.92,0,14,14,14,7,64,0.96,pitching,3,3,74,9.84,0,7,0.93,0,0,67.2,1,7,1202,.351,.798,203,0,17.76,579328,Yusei Kikuchi,38,5.05,0,6,0,0,2026,0,.447,.800,4,67,.640,2.23,8.91,768,108,Los Angeles Angels,119,2,3.99,1.54,3,.125,1
33,57,234,.218,1,26,268,1,0,2,.250,0,14,35,4.92,6,46,46,4,0,72,1.26,pitching,3,3,51,7.17,9,5,0.70,25,9,64.0,0,3,1071,.301,.660,192,4,16.73,606996,Kyle Hart,37,5.20,2,3,1,0,2026,0,.359,.750,6,59,.620,2.27,8.30,665,135,San Diego Padres,84,2,3.66,1.20,2,.250,1
28,68,280,.207,3,51,338,0,0,1,.143,0,9,42,4.93,6,23,23,15,4,60,0.88,pitching,4,4,58,6.81,0,9,1.06,0,0,76.2,0,4,1451,.335,.671,230,0,18.93,837227,Tatsuya Imai,42,4.93,1,2,0,0,2026,0,.336,.857,6,97,.600,1.90,11.39,864,117,Houston Astros,94,0,5.99,1.42,2,.600,6
26,36,141,.206,0,18,164,1,0,1,.333,0,9,21,4.93,10,34,34,0,0,37,1.03,pitching,3,3,29,6.81,4,6,1.41,12,0,38.1,0,1,635,.309,.706,115,0,16.57,684974,Craig Yoho,21,4.93,2,0,1,0,2026,0,.397,.667,2,41,.640,2.28,9.63,405,114,Cleveland Guardians,56,0,4.23,1.23,3,.667,2
27,27,100,.240,2,13,119,0,0,1,1.000,0,5,15,4.94,10,24,24,0,3,38,1.41,pitching,4,4,24,7.90,2,2,0.66,6,2,27.1,0,0,446,.345,.695,82,0,16.32,689546,Nick Davila,17,5.60,0,2,1,1,2026,0,.350,.000,0,13,.640,1.00,4.28,287,136,Seattle Mariners,35,0,4.28,1.35,0,.---,0
32,28,92,.293,0,9,104,1,0,0,.000,0,8,13,4.94,7,21,21,0,5,23,0.82,pitching,2,2,27,10.27,1,3,1.14,19,8,23.2,1,1,380,.365,.843,71,0,16.06,621366,Ryan Borucki,14,5.32,0,1,1,0,2026,0,.478,1.000,5,15,.630,1.67,5.70,238,137,San Francisco Giants,44,0,3.42,1.52,1,.500,1
37,184,619,.268,1,70,704,0,1,4,.200,1,29,89,4.94,0,29,29,29,12,166,0.90,pitching,4,4,166,9.22,0,28,1.56,0,0,162.0,2,14,2621,.343,.807,486,4,16.18,518876,Merrill Kelly,93,5.17,3,7,0,0,2026,0,.464,.800,16,113,.630,1.61,6.28,1656,109,Arizona Diamondbacks,287,4,3.89,1.46,1,.417,10
28,126,342,.251,0,24,374,0,1,0,.---,0,16,48,4.95,1,19,19,15,7,66,0.52,pitching,5,5,86,8.86,0,18,1.85,3,1,87.1,1,5,1374,.308,.776,262,1,15.73,669194,Ryne Nelson,55,5.67,0,2,0,0,2026,0,.468,.---,0,66,.670,2.75,6.80,922,109,Arizona Diamondbacks,160,2,2.47,1.26,2,.375,3
28,21,85,.294,0,6,94,0,0,0,.---,0,2,11,4.95,5,21,21,1,0,20,0.95,pitching,2,2,25,11.25,1,3,1.35,14,6,20.0,0,1,354,.351,.798,60,0,17.70,679775,Kyle Backhus,12,5.40,0,1,0,0,2026,0,.447,.---,0,20,.640,3.33,9.00,228,143,Philadelphia Phillies,38,1,2.70,1.55,1,.667,2
31,45,154,.305,0,7,164,0,0,0,.000,0,11,20,4.95,6,13,13,1,1,33,0.73,pitching,2,2,47,11.64,0,4,0.99,6,4,36.1,0,2,607,.341,.796,109,0,16.71,664353,José Urquidy,24,5.94,0,1,1,1,2026,0,.455,1.000,3,30,.690,4.29,7.43,420,143,Philadelphia Phillies,70,0,1.73,1.49,1,.500,2
26,126,406,.219,1,64,492,0,1,3,.125,0,14,61,4.96,0,24,24,19,7,91,0.72,pitching,15,15,89,7.24,0,18,1.46,2,0,110.2,0,9,1942,.344,.731,332,0,17.55,681293,Spencer Arrighetti,67,5.45,2,4,0,0,2026,0,.387,.875,21,106,.600,1.66,8.62,1159,141,Toronto Blue Jays,157,0,5.20,1.38,2,.500,9
25,68,225,.222,0,34,268,3,0,1,.333,0,10,32,4.97,8,62,62,0,0,46,0.68,pitching,7,7,50,7.76,17,5,0.78,21,7,58.0,1,1,1093,.341,.701,174,0,18.84,689147,Orion Kerkering,36,5.59,1,1,5,2,2026,0,.360,.667,2,63,.610,1.85,9.78,664,143,Philadelphia Phillies,81,3,5.28,1.45,2,.875,7
28,108,412,.279,1,46,486,0,0,3,.150,0,22,60,4.97,0,21,21,21,15,117,1.08,pitching,17,17,115,9.52,0,20,1.66,0,0,108.2,0,6,1899,.368,.866,326,1,17.48,666157,Nick Lodolo,60,4.97,2,9,0,0,2026,0,.498,.850,17,83,.620,1.80,6.87,1168,113,Cincinnati Reds,205,4,3.81,1.48,2,.333,3
28,26,94,.245,0,7,102,0,0,0,.000,0,3,14,4.97,9,18,18,0,2,22,0.85,pitching,0,0,23,8.17,1,5,1.78,13,1,25.1,0,0,387,.297,.733,76,0,15.28,689225,Beau Brieske,14,4.97,1,0,0,0,2026,0,.436,1.000,1,24,.660,3.43,8.53,255,116,Detroit Tigers,41,0,2.49,1.18,0,1.000,1
24,12,33,.182,0,6,39,0,0,0,.000,0,2,5,5.00,0,6,6,0,0,7,0.58,pitching,0,0,6,6.00,0,1,1.00,4,2,9.0,0,0,163,.308,.702,27,0,18.11,691008,Max Rajcic,5,5.00,0,0,0,0,2026,0,.394,1.000,2,8,.590,1.33,8.00,96,138,St. Louis Cardinals,13,1,6.00,1.33,1,.---,0
26,17,55,.236,0,8,64,0,0,0,.000,0,1,8,5.02,0,6,6,0,0,9,0.53,pitching,0,0,13,8.16,2,2,1.26,5,0,14.1,0,1,260,.328,.692,43,0,18.14,689149,Chad Dallas,8,5.02,0,1,0,0,2026,0,.364,1.000,1,17,.610,2.13,10.67,159,141,Toronto Blue Jays,20,0,5.02,1.47,1,.667,2
23,130,383,.251,0,43,437,0,0,1,1.000,0,11,56,5.04,1,22,22,19,9,83,0.64,pitching,6,6,96,8.64,0,18,1.62,0,0,100.0,1,9,1722,.333,.759,300,0,17.22,696270,Ryan Johnson,61,5.49,1,4,0,0,2026,0,.426,.000,0,79,.630,1.84,7.11,1093,108,Los Angeles Angels,163,1,3.87,1.39,4,.357,5
31,19,63,.238,0,3,70,1,0,0,.000,0,3,9,5.06,5,16,16,0,0,17,0.89,pitching,1,1,15,8.44,4,5,2.81,9,3,16.0,0,2,281,.284,.808,48,0,17.56,641401,Connor Brogdon,12,6.75,3,0,2,1,2026,0,.524,1.000,2,15,.600,5.00,8.44,169,114,Cleveland Guardians,33,0,1.69,1.13,2,.500,2
26,16,59,.271,0,9,70,2,0,0,.---,0,2,9,5.06,7,17,17,0,4,12,0.75,pitching,2,2,16,9.00,3,2,1.13,10,2,16.0,0,2,256,.386,.793,48,0,16.00,672442,Yovanny Cruz,9,5.06,0,0,3,1,2026,0,.407,.---,0,15,.630,1.67,8.44,162,120,Washington Nationals,24,0,5.06,1.56,0,.000,0
28,15,84,.286,0,7,93,0,0,1,.333,0,4,12,5.06,7,23,23,2,2,36,2.40,pitching,1,1,24,10.13,3,5,2.11,11,1,21.1,1,1,321,.348,.860,64,0,15.05,669724,Brenan Hanifee,12,5.06,1,0,0,0,2026,0,.512,.667,2,10,.640,1.43,4.22,207,116,Detroit Tigers,43,0,2.95,1.45,0,.000,0
24,5,18,.111,0,6,24,1,0,0,.000,0,0,3,5.06,0,6,6,0,0,4,0.80,pitching,0,0,2,3.38,0,1,1.69,1,1,5.1,0,0,103,.333,.611,16,0,19.31,811315,Brody Hopkins,3,5.06,0,0,1,0,2026,0,.278,1.000,2,7,.600,1.17,11.81,62,139,Tampa Bay Rays,5,0,10.13,1.50,3,.---,0
24,50,130,.238,0,17,151,0,0,1,.500,0,4,19,5.08,2,9,9,6,1,30,0.60,pitching,1,1,31,8.29,0,5,1.34,0,0,33.2,0,4,610,.325,.725,101,0,18.12,691951,Sam Aldegheri,21,5.61,0,3,0,0,2026,0,.400,.500,1,22,.620,1.29,5.88,377,108,Los Angeles Angels,52,1,4.54,1.43,1,.429,3
25,58,271,.255,1,23,310,0,1,1,.111,0,12,40,5.12,0,14,14,14,6,90,1.55,pitching,12,12,69,8.83,0,7,0.90,0,0,70.1,0,7,1137,.338,.722,211,0,16.17,686790,Trevor McDonald,43,5.50,1,2,0,0,2026,0,.384,.889,8,57,.630,2.48,7.29,718,137,San Francisco Giants,104,1,2.94,1.31,5,.300,3
29,72,282,.305,0,32,321,0,0,1,.167,0,17,40,5.12,0,15,15,13,8,56,0.78,pitching,2,2,86,11.00,0,7,0.90,2,0,70.1,0,7,1219,.375,.815,211,1,17.33,663776,Patrick Sandoval,44,5.63,1,4,0,0,2026,0,.440,.833,5,73,.640,2.28,9.34,778,111,Boston Red Sox,124,0,4.09,1.68,3,.125,1
28,25,74,.257,0,10,86,0,0,1,.500,0,4,11,5.12,8,12,12,0,1,18,0.72,pitching,1,1,19,8.84,0,1,0.47,2,0,19.1,0,0,306,.349,.727,58,0,15.83,686753,Drey Jameson,11,5.12,0,1,0,0,2026,0,.378,.500,1,13,.640,1.30,6.05,197,109,Arizona Diamondbacks,28,1,4.66,1.50,1,.---,0
29,21,70,.257,0,11,83,2,0,1,1.000,0,5,11,5.12,2,21,21,0,3,18,0.86,pitching,0,0,18,8.38,5,2,0.93,7,4,19.1,1,3,341,.354,.797,58,0,17.64,683232,Nick Mears,11,5.12,1,1,2,0,2026,0,.443,.000,0,15,.610,1.36,6.98,209,118,Kansas City Royals,31,1,5.12,1.50,1,.400,2
30,23,80,.300,0,9,91,0,0,0,.000,0,3,11,5.12,9,16,16,0,2,17,0.74,pitching,2,2,24,11.17,0,5,2.33,2,1,19.1,0,1,339,.385,.910,58,0,17.53,669212,Eli Morgan,11,5.12,0,0,1,1,2026,0,.525,1.000,2,16,.640,1.78,7.45,216,118,Kansas City Royals,42,0,4.19,1.71,0,.000,0
29,11,27,.259,0,0,28,0,0,0,.---,0,1,4,5.14,1,3,3,0,0,4,0.36,pitching,0,0,7,9.00,0,3,3.86,0,0,7.0,0,0,89,.250,.880,21,0,12.71,675627,Michael Grove,5,6.43,0,1,0,0,2026,0,.630,.---,0,6,.720,-.--,7.71,64,139,Tampa Bay Rays,17,0,0.00,1.00,0,1.000,1
29,91,245,.261,0,28,276,0,0,0,.000,0,8,36,5.14,2,17,17,12,6,32,0.35,pitching,2,2,64,9.14,0,10,1.43,2,0,63.0,0,6,1109,.341,.774,189,0,17.60,664299,Cristian Javier,36,5.14,0,1,0,0,2026,0,.433,1.000,8,59,.640,2.11,8.43,709,117,Houston Astros,106,2,4.00,1.46,0,.250,2
28,8,25,.240,0,4,32,0,1,0,.---,0,1,4,5.14,5,6,6,0,2,6,0.75,pitching,1,1,6,7.71,0,0,0.00,3,0,7.0,0,0,120,.355,.635,21,0,17.14,690155,Matt Pushard,5,6.43,0,1,0,0,2026,0,.280,.---,0,6,.590,1.50,7.71,71,138,St. Louis Cardinals,7,0,5.14,1.43,2,.---,0
31,41,114,.281,0,23,138,0,0,1,.250,0,3,17,5.16,0,7,7,5,4,23,0.56,pitching,1,1,32,9.71,0,4,1.21,0,0,29.2,0,3,551,.406,.818,89,0,18.57,608337,Lucas Giolito,19,5.76,0,0,0,0,2026,0,.412,.750,3,18,.560,0.78,5.46,309,135,San Diego Padres,47,0,6.98,1.85,3,.400,2
27,21,86,.244,0,11,99,1,0,0,.---,0,5,13,5.16,4,25,25,0,2,18,0.86,pitching,1,1,21,8.34,8,4,1.59,6,3,22.2,0,3,378,.337,.779,68,0,16.68,677053,Andrew Nardi,13,5.16,1,0,1,0,2026,0,.442,.---,0,27,.650,2.45,10.72,245,146,Miami Marlins,38,0,4.37,1.41,1,.500,3
36,192,677,.295,1,54,751,0,0,4,.364,0,46,99,5.17,0,32,32,32,19,162,0.84,pitching,9,9,200,10.44,0,23,1.20,0,0,172.1,0,9,2858,.352,.832,517,4,16.58,607625,Seth Lugo,107,5.59,3,8,0,0,2026,0,.480,.636,7,134,.640,2.48,7.00,1824,118,Kansas City Royals,325,5,2.82,1.47,2,.438,7
29,28,129,.287,0,19,150,0,1,0,.000,0,7,19,5.18,5,35,35,1,5,34,1.21,pitching,0,0,37,10.09,5,5,1.36,19,6,33.0,2,0,586,.376,.849,99,0,17.76,657571,Caleb Ferguson,19,5.18,0,1,1,1,2026,0,.473,1.000,1,31,.640,1.63,8.45,377,138,St. Louis Cardinals,61,1,5.18,1.70,0,1.000,1
29,55,245,.282,0,23,278,6,0,0,.000,0,10,35,5.19,16,60,60,1,5,74,1.35,pitching,6,6,69,10.24,12,9,1.34,36,13,60.2,2,6,1067,.355,.796,182,0,17.59,687911,Bryan King,39,5.79,2,2,12,6,2026,0,.441,1.000,2,51,.660,2.22,7.57,706,117,Houston Astros,108,1,3.41,1.52,2,.333,3
27,11,32,.313,0,7,43,0,0,1,.333,0,1,5,5.19,2,7,7,0,0,6,0.55,pitching,3,3,10,10.38,0,1,1.04,5,2,8.2,0,1,178,.465,.965,26,1,20.54,685005,Christian Roa,5,5.19,0,1,0,0,2026,0,.500,.667,2,6,.560,0.86,6.23,99,117,Houston Astros,16,1,7.27,1.96,0,.000,0
30,21,75,.280,0,5,83,0,0,0,.---,0,3,11,5.21,8,14,14,0,2,26,1.24,pitching,1,1,21,9.95,0,2,0.95,5,2,19.0,0,0,313,.329,.756,57,0,16.47,663941,Tristan Beck,11,5.21,1,1,1,1,2026,0,.427,.---,0,9,.650,1.80,4.26,203,137,San Francisco Giants,32,1,2.37,1.37,1,1.000,1
26,20,70,.186,0,9,81,0,0,1,.250,0,6,11,5.21,1,4,4,3,0,18,0.90,pitching,0,0,13,6.16,0,1,0.47,1,1,19.0,0,1,347,.275,.589,57,0,18.26,671212,Joe Boyle,13,6.16,0,1,0,0,2026,0,.314,.750,3,21,.630,2.33,9.95,218,139,Tampa Bay Rays,22,0,4.26,1.16,1,.000,0
30,176,489,.278,0,39,540,0,0,6,.375,0,22,72,5.21,2,26,26,14,9,113,0.64,pitching,3,3,136,9.84,0,30,2.17,11,7,124.1,0,8,1977,.330,.841,373,1,15.90,641793,Zack Littell,81,5.86,1,8,0,0,2026,0,.511,.625,10,73,.650,1.87,5.28,1280,109,Arizona Diamondbacks,250,1,2.82,1.41,1,.500,8
26,45,153,.235,0,23,181,5,1,1,.143,0,7,23,5.22,7,46,46,0,0,33,0.73,pitching,3,3,36,8.17,13,3,0.68,37,10,39.2,2,4,692,.344,.710,119,0,17.45,677955,Jaden Hill,23,5.22,0,1,7,2,2026,0,.366,.857,6,40,.640,1.74,9.08,440,115,Colorado Rockies,56,2,5.22,1.49,3,.200,1
26,171,607,.285,0,55,674,0,0,7,.226,0,28,90,5.23,0,31,31,31,13,116,0.68,pitching,5,5,173,10.05,0,28,1.63,0,0,155.0,0,14,2610,.346,.819,465,4,16.84,669461,Matthew Liberatore,96,5.57,1,6,0,0,2026,0,.473,.774,24,154,.640,2.80,8.94,1664,138,St. Louis Cardinals,287,1,3.19,1.47,7,.300,6
25,37,125,.304,0,14,145,0,0,2,.500,0,4,18,5.23,9,30,30,1,4,20,0.54,pitching,4,4,38,11.03,5,5,1.45,19,6,31.0,3,0,578,.386,.842,93,0,18.65,671936,Adam Macko,19,5.52,0,2,0,0,2026,0,.456,.500,2,32,.650,2.29,9.29,373,140,Texas Rangers,57,0,4.06,1.68,1,1.000,2
25,21,78,.218,0,16,97,0,0,0,.000,0,4,12,5.23,8,16,16,0,1,18,0.86,pitching,3,3,17,7.40,1,2,0.87,1,0,20.2,0,2,442,.371,.717,62,0,21.39,688883,Peyton Pallette,13,5.66,0,0,0,0,2026,0,.346,1.000,1,22,.580,1.38,9.58,257,114,Cleveland Guardians,27,0,6.97,1.60,2,.333,1
25,12,41,.293,0,13,56,1,0,0,.000,0,1,6,5.23,0,5,5,0,2,5,0.42,pitching,2,2,12,10.45,0,0,0.00,3,0,10.1,0,1,211,.482,.799,31,0,20.42,697812,Joe Rock,7,6.10,0,0,1,0,2026,0,.317,1.000,3,12,.580,0.92,10.45,123,133,Athletics,13,0,11.32,2.42,1,.000,0
31,161,418,.256,1,35,466,1,1,2,.182,0,16,63,5.23,1,22,22,18,2,85,0.53,pitching,5,5,107,8.89,0,26,2.16,0,0,108.1,0,7,1814,.318,.804,325,1,16.74,641778,Eric Lauer,64,5.32,3,4,1,0,2026,0,.486,.818,9,72,.660,2.06,5.98,1189,119,Los Angeles Dodgers,203,1,2.91,1.31,1,.533,8
30,27,98,.306,0,11,115,1,0,1,.500,0,6,14,5.25,9,21,21,0,0,24,0.89,pitching,3,3,30,11.25,1,2,0.75,18,11,24.0,0,0,476,.383,.812,72,0,19.83,657756,Connor Seabold,15,5.63,0,3,1,0,2026,0,.429,.500,1,20,.640,1.82,7.50,304,118,Kansas City Royals,42,0,4.13,1.71,1,1.000,1
31,66,208,.264,0,24,236,0,0,3,.375,0,11,31,5.26,2,13,13,10,2,52,0.79,pitching,2,2,55,9.34,0,14,2.38,0,0,53.0,0,2,918,.343,.862,159,0,17.32,608566,Germán Márquez,32,5.43,0,2,1,1,2026,0,.519,.625,5,37,.620,1.54,6.28,573,135,San Diego Padres,108,0,4.08,1.49,2,.667,4
25,73,274,.285,0,40,323,1,0,3,.375,0,11,41,5.27,21,65,65,1,3,63,0.86,pitching,3,3,78,10.03,9,6,0.77,32,10,70.0,3,6,1303,.378,.776,210,2,18.61,675848,Juan Mejia,44,5.66,3,3,5,4,2026,0,.398,.625,5,66,.630,1.65,8.49,827,115,Colorado Rockies,109,1,5.14,1.69,2,.400,4
28,30,109,.239,0,16,130,1,0,1,.500,0,4,18,5.28,5,22,22,0,6,25,0.83,pitching,3,3,26,7.63,3,5,1.47,13,4,30.2,0,3,524,.352,.765,92,0,17.09,702752,Jonathan Pintaro,19,5.58,2,0,1,0,2026,0,.413,.500,1,30,.610,1.88,8.80,322,121,New York Mets,45,0,4.70,1.37,4,.400,2
26,88,314,.255,0,35,355,0,0,1,.111,0,12,47,5.29,0,15,15,15,5,65,0.74,pitching,4,4,80,9.00,0,14,1.58,0,0,80.0,0,7,1397,.335,.774,240,1,17.46,683004,Jack Leiter,50,5.63,0,2,0,0,2026,0,.439,.889,8,83,.640,2.37,9.34,888,140,Texas Rangers,138,2,3.94,1.44,2,.300,3
30,135,451,.259,1,42,503,0,0,3,.200,0,26,68,5.29,0,22,22,22,10,112,0.83,pitching,8,8,117,9.10,0,15,1.17,0,0,115.2,0,8,1887,.332,.758,347,1,16.31,656605,Mitch Keller,73,5.68,0,2,0,0,2026,0,.426,.800,12,89,.640,2.12,6.93,1200,134,Pittsburgh Pirates,192,2,3.27,1.37,4,.429,6
28,66,193,.244,0,30,231,0,0,0,.000,0,8,31,5.30,1,12,12,9,10,48,0.73,pitching,4,4,47,8.03,0,9,1.54,0,0,52.2,1,5,907,.351,.786,158,0,17.22,682227,Brandon Williamson,34,5.81,0,4,0,0,2026,0,.435,1.000,2,36,.590,1.20,6.15,536,113,Cincinnati Reds,84,1,5.13,1.46,2,.500,5
25,27,76,.276,0,6,85,0,0,1,1.000,0,7,11,5.30,1,5,5,4,1,20,0.74,pitching,1,1,21,10.13,0,2,0.96,0,0,18.2,1,1,295,.329,.803,56,0,15.80,689441,Coleman Crow,13,6.27,0,2,0,0,2026,0,.474,.000,0,10,.690,1.67,4.82,203,158,Milwaukee Brewers,36,1,2.89,1.45,0,.000,0
32,22,71,.211,0,4,78,1,0,0,.---,0,3,11,5.30,6,18,18,0,0,13,0.59,pitching,3,3,15,7.23,4,6,2.89,7,4,18.2,0,1,293,.282,.789,56,0,15.70,621053,Tyler Ferguson,11,5.30,0,0,1,0,2026,0,.507,.---,0,21,.670,5.25,10.13,195,112,Chicago Cubs,36,0,1.93,1.02,0,.000,0
27,42,142,.232,0,20,165,0,0,2,.250,0,9,23,5.31,0,8,8,8,2,23,0.55,pitching,1,1,33,7.62,0,9,2.08,0,0,39.0,0,2,691,.327,.827,117,1,17.72,675911,Spencer Strider,24,5.54,0,2,0,0,2026,0,.500,.750,6,46,.620,2.30,10.62,427,144,Atlanta Braves,71,1,4.62,1.36,2,.667,4
30,40,152,.276,0,13,172,3,0,0,.000,0,9,23,5.35,10,44,44,0,4,31,0.78,pitching,5,5,42,9.78,7,6,1.40,22,11,38.2,0,1,678,.349,.803,116,0,17.53,656234,Jake Bird,23,5.35,0,2,3,0,2026,0,.454,1.000,2,41,.630,3.15,9.54,428,120,Washington Nationals,69,0,3.03,1.42,1,.500,1
30,54,156,.282,0,18,176,2,0,1,1.000,0,15,23,5.35,7,38,38,0,0,23,0.43,pitching,1,1,44,10.24,8,3,0.70,16,8,38.2,0,0,728,.358,.794,116,1,18.83,676755,Isaac Mattson,23,5.35,0,1,2,0,2026,0,.436,.000,0,36,.650,2.00,8.38,472,134,Pittsburgh Pirates,68,0,4.19,1.60,1,.---,0
28,44,188,.261,1,21,221,0,0,2,.286,0,8,30,5.36,11,47,47,1,4,57,1.30,pitching,6,6,49,8.76,4,4,0.72,28,8,50.1,1,2,877,.347,.714,151,0,17.42,806188,Cade Gibson,35,6.26,2,4,0,0,2026,0,.367,.714,5,44,.650,2.10,7.87,571,146,Miami Marlins,69,0,3.75,1.39,0,.750,6
36,199,606,.276,0,36,656,0,0,3,.214,0,39,92,5.37,0,29,29,29,9,155,0.78,pitching,3,3,167,9.74,0,33,1.92,0,0,154.1,0,12,2522,.315,.838,463,1,16.34,608372,Tomoyuki Sugano,95,5.54,2,9,0,0,2026,0,.523,.786,11,96,.620,2.67,5.60,1560,115,Colorado Rockies,317,6,2.10,1.32,2,.500,12
28,19,78,.269,0,14,95,0,0,0,.000,0,6,12,5.40,4,8,8,3,1,18,0.95,pitching,1,1,21,9.45,0,3,1.35,4,3,20.0,0,1,391,.383,.845,60,0,19.55,675989,Cody Bolton,12,5.40,1,1,1,1,2026,0,.462,1.000,2,22,.600,1.57,9.90,234,117,Houston Astros,36,0,6.30,1.75,0,.000,0
25,30,88,.193,0,19,113,0,0,2,.333,0,4,15,5.40,10,24,24,0,2,18,0.60,pitching,6,6,17,6.12,0,2,0.72,8,0,25.0,1,1,480,.372,.679,75,0,19.20,686560,Gavin Collyer,16,5.76,0,0,0,0,2026,0,.307,.667,4,23,.580,1.21,8.28,280,140,Texas Rangers,27,0,6.84,1.44,1,.500,1
26,5,9,.444,0,0,10,0,0,0,.---,0,0,1,5.40,1,1,1,0,0,0,0.00,pitching,1,1,4,21.60,0,0,0.00,3,1,1.2,0,0,17,.500,.944,5,0,10.20,680728,Adrian Del Castillo,1,5.40,0,0,0,0,2026,0,.444,.---,0,0,.820,-.--,0.00,14,109,Arizona Diamondbacks,4,0,0.00,2.40,0,.---,0
29,137,484,.275,0,53,548,0,0,4,.174,0,34,74,5.40,2,26,26,22,8,131,0.96,pitching,2,2,133,9.71,0,20,1.46,0,0,123.1,0,10,2049,.344,.830,370,1,16.61,663372,Ryan Feltner,82,5.98,1,8,0,0,2026,0,.486,.826,19,92,.640,1.74,6.71,1304,115,Colorado Rockies,235,4,3.87,1.51,3,.412,7
28,5,20,.250,0,2,23,0,0,0,.000,0,1,3,5.40,1,3,3,0,0,4,0.80,pitching,1,1,5,9.00,0,1,1.80,0,0,5.0,0,0,87,.348,.798,15,0,17.40,689690,Alek Jacob,3,5.40,0,0,0,0,2026,0,.450,1.000,3,6,.660,3.00,10.80,57,135,San Diego Padres,9,0,3.60,1.40,0,1.000,1
33,2,6,.167,0,1,8,0,0,0,.---,0,0,1,5.40,2,2,2,0,0,3,1.50,pitching,1,1,1,5.40,0,0,0.00,2,1,1.2,0,0,21,.375,.542,5,0,12.60,664238,Dylan Moore,1,5.40,0,0,0,0,2026,0,.167,.---,0,0,.520,0.00,0.00,11,143,Philadelphia Phillies,1,0,5.40,1.20,0,.---,0
23,140,492,.268,0,47,552,0,0,3,.333,0,18,76,5.40,0,25,25,23,11,113,0.81,pitching,5,5,132,9.38,0,21,1.49,0,0,126.2,0,10,2126,.336,.773,380,0,16.78,691725,Andrew Painter,76,5.40,4,4,0,0,2026,0,.437,.667,6,115,.650,2.45,8.17,1375,143,Philadelphia Phillies,215,1,3.34,1.41,5,.231,3
25,43,110,.209,0,31,145,0,0,1,.125,0,5,18,5.40,6,27,27,0,1,16,0.37,pitching,3,3,23,6.90,5,3,0.90,17,7,30.0,0,0,590,.393,.748,90,0,19.67,683175,Connor Phillips,19,5.70,0,1,1,1,2026,0,.355,.875,7,29,.570,0.94,8.70,336,113,Cincinnati Reds,39,1,9.30,1.80,1,1.000,2
22,25,102,.255,0,16,125,0,1,1,.500,0,4,16,5.40,0,6,6,6,2,31,1.24,pitching,5,5,26,8.78,0,2,0.67,0,0,26.2,0,3,497,.379,.732,80,0,18.64,695684,Elmer Rodríguez,16,5.40,0,1,0,0,2026,0,.353,.500,1,21,.580,1.31,7.09,289,147,New York Yankees,36,0,5.40,1.58,2,.000,0
22,4,18,.278,0,4,22,0,0,0,.---,0,1,3,5.40,0,1,1,1,2,7,1.75,pitching,0,0,5,9.00,0,1,1.80,0,0,5.0,0,1,86,.409,.909,15,0,17.20,702281,Robby Snelling,3,5.40,0,0,0,0,2026,0,.500,.---,0,2,.630,0.50,3.60,54,146,Miami Marlins,9,0,7.20,1.80,0,.000,0
29,1,15,.400,0,0,15,0,0,0,.---,0,1,2,5.40,2,3,3,0,1,5,5.00,pitching,0,0,6,16.20,0,0,0.00,2,0,3.1,0,0,56,.400,.867,10,0,16.80,676702,Hunter Stratton,2,5.40,0,0,0,0,2026,0,.467,.---,0,3,.730,-.--,8.10,41,134,Pittsburgh Pirates,7,0,0.00,1.80,0,.---,0
27,18,50,.300,0,2,55,0,0,0,.---,0,4,7,5.40,2,5,5,1,0,15,0.83,pitching,2,2,15,11.57,0,2,1.54,0,0,11.2,0,2,225,.345,.845,35,0,19.29,669310,CJ Van Eyk,8,6.17,0,1,0,0,2026,0,.500,.---,0,3,.640,1.50,2.31,143,141,Toronto Blue Jays,25,0,1.54,1.46,0,.000,0
31,8,20,.300,0,1,21,0,0,0,.---,0,3,3,5.40,0,1,1,0,1,4,0.50,pitching,0,0,6,10.80,0,0,0.00,0,0,5.0,0,0,72,.333,.783,15,0,14.40,669145,Bruce Zimmermann,3,5.40,0,0,0,0,2026,0,.450,.---,0,2,.640,2.00,3.60,46,138,St. Louis Cardinals,9,0,1.80,1.40,0,.---,0
37,67,184,.283,1,20,212,0,0,0,.000,0,11,29,5.44,0,11,11,11,4,47,0.70,pitching,1,1,52,9.75,0,10,1.88,0,0,48.0,1,3,816,.348,.875,144,1,17.00,500779,Jose Quintana,32,6.00,2,5,0,0,2026,0,.527,1.000,5,25,.600,1.25,4.69,488,115,Colorado Rockies,97,2,3.75,1.50,1,.400,2
23,99,382,.272,0,46,437,0,0,3,.200,0,22,60,5.47,0,20,20,20,10,76,0.77,pitching,4,4,104,9.49,0,12,1.09,0,0,98.2,2,11,1756,.352,.781,296,1,17.80,695611,Gage Jump,62,5.66,0,5,0,0,2026,0,.429,.800,12,108,.650,2.35,9.85,1133,133,Athletics,164,1,4.20,1.52,7,.353,6
28,168,481,.262,0,58,551,0,0,3,.150,0,23,75,5.47,0,27,27,24,4,83,0.49,pitching,4,4,126,9.19,1,23,1.68,1,0,123.1,0,5,2243,.343,.796,370,1,18.19,682052,Jacob Lopez,78,5.69,3,5,0,0,2026,0,.453,.850,17,112,.620,1.93,8.17,1389,133,Athletics,218,0,4.23,1.49,1,.583,7
27,35,84,.262,0,9,94,0,0,1,.250,0,4,13,5.48,6,9,9,1,0,12,0.34,pitching,1,1,22,9.28,0,7,2.95,11,4,21.1,0,1,348,.340,.900,64,0,16.31,675540,Xzavion Curry,13,5.48,0,0,0,0,2026,0,.560,.750,3,15,.610,1.67,6.33,214,121,New York Mets,47,0,3.80,1.45,1,.000,0
29,115,409,.247,0,48,470,0,0,2,.133,0,18,65,5.48,0,22,22,20,7,87,0.76,pitching,9,9,101,8.52,0,20,1.69,0,0,106.2,0,10,1939,.336,.774,320,5,18.18,663623,Jake Irvin,70,5.91,0,4,0,0,2026,0,.438,.867,13,110,.630,2.29,9.28,1226,120,Washington Nationals,179,0,4.05,1.40,4,.167,2
35,98,311,.238,0,25,342,1,0,0,.000,0,15,49,5.49,7,36,36,11,4,82,0.84,pitching,2,2,74,8.29,1,15,1.68,8,3,80.1,0,6,1345,.296,.740,241,0,16.74,571927,Steven Matz,50,5.60,1,3,2,1,2026,0,.444,1.000,8,61,.650,2.44,6.83,877,139,Tampa Bay Rays,138,2,2.80,1.23,3,.500,6
28,22,68,.279,0,8,77,0,0,0,.000,0,7,10,5.51,7,11,11,0,1,16,0.73,pitching,0,0,19,10.47,0,3,1.65,3,3,16.1,0,0,294,.351,.895,49,1,18.00,687849,Zak Kent,13,7.16,0,1,0,0,2026,0,.544,1.000,3,12,.640,1.50,6.61,189,120,Washington Nationals,37,1,4.41,1.65,1,.---,0
36,82,325,.302,0,25,360,0,0,4,.267,0,21,49,5.51,1,19,19,15,5,86,1.05,pitching,6,6,98,11.03,0,12,1.35,0,0,80.0,0,4,1412,.359,.836,240,2,17.65,571578,Patrick Corbin,50,5.63,1,3,1,1,2026,0,.477,.733,11,63,.620,2.52,7.09,872,141,Toronto Blue Jays,155,0,2.81,1.54,1,.429,3
28,44,169,.254,0,14,189,1,0,0,.000,0,12,27,5.52,6,40,40,4,2,38,0.86,pitching,1,1,43,8.80,2,6,1.23,19,3,44.0,0,3,784,.315,.747,132,1,17.82,685126,Brandon Eisert,28,5.73,5,0,1,0,2026,0,.432,1.000,4,49,.610,3.50,10.02,475,134,Pittsburgh Pirates,73,0,2.86,1.30,0,.500,3
24,58,261,.272,1,42,309,0,0,5,.556,0,17,43,5.53,0,21,21,12,7,75,1.29,pitching,2,2,71,9.13,0,7,0.90,3,3,70.0,0,4,1293,.375,.800,210,2,18.47,679883,Luinder Avila,43,5.53,2,2,0,0,2026,0,.425,.444,4,61,.590,1.45,7.84,768,118,Kansas City Royals,111,1,5.40,1.61,1,.556,5
27,71,209,.268,0,16,230,3,0,0,.000,0,16,33,5.53,9,32,32,3,2,46,0.65,pitching,0,0,56,9.39,3,9,1.51,13,4,53.2,1,2,836,.316,.799,161,1,15.58,668964,Tobias Myers,36,6.04,2,3,5,2,2026,0,.483,1.000,6,41,.670,2.56,6.88,556,121,New York Mets,101,1,2.68,1.34,1,.333,1
27,17,45,.178,1,10,57,1,0,0,.000,0,0,8,5.54,4,8,8,0,1,12,0.71,pitching,1,1,8,5.54,0,2,1.38,3,0,13.0,1,1,228,.333,.644,39,0,17.54,681751,Lazaro Estrada,9,6.23,0,1,2,1,2026,0,.311,1.000,1,9,.610,0.90,6.23,138,141,Toronto Blue Jays,14,0,6.92,1.38,1,.500,1
25,10,44,.250,0,4,48,0,0,0,.000,0,1,7,5.56,4,4,4,0,1,11,1.10,pitching,0,0,11,8.74,0,4,3.18,0,0,11.1,0,0,200,.313,.858,34,0,17.65,687134,Bradley Blalock,7,5.56,0,0,0,0,2026,0,.545,1.000,1,12,.690,3.00,9.53,137,146,Miami Marlins,24,0,3.18,1.32,1,.---,0
30,75,221,.253,1,25,250,2,0,0,.000,0,14,35,5.56,25,57,57,0,3,42,0.56,pitching,3,3,56,8.89,5,10,1.59,13,2,56.2,2,5,929,.337,.789,170,0,16.39,642701,Dennis Santana,38,6.04,1,0,5,3,2026,0,.452,1.000,5,49,.650,1.96,7.78,602,109,Arizona Diamondbacks,100,0,3.97,1.43,1,.286,2
32,35,166,.235,0,17,186,1,0,0,.000,0,5,27,5.56,13,37,37,0,4,43,1.23,pitching,2,2,39,8.04,1,6,1.24,6,0,43.2,0,4,757,.314,.687,131,0,17.34,621074,Michael Rucker,31,6.39,1,0,1,0,2026,0,.373,1.000,4,50,.640,2.94,10.31,487,136,Seattle Mariners,62,0,3.50,1.28,2,.200,1
25,89,358,.246,0,52,422,0,0,7,.368,0,17,60,5.57,0,22,22,19,8,82,0.92,pitching,10,10,88,8.16,0,17,1.58,0,0,97.0,0,7,1754,.357,.793,291,6,18.08,687075,Brandon Sproat,61,5.66,2,0,0,0,2026,0,.436,.632,12,101,.610,1.94,9.37,1078,158,Milwaukee Brewers,156,0,4.82,1.44,10,.300,3
22,85,279,.244,1,31,324,0,0,5,.455,0,12,46,5.57,1,19,19,14,5,64,0.75,pitching,9,9,68,8.23,1,11,1.33,4,1,74.1,0,9,1262,.338,.757,223,0,16.98,702273,Noah Schultz,47,5.69,4,1,0,0,2026,0,.419,.545,6,67,.630,2.16,8.11,800,145,Chicago White Sox,117,2,3.75,1.33,2,.308,4
25,33,153,.235,0,13,167,0,0,0,.000,0,4,25,5.58,0,8,8,6,4,44,1.33,pitching,1,1,36,8.03,0,7,1.56,3,0,40.1,0,2,638,.299,.724,121,0,15.82,689818,David Sandlin,28,6.25,0,0,0,0,2026,0,.425,1.000,3,40,.630,3.08,8.93,405,145,Chicago White Sox,65,2,2.90,1.21,3,.600,3
31,43,187,.294,0,32,228,6,0,2,.667,0,12,30,5.59,29,52,52,0,7,58,1.35,pitching,6,6,55,10.24,5,5,0.93,8,4,48.1,2,4,901,.410,.849,145,2,18.64,668674,Lucas Erceg,35,6.52,1,2,19,13,2026,0,.439,.333,1,34,.610,1.06,6.33,549,118,Kansas City Royals,82,0,5.96,1.80,4,.500,4
37,50,115,.278,0,16,135,3,0,0,.000,0,4,18,5.59,8,31,31,0,1,18,0.36,pitching,2,2,32,9.93,8,7,2.17,13,8,29.0,4,3,478,.373,.869,87,0,16.48,519141,Drew Pomeranz,19,5.90,1,1,3,0,2026,0,.496,1.000,6,17,.630,1.06,5.28,303,112,Chicago Cubs,57,0,4.97,1.66,0,.400,2
33,27,105,.267,0,17,126,1,0,1,.250,0,5,17,5.60,5,34,34,0,2,31,1.15,pitching,1,1,28,9.22,5,6,1.98,27,11,27.1,0,1,526,.368,.873,82,0,19.24,657424,Matt Gage,18,5.93,1,2,2,1,2026,0,.505,.750,3,22,.600,1.29,7.24,315,137,San Francisco Giants,53,1,5.60,1.65,0,.800,4
26,27,73,.301,1,7,83,1,0,0,.---,0,9,11,5.60,6,18,18,0,0,10,0.37,pitching,0,0,22,11.21,3,1,0.51,11,3,17.2,1,1,300,.354,.820,53,0,16.98,680723,Drew Rom,11,5.60,1,2,1,0,2026,0,.466,.---,0,17,.620,2.43,8.66,186,133,Athletics,34,0,3.57,1.64,3,.500,1
33,44,131,.221,0,19,153,5,0,0,.000,0,4,21,5.61,33,38,38,0,0,21,0.48,pitching,1,1,29,7.75,1,4,1.07,8,3,33.2,1,4,643,.320,.694,101,0,19.10,605447,Jordan Romano,22,5.88,0,2,20,15,2026,0,.374,1.000,11,39,.640,2.05,10.43,412,115,Colorado Rockies,49,2,5.08,1.43,3,.000,0
26,54,195,.277,0,16,215,2,0,0,.000,0,8,30,5.63,9,51,51,1,3,41,0.76,pitching,1,1,54,10.13,9,7,1.31,32,11,48.0,1,3,787,.333,.789,144,0,16.40,668390,Cole Winn,32,6.00,2,1,3,1,2026,0,.456,1.000,1,49,.670,3.06,9.19,525,140,Texas Rangers,89,3,3.00,1.46,4,.625,5
34,108,336,.253,0,32,370,0,0,2,.182,0,11,54,5.65,0,18,18,18,4,67,0.62,pitching,2,2,85,8.90,0,27,2.83,0,0,86.0,1,6,1443,.322,.849,258,0,16.78,592791,Jameson Taillon,55,5.76,0,0,0,0,2026,0,.527,.818,9,76,.620,2.38,7.95,900,141,Toronto Blue Jays,177,0,3.35,1.36,2,.250,2
28,43,159,.264,0,21,189,4,0,0,.000,0,13,26,5.66,5,36,36,0,2,45,1.05,pitching,2,2,42,9.15,7,1,0.22,18,7,41.1,2,2,677,.348,.725,124,0,16.38,679358,Eric Orze,27,5.88,2,5,5,1,2026,0,.377,1.000,8,36,.640,1.71,7.84,432,142,Minnesota Twins,60,1,4.57,1.52,0,.500,2
31,40,160,.288,0,11,175,2,0,0,.000,0,6,25,5.67,8,44,44,0,6,34,0.85,pitching,2,2,46,10.44,10,10,2.27,20,12,39.2,0,1,694,.337,.862,119,0,17.50,676604,Tyler Zuber,27,6.13,0,2,3,1,2026,0,.525,1.000,6,42,.660,3.82,9.53,456,146,Miami Marlins,84,1,2.50,1.44,2,.667,2
31,37,102,.284,0,9,114,1,0,0,.---,0,3,16,5.68,3,24,24,2,2,22,0.59,pitching,0,0,29,10.30,0,3,1.07,9,4,25.1,0,1,443,.336,.777,76,0,17.49,669211,Keegan Akin,18,6.39,1,2,1,0,2026,0,.441,.---,0,17,.660,1.89,6.04,292,110,Baltimore Orioles,45,2,3.20,1.50,0,.000,0
30,79,341,.276,0,41,391,1,1,2,.667,0,13,56,5.68,10,30,30,11,10,84,1.06,pitching,5,5,94,9.54,1,14,1.42,4,0,88.2,0,9,1544,.360,.803,266,3,17.41,656288,Griffin Canning,57,5.79,1,2,1,0,2026,0,.443,.333,1,87,.600,2.12,8.83,931,135,San Diego Padres,151,1,4.16,1.52,2,.357,5
29,28,96,.219,0,13,109,0,0,0,.000,0,4,16,5.68,10,16,16,0,0,25,0.89,pitching,0,0,21,7.46,0,4,1.42,5,2,25.1,2,0,413,.312,.697,76,0,16.30,642546,Jonathan Hernández,16,5.68,0,0,0,0,2026,0,.385,1.000,2,22,.620,1.69,7.82,257,119,Los Angeles Dodgers,37,0,4.62,1.34,1,.---,0
31,10,24,.208,0,9,36,0,0,0,.000,0,0,4,5.68,4,6,6,0,0,5,0.50,pitching,2,2,5,7.11,0,0,0.00,1,1,6.1,1,0,149,.457,.665,19,0,23.53,670090,Wyatt Mills,5,7.11,1,0,0,0,2026,0,.208,1.000,1,5,.560,0.56,7.11,83,119,Los Angeles Dodgers,5,0,12.79,2.21,1,.---,0
32,69,201,.279,0,26,237,2,0,2,.222,0,11,34,5.70,15,51,51,3,4,36,0.52,pitching,3,3,56,9.39,10,10,1.68,24,11,53.2,2,6,946,.362,.855,161,1,17.63,623474,Jimmy Herget,37,6.20,2,5,5,3,2026,0,.493,.778,7,47,.640,1.81,7.88,601,115,Colorado Rockies,99,1,4.36,1.53,3,.000,0
28,13,65,.231,0,9,77,1,0,0,.000,0,2,11,5.71,4,16,16,1,0,20,1.54,pitching,1,1,15,7.79,3,5,2.60,3,2,17.1,1,3,311,.329,.852,52,0,17.94,667652,Jack Ralston,11,5.71,1,1,1,0,2026,0,.523,1.000,1,19,.620,2.11,9.87,194,146,Miami Marlins,34,1,4.67,1.38,2,.000,0
24,35,114,.281,1,11,129,1,0,1,.167,0,5,18,5.72,0,8,8,5,1,28,0.80,pitching,3,3,32,10.16,0,6,1.91,0,0,28.1,0,4,463,.359,.841,85,0,16.34,703615,Jose Cabrera,18,5.72,1,0,1,0,2026,0,.482,.833,5,20,.600,1.82,6.35,279,109,Arizona Diamondbacks,55,0,3.49,1.52,0,.000,0
28,12,42,.238,0,6,51,1,0,0,.---,0,4,7,5.73,5,7,7,0,1,7,0.58,pitching,2,2,10,8.18,0,1,0.82,5,1,11.0,1,1,203,.353,.758,33,0,18.45,670183,Garrett Acton,10,8.18,0,1,1,0,2026,0,.405,.---,0,14,.640,2.33,11.45,129,142,Minnesota Twins,17,0,4.91,1.45,0,.500,1
24,153,537,.274,1,56,603,0,2,0,.000,0,33,85,5.74,3,29,29,26,11,136,0.89,pitching,6,6,147,9.92,0,18,1.21,0,0,133.1,1,12,2296,.348,.795,400,0,17.22,695076,Rhett Lowder,88,5.94,1,1,0,0,2026,0,.447,1.000,9,103,.620,1.84,6.95,1426,113,Cincinnati Reds,240,3,3.78,1.52,2,.368,7
41,122,325,.240,1,35,364,0,0,2,.222,0,12,54,5.74,0,18,18,18,3,59,0.48,pitching,2,2,78,8.29,0,15,1.59,0,0,84.2,0,9,1461,.317,.732,254,0,17.26,453286,Max Scherzer,54,5.74,1,1,0,0,2026,0,.415,.778,7,68,.640,1.94,7.23,942,141,Toronto Blue Jays,135,0,3.72,1.33,3,.308,4
31,22,52,.250,1,6,61,0,0,0,.000,0,4,9,5.79,3,8,8,0,2,10,0.45,pitching,2,2,13,8.36,0,1,0.64,7,5,14.0,0,1,251,.344,.729,42,0,17.93,657265,Peter Strzelecki,9,5.79,0,1,0,0,2026,0,.385,1.000,2,8,.590,1.33,5.14,147,138,St. Louis Cardinals,20,0,3.86,1.36,0,.500,1
27,24,88,.284,0,7,99,0,0,0,.000,0,7,14,5.82,3,20,20,0,0,19,0.79,pitching,2,2,25,10.38,0,3,1.25,8,5,21.2,0,1,390,.347,.813,65,0,18.00,693308,Nick Frasso,15,6.23,1,1,0,0,2026,0,.466,1.000,3,22,.650,3.14,9.14,253,115,Colorado Rockies,41,0,2.91,1.48,6,.500,1
37,137,467,.293,0,23,498,0,0,2,.182,0,28,75,5.82,2,25,25,11,9,141,1.03,pitching,2,2,137,10.63,0,27,2.09,6,2,116.0,0,9,1827,.325,.852,348,1,15.75,571945,Miles Mikolas,80,6.21,0,6,0,0,2026,0,.527,.818,9,58,.660,2.52,4.50,1197,120,Washington Nationals,246,0,1.78,1.38,1,.250,3
29,176,638,.295,0,62,725,0,0,6,.333,0,27,102,5.85,0,31,31,31,9,158,0.90,pitching,15,15,188,10.78,0,32,1.83,0,0,157.0,0,15,2801,.368,.865,471,3,17.84,663903,Brady Singer,107,6.13,4,6,0,0,2026,0,.497,.667,12,126,.620,2.03,7.22,1723,113,Cincinnati Reds,317,3,3.55,1.59,2,.286,6
33,163,531,.284,0,44,592,1,1,4,.267,0,30,85,5.85,4,29,29,23,4,114,0.70,pitching,7,7,151,10.40,1,25,1.72,1,1,130.2,2,11,2367,.344,.837,392,2,18.11,622491,Luis Castillo,95,6.54,4,5,1,0,2026,0,.493,.733,11,112,.650,2.55,7.71,1539,145,Chicago White Sox,262,3,3.03,1.49,2,.267,4
31,61,233,.279,0,31,273,3,0,2,.125,0,9,38,5.86,6,68,68,0,3,38,0.62,pitching,8,8,65,10.03,16,5,0.77,8,3,58.1,4,4,1129,.382,.790,175,1,19.35,621237,José Alvarado,40,6.17,1,0,4,1,2026,0,.408,.875,14,70,.600,2.26,10.80,680,143,Philadelphia Phillies,95,3,4.78,1.65,5,.556,5
24,14,61,.295,0,11,75,0,0,0,.000,0,4,10,5.87,2,8,8,1,1,11,0.79,pitching,2,2,18,10.57,0,2,1.17,7,3,15.1,0,1,302,.419,.878,46,0,19.70,802408,Brycen Mautz,10,5.87,1,0,0,0,2026,0,.459,1.000,2,19,.580,1.73,11.15,175,138,St. Louis Cardinals,28,0,6.46,1.89,3,.000,0
27,13,31,.258,0,4,36,0,0,0,.---,0,1,5,5.87,2,5,5,0,0,5,0.38,pitching,0,0,8,9.39,0,2,2.35,2,0,7.2,0,0,155,.343,.891,23,0,20.22,694646,Chayce McDermott,5,5.87,1,0,0,0,2026,0,.548,.---,0,6,.590,1.50,7.04,91,121,New York Mets,17,1,4.70,1.57,2,1.000,1
28,63,242,.298,3,27,277,2,0,2,.400,0,19,40,5.87,15,45,45,2,5,51,0.81,pitching,3,3,72,10.57,3,6,0.88,31,17,61.1,1,4,1069,.371,.821,184,1,17.43,660761,José Suarez,43,6.31,2,3,3,1,2026,0,.450,.600,3,61,.620,2.26,8.95,667,133,Athletics,109,0,3.96,1.61,3,.200,1
27,32,136,.272,0,20,158,1,0,0,.000,0,11,22,5.88,7,28,28,1,3,27,0.84,pitching,2,2,37,9.89,0,5,1.34,13,6,33.2,0,0,605,.373,.836,101,0,17.97,686751,Seth Johnson,24,6.42,0,0,1,0,2026,0,.463,1.000,5,40,.630,2.00,10.69,383,133,Athletics,63,0,5.35,1.69,1,1.000,1
28,32,107,.290,1,13,123,0,0,0,.000,0,8,17,5.88,1,7,7,3,1,16,0.50,pitching,2,2,31,10.73,1,4,1.38,1,0,26.0,0,3,491,.374,.869,78,0,18.88,660604,Alan Rangel,17,5.88,0,1,0,0,2026,0,.495,1.000,3,29,.660,2.23,10.04,322,143,Philadelphia Phillies,53,1,4.50,1.69,0,.000,0
26,33,122,.270,0,17,141,2,0,0,.000,0,6,19,5.90,10,32,32,0,0,33,1.00,pitching,2,2,33,10.24,2,6,1.86,10,3,29.0,2,2,522,.369,.853,87,0,18.00,678020,Seth Halvorsen,19,5.90,0,0,2,0,2026,0,.484,1.000,4,23,.600,1.35,7.14,315,119,Los Angeles Dodgers,59,1,5.28,1.72,3,.333,1
25,112,358,.285,0,35,407,0,0,3,.300,0,28,60,5.93,15,41,41,3,9,95,0.85,pitching,5,5,102,10.09,1,10,0.99,12,4,91.0,2,2,1502,.350,.814,273,0,16.51,688642,Zach Agnos,64,6.33,1,8,2,2,2026,0,.464,.700,7,58,.640,1.66,5.74,956,115,Colorado Rockies,166,3,3.46,1.51,2,.000,0
36,41,128,.297,0,15,147,0,0,2,.333,0,7,20,5.93,0,8,8,7,0,20,0.49,pitching,4,4,38,11.27,1,2,0.59,0,0,30.1,0,3,560,.388,.786,91,0,18.46,476594,Robert Stock,21,6.23,0,0,0,0,2026,0,.398,.667,4,29,.640,1.93,8.60,359,121,New York Mets,51,0,4.45,1.75,1,.250,1
27,16,72,.319,0,6,81,0,0,0,.---,0,4,11,5.94,3,7,7,2,1,18,1.13,pitching,2,2,23,12.42,0,3,1.62,1,0,16.2,0,0,325,.383,.883,50,0,19.50,671106,Logan Allen,14,7.56,0,1,0,0,2026,0,.500,.---,0,16,.640,2.67,8.64,209,114,Cleveland Guardians,36,0,3.24,1.74,0,.---,0
39,19,66,.318,0,3,73,2,0,0,.000,0,2,11,5.94,6,8,8,0,2,21,1.11,pitching,2,2,21,11.34,0,3,1.62,4,0,16.2,0,0,246,.366,.851,50,0,14.76,471911,Carlos Carrasco,11,5.94,2,0,2,0,2026,0,.485,1.000,2,7,.680,2.33,3.78,168,144,Atlanta Braves,32,0,1.62,1.44,0,.---,0
23,35,145,.276,0,25,170,0,0,0,.000,0,10,24,5.94,0,8,8,7,6,40,1.14,pitching,0,0,40,9.91,0,2,0.50,1,0,36.1,0,4,677,.382,.782,109,0,18.63,800600,Jackson Kent,25,6.19,0,0,0,0,2026,0,.400,1.000,3,30,.610,1.20,7.43,410,120,Washington Nationals,58,1,6.19,1.79,3,.333,2
26,49,166,.313,0,9,179,0,0,2,.333,0,11,26,5.95,6,15,15,4,1,30,0.61,pitching,1,1,52,11.90,0,13,2.97,6,3,39.1,3,4,682,.348,.962,118,0,17.34,669438,Mason Englert,27,6.18,1,2,1,1,2026,0,.614,.667,4,38,.680,4.22,8.69,464,139,Tampa Bay Rays,102,0,2.06,1.55,3,.000,0
28,72,307,.270,0,36,350,0,1,3,.200,0,12,53,5.96,2,18,18,15,7,85,1.18,pitching,2,2,83,9.34,0,16,1.80,2,1,80.0,0,5,1353,.348,.814,240,4,16.91,665795,Edward Cabrera,58,6.53,1,3,0,0,2026,0,.466,.800,12,71,.610,1.97,7.99,826,112,Chicago Cubs,143,0,4.05,1.49,2,.500,5
26,112,384,.292,0,35,423,0,0,2,.250,0,18,63,5.99,1,18,18,17,11,85,0.76,pitching,4,4,112,10.65,0,21,2.00,0,0,94.2,0,9,1567,.357,.865,284,0,16.55,681347,Mike Burrows,69,6.56,0,0,0,0,2026,0,.508,.750,6,75,.650,2.14,7.13,1015,117,Houston Astros,195,1,3.33,1.55,1,.308,4
25,4,13,.308,0,1,14,0,0,0,.---,0,0,2,6.00,0,1,1,0,0,3,0.75,pitching,0,0,4,12.00,0,0,0.00,0,0,3.0,0,0,54,.357,.665,9,0,18.00,687924,Julian Aguiar,2,6.00,0,0,0,0,2026,0,.308,.---,0,2,.590,2.00,6.00,32,113,Cincinnati Reds,4,0,3.00,1.67,0,1.000,1
29,2,13,.385,0,1,14,0,0,0,.000,0,1,2,6.00,1,2,2,0,1,2,1.00,pitching,0,0,5,15.00,0,1,3.00,2,2,3.0,0,0,51,.429,1.121,9,0,17.00,672578,Carlos Hernández,2,6.00,0,0,0,0,2026,0,.692,1.000,1,4,.610,4.00,12.00,31,114,Cleveland Guardians,9,0,3.00,2.00,0,.---,0
31,7,13,.308,0,0,13,0,0,0,.---,0,0,2,6.00,3,3,3,0,0,2,0.29,pitching,0,0,4,12.00,0,2,6.00,0,0,3.0,0,0,29,.308,1.077,9,0,9.67,608348,Carson Kelly,2,6.00,0,0,0,0,2026,0,.769,.---,0,0,.690,-.--,0.00,20,112,Chicago Cubs,10,0,0.00,1.33,0,.---,0
22,19,52,.327,0,3,56,0,0,1,1.000,0,3,8,6.00,2,5,5,1,1,7,0.37,pitching,1,1,17,12.75,0,4,3.00,0,0,12.0,0,1,212,.375,.990,36,0,17.67,702566,Owen Murphy,10,7.50,0,0,0,0,2026,0,.615,.000,0,9,.700,3.00,6.75,148,144,Atlanta Braves,32,0,2.25,1.67,0,.000,0
32,4,12,.250,0,2,14,0,0,1,.500,0,0,2,6.00,0,1,1,1,0,3,0.75,pitching,0,0,3,9.00,0,1,3.00,0,0,3.0,0,1,56,.357,.857,9,0,18.67,623381,Thomas Pannone,3,9.00,0,0,0,0,2026,0,.500,.500,1,2,.640,1.00,6.00,36,158,Milwaukee Brewers,6,0,6.00,1.67,0,.000,0
28,2,16,.375,0,1,17,0,0,0,.---,0,2,2,6.00,0,1,1,0,0,4,2.00,pitching,0,0,6,18.00,1,1,3.00,0,0,3.0,0,0,58,.412,1.100,9,0,19.33,686678,Chase Solesky,2,6.00,0,0,0,0,2026,0,.688,.---,0,4,.670,4.00,12.00,39,139,Tampa Bay Rays,11,0,3.00,2.33,0,.---,0
31,38,121,.298,1,18,141,2,0,2,.400,0,4,20,6.00,3,35,35,1,1,17,0.45,pitching,0,0,36,10.80,12,5,1.50,18,4,30.0,0,3,533,.386,.841,90,0,17.77,656986,Bennett Sousa,22,6.60,1,1,2,0,2026,0,.455,.600,3,32,.670,1.78,9.60,356,117,Houston Astros,55,0,5.40,1.80,1,.250,1
26,106,387,.287,0,43,444,0,0,1,.250,0,22,66,6.02,0,20,20,20,14,92,0.87,pitching,7,7,111,10.13,0,16,1.46,0,0,98.2,2,8,1771,.363,.846,296,0,17.95,680570,Grayson Rodriguez,71,6.48,0,7,0,0,2026,0,.483,.750,3,85,.650,1.98,7.75,1144,108,Los Angeles Angels,187,3,3.92,1.56,3,.385,5
30,124,429,.298,0,35,472,0,0,0,.000,0,19,71,6.07,2,22,22,20,12,117,0.94,pitching,4,4,128,10.94,0,19,1.62,0,0,105.1,1,9,1787,.355,.854,316,0,16.97,668678,Zac Gallen,78,6.66,1,3,0,0,2026,0,.499,1.000,8,64,.630,1.83,5.47,1132,109,Arizona Diamondbacks,214,5,2.99,1.55,1,.250,3
28,55,186,.328,0,10,200,1,0,1,.250,0,19,29,6.07,1,26,26,7,1,42,0.76,pitching,1,1,61,12.77,3,4,0.84,8,2,43.0,2,4,696,.362,.878,129,1,16.19,669620,Brady Basso,30,6.28,1,2,1,0,2026,0,.516,.750,3,31,.670,3.10,6.49,465,133,Athletics,96,2,2.09,1.65,1,.200,1
31,14,102,.275,0,10,116,5,0,1,.500,0,5,18,6.08,9,27,27,0,4,35,2.50,pitching,2,2,28,9.45,7,2,0.67,13,7,26.2,0,5,484,.348,.730,80,0,18.15,676684,Will Vest,22,7.42,1,1,7,2,2026,0,.382,.500,1,27,.650,2.70,9.11,313,116,Detroit Tigers,39,0,3.38,1.43,1,.375,3
27,43,144,.264,0,15,164,1,1,1,.200,0,4,25,6.08,5,42,42,0,3,30,0.70,pitching,3,3,38,9.24,7,7,1.70,20,5,37.0,3,1,648,.346,.811,111,1,17.51,695239,Robby Ahlstrom,26,6.32,1,0,1,0,2026,0,.465,.800,4,34,.630,2.27,8.27,407,140,Texas Rangers,67,2,3.65,1.43,2,.750,3
30,67,226,.270,1,27,260,0,0,1,.091,0,11,39,6.09,16,41,41,0,7,50,0.75,pitching,7,7,61,9.52,1,11,1.72,19,3,57.2,0,0,1042,.365,.847,173,0,18.07,676760,Ron Marinaccio,39,6.09,0,0,0,0,2026,0,.482,.909,10,48,.600,1.78,7.49,627,113,Cincinnati Reds,109,2,4.21,1.53,6,1.000,1
26,124,476,.263,0,51,541,2,0,2,.222,0,22,82,6.10,5,37,37,17,9,91,0.73,pitching,10,10,125,9.30,2,23,1.71,5,0,121.0,2,13,2101,.344,.806,363,0,17.36,678022,Jack Perkins,89,6.62,1,3,5,3,2026,0,.462,.778,7,140,.640,2.75,10.41,1353,133,Athletics,220,2,3.79,1.45,5,.188,3
29,49,168,.274,0,13,184,2,0,0,.000,0,9,29,6.12,6,46,46,0,2,36,0.73,pitching,0,0,46,9.70,12,11,2.32,23,6,42.2,1,3,726,.322,.846,128,0,17.02,686993,Justin Sterner,31,6.54,1,2,3,1,2026,0,.524,1.000,4,40,.640,3.08,8.44,465,133,Athletics,88,0,2.74,1.38,1,.400,2
24,27,155,.265,0,27,185,0,0,1,1.000,0,5,27,6.13,1,9,9,8,5,52,1.93,pitching,1,1,41,9.30,0,7,1.59,0,0,39.2,0,3,711,.375,.807,119,1,17.92,694346,Trey Gibson,27,6.13,0,1,0,0,2026,0,.432,.000,0,37,.610,1.37,8.39,437,110,Baltimore Orioles,67,0,6.13,1.71,2,.400,2
33,24,111,.306,0,16,136,2,0,0,.000,0,4,19,6.18,4,31,31,0,1,26,1.08,pitching,5,5,34,11.06,5,5,1.63,13,3,27.2,0,1,546,.407,.921,83,0,19.73,664208,Phil Maton,19,6.18,1,3,2,0,2026,0,.514,1.000,1,31,.660,1.94,10.08,359,112,Chicago Cubs,57,2,5.20,1.81,1,.000,0
33,180,562,.270,3,57,630,0,0,4,.364,0,24,98,6.18,0,29,29,29,9,124,0.69,pitching,5,5,152,9.59,0,35,2.21,0,0,142.2,0,14,2464,.340,.861,428,5,17.27,605488,Jeffrey Springs,105,6.62,0,6,0,0,2026,0,.521,.636,7,112,.630,1.96,7.07,1543,133,Athletics,293,6,3.60,1.46,0,.222,4
25,55,251,.259,0,36,296,0,0,0,.000,0,6,44,6.19,0,13,13,13,5,88,1.60,pitching,5,5,65,9.14,0,7,0.98,0,0,64.0,1,5,1106,.358,.740,192,0,17.28,686799,Jack Kochanowicz,47,6.61,0,4,0,0,2026,0,.382,1.000,1,47,.610,1.31,6.61,672,108,Los Angeles Angels,96,2,5.06,1.58,6,.286,2
34,42,158,.329,0,15,176,1,0,0,.000,0,8,25,6.19,8,32,32,1,3,28,0.67,pitching,1,1,52,12.88,2,8,1.98,6,2,36.1,1,4,669,.389,.946,109,0,18.41,621383,Tanner Banks,29,7.18,1,1,1,0,2026,0,.557,1.000,1,38,.660,2.53,9.41,442,143,Philadelphia Phillies,88,2,3.72,1.84,0,.000,0
33,7,20,.350,0,0,20,0,0,0,.---,0,0,3,6.23,4,4,4,0,0,5,0.71,pitching,0,0,7,14.54,0,0,0.00,5,0,4.1,0,0,55,.350,.700,13,0,12.69,595978,Austin Hedges,3,6.23,0,0,0,0,2026,0,.350,.---,0,1,.730,-.--,2.08,40,114,Cleveland Guardians,7,0,0.00,1.62,0,.---,0
25,30,135,.259,1,22,165,1,1,1,.333,0,4,24,6.23,1,29,29,0,0,23,0.77,pitching,4,4,35,9.09,5,3,0.78,13,8,34.2,0,2,665,.374,.744,104,1,19.18,682825,Luis Mey,26,6.75,1,2,1,0,2026,0,.370,.667,2,50,.610,2.27,12.98,406,113,Cincinnati Reds,50,1,5.71,1.64,7,.000,0
30,26,67,.224,0,10,81,0,0,0,.000,0,3,13,6.27,6,11,11,0,4,15,0.58,pitching,4,4,15,7.23,0,3,1.45,5,2,18.2,0,0,317,.358,.761,56,0,16.98,674370,Osvaldo Bido,13,6.27,0,0,1,1,2026,0,.403,1.000,2,11,.620,1.10,5.30,198,145,Chicago White Sox,27,0,4.82,1.34,4,1.000,2
27,28,69,.217,1,8,78,3,0,0,.000,0,2,13,6.27,2,18,18,1,0,9,0.32,pitching,0,0,15,7.23,3,6,2.89,9,4,18.2,1,1,313,.295,.802,56,0,16.77,673929,Jordan Leasure,14,6.75,0,1,3,0,2026,0,.507,1.000,2,18,.630,2.25,8.68,196,145,Chicago White Sox,35,0,3.86,1.23,1,.667,2
27,30,122,.270,0,11,138,0,0,0,.---,0,9,21,6.30,0,6,6,6,3,23,0.77,pitching,4,4,33,9.90,0,5,1.50,0,0,30.0,0,3,518,.350,.817,90,0,17.27,676979,Garrett Crochet,23,6.90,1,0,0,0,2026,0,.467,.---,0,37,.640,3.36,11.10,329,111,Boston Red Sox,57,0,3.30,1.47,2,.500,3
27,10,42,.286,0,3,45,0,0,0,.---,0,1,7,6.30,3,8,8,0,1,12,1.20,pitching,0,0,12,10.80,0,3,2.70,2,0,10.0,0,0,156,.333,.857,30,0,15.60,676661,Max Lazar,7,6.30,0,0,0,0,2026,0,.524,.---,0,8,.670,2.67,7.20,104,143,Philadelphia Phillies,22,0,2.70,1.50,0,.---,0
23,9,38,.211,0,6,44,0,0,0,.000,0,2,7,6.30,1,4,4,3,1,11,1.22,pitching,0,0,8,7.20,0,1,0.90,0,0,10.0,0,1,210,.318,.660,30,0,21.00,700842,Eduardo Rivera,7,6.30,0,0,0,0,2026,0,.342,1.000,1,10,.600,1.67,9.00,127,111,Boston Red Sox,13,0,5.40,1.40,1,.000,0
32,49,158,.222,0,21,183,4,0,1,.250,0,4,29,6.31,37,46,46,1,0,18,0.37,pitching,3,3,35,7.62,2,8,1.74,1,0,41.1,1,5,766,.322,.746,124,0,18.53,664126,Pete Fairbanks,32,6.97,0,1,23,19,2026,0,.424,.750,3,57,.650,2.71,12.41,499,146,Miami Marlins,67,2,4.57,1.35,3,.444,4
25,20,64,.297,0,12,80,0,0,1,.500,0,1,11,6.32,5,15,15,0,0,8,0.40,pitching,1,1,19,10.91,0,5,2.87,12,2,15.2,0,0,325,.405,.952,47,0,20.74,684049,Brandan Bidois,16,9.19,1,2,0,0,2026,0,.547,.500,1,20,.630,1.67,11.49,206,134,Pittsburgh Pirates,35,0,6.89,1.98,3,.---,0
24,69,251,.271,0,24,283,0,0,1,.125,0,14,45,6.33,1,14,14,13,4,63,0.91,pitching,3,3,68,9.56,0,7,0.98,0,0,64.0,1,8,1142,.338,.772,192,2,17.84,687312,Gabriel Hughes,46,6.47,2,3,1,1,2026,0,.434,.875,7,56,.640,2.33,7.88,729,115,Colorado Rockies,109,3,3.38,1.44,3,.000,0
29,12,106,.274,0,25,132,2,0,2,.118,0,6,20,6.35,5,30,30,0,3,22,1.83,pitching,0,0,29,9.21,3,5,1.59,18,6,28.1,6,3,552,.412,.884,85,0,19.48,663893,Brendon Little,23,7.31,1,0,2,0,2026,0,.472,.882,15,44,.580,1.76,13.98,320,141,Toronto Blue Jays,50,0,7.94,1.91,0,.000,0
26,6,48,.333,0,6,55,3,0,1,.333,0,3,9,6.39,3,12,12,0,2,19,3.17,pitching,0,0,16,11.37,2,2,1.42,7,3,12.2,0,2,216,.407,.928,38,1,17.05,672582,Angel Zerpa,11,7.82,1,0,5,2,2026,0,.521,.667,2,8,.630,1.33,5.68,137,158,Milwaukee Brewers,25,0,4.26,1.74,1,.000,0
28,38,137,.314,0,12,153,1,1,2,.250,0,7,23,6.40,10,27,27,1,0,26,0.68,pitching,1,1,43,11.97,0,5,1.39,7,1,32.1,1,2,610,.371,.860,97,0,18.87,687606,Paxton Schultz,26,7.24,1,1,2,1,2026,0,.489,.750,6,32,.630,2.67,8.91,382,120,Washington Nationals,67,1,3.34,1.70,1,.333,1
29,51,156,.256,0,28,191,5,0,0,.000,0,4,29,6.42,12,44,44,0,2,34,0.67,pitching,2,2,40,8.85,11,11,2.43,11,3,40.2,2,4,698,.372,.866,122,2,17.16,663574,Tony Santillan,31,6.86,3,2,10,5,2026,0,.494,1.000,1,36,.600,1.29,7.97,419,113,Cincinnati Reds,77,0,6.20,1.67,2,.429,3
33,40,124,.210,0,19,152,1,0,1,.333,0,7,24,6.48,4,36,36,0,0,31,0.78,pitching,7,7,26,7.02,10,7,1.89,16,6,33.1,2,0,581,.342,.777,100,0,17.43,605130,Scott Barlow,26,7.02,0,2,3,2,2026,0,.435,.667,2,29,.590,1.53,7.83,345,133,Athletics,54,0,5.13,1.35,1,1.000,2
25,46,140,.293,0,21,164,0,0,0,.---,0,7,25,6.49,0,8,8,8,2,29,0.63,pitching,1,1,41,10.64,0,5,1.30,0,0,34.2,0,4,617,.384,.848,104,0,17.80,687931,Carson Whisenhunt,26,6.75,0,2,0,0,2026,0,.464,.---,0,26,.610,1.24,6.75,379,137,San Francisco Giants,65,1,5.45,1.79,2,.429,3
27,10,33,.242,0,8,42,0,0,0,.000,0,0,7,6.52,2,8,8,0,2,11,1.10,pitching,0,0,8,7.45,0,3,2.79,2,0,9.2,2,0,146,.390,.905,29,0,15.10,695445,Chase Lee,8,7.45,1,0,1,1,2026,0,.515,1.000,1,5,.610,0.63,4.66,89,141,Toronto Blue Jays,17,0,7.45,1.66,1,1.000,1
25,30,82,.293,0,7,95,0,0,0,.000,0,7,15,6.53,0,5,5,5,2,13,0.43,pitching,4,4,24,10.45,0,5,2.18,0,0,20.2,0,1,382,.368,.953,62,0,18.48,684442,Kohl Drake,15,6.53,0,2,0,0,2026,0,.585,1.000,1,17,.590,2.43,7.40,227,109,Arizona Diamondbacks,48,1,3.05,1.50,0,.000,0
29,48,177,.322,1,11,194,0,0,1,.333,0,10,31,6.54,2,17,17,4,3,43,0.90,pitching,2,2,57,12.02,1,7,1.48,3,0,42.2,0,2,690,.363,.883,128,0,16.17,663362,Matt Waldron,31,6.54,1,3,0,0,2026,0,.520,.667,2,33,.670,3.00,6.96,460,120,Washington Nationals,92,2,2.32,1.59,0,.500,2
32,40,166,.247,0,27,195,0,0,1,.250,0,12,32,6.55,0,10,10,8,6,37,0.93,pitching,2,2,41,8.39,1,7,1.43,0,0,44.0,0,3,793,.359,.817,132,0,18.02,621121,Lance McCullers Jr.,37,7.57,0,0,0,0,2026,0,.458,.750,3,48,.590,1.78,9.82,464,158,Milwaukee Brewers,76,1,5.52,1.55,4,.400,2
29,41,136,.316,0,15,155,2,0,1,.125,0,12,24,6.55,11,34,34,0,2,24,0.59,pitching,0,0,43,11.73,6,7,1.91,11,7,33.0,1,2,579,.377,.951,99,0,17.55,681402,Gus Varland,26,7.09,1,3,8,6,2026,0,.574,.875,7,32,.680,2.13,8.73,391,120,Washington Nationals,78,1,4.09,1.76,2,.500,2
29,29,163,.319,0,21,189,0,0,0,.000,0,4,28,6.57,12,27,27,0,3,55,1.90,pitching,3,3,52,12.21,1,10,2.35,17,14,38.1,1,0,695,.404,.932,115,0,18.13,688297,Chris Roycroft,29,6.81,1,1,1,1,2026,0,.528,1.000,3,29,.620,1.38,6.81,430,133,Athletics,86,0,4.93,1.90,2,1.000,2
26,45,159,.289,0,13,178,5,0,0,.---,0,5,29,6.58,3,22,22,0,4,38,0.84,pitching,2,2,46,10.44,7,9,2.04,7,4,39.2,0,3,664,.351,.854,119,0,16.74,680730,Mitchell Parker,31,7.03,4,0,6,1,2026,0,.503,.---,0,34,.660,2.62,7.71,438,120,Washington Nationals,80,1,2.95,1.49,3,.500,3
23,36,125,.256,0,16,144,1,0,1,.083,0,6,23,6.61,1,9,9,5,2,31,0.86,pitching,2,2,32,9.19,1,7,2.01,1,0,31.1,0,3,573,.347,.819,94,0,18.29,700363,AJ Smith-Shawver,23,6.61,0,1,1,0,2026,0,.472,.917,11,27,.650,1.69,7.76,371,144,Atlanta Braves,59,0,4.60,1.53,1,.000,0
33,145,574,.308,0,29,613,0,0,3,.200,1,45,100,6.65,0,26,26,26,8,147,1.01,pitching,7,7,177,11.77,0,29,1.93,0,0,135.1,0,12,2187,.347,.903,406,1,16.16,607536,Kyle Freeland,104,6.92,0,3,0,0,2026,0,.556,.800,12,108,.670,3.72,7.18,1466,115,Colorado Rockies,319,5,1.93,1.52,3,.250,4
28,22,98,.347,0,9,112,1,0,1,.167,0,6,17,6.65,6,16,16,1,2,20,0.91,pitching,4,4,34,13.30,2,4,1.57,11,4,23.0,0,1,400,.423,.954,69,0,17.39,671111,Sammy Peralta,18,7.04,1,0,1,0,2026,0,.531,.833,5,23,.670,2.56,9.00,267,108,Los Angeles Angels,52,0,3.52,1.87,2,.000,0
25,85,260,.304,1,37,303,0,0,2,.250,0,19,49,6.68,4,20,20,10,10,60,0.71,pitching,2,2,79,10.77,0,11,1.50,0,0,66.0,0,7,1161,.392,.896,198,0,17.59,680573,Simeon Woods Richardson,54,7.36,2,2,0,0,2026,0,.504,.750,6,40,.590,1.08,5.45,686,141,Toronto Blue Jays,131,0,5.05,1.76,2,.222,2
32,40,125,.240,0,16,143,0,0,1,.500,0,3,25,6.68,3,8,8,5,3,27,0.68,pitching,1,1,30,8.02,0,9,2.41,2,0,33.2,0,1,570,.331,.827,101,0,16.93,669854,Ronel Blanco,25,6.68,1,0,0,0,2026,0,.496,.500,1,29,.640,1.81,7.75,362,117,Houston Astros,62,1,4.28,1.37,1,.000,0
28,133,440,.336,2,24,473,0,0,1,.200,0,36,77,6.68,8,24,24,12,9,81,0.61,pitching,2,2,148,12.85,0,21,1.82,8,1,103.2,2,6,1692,.370,.954,311,1,16.32,685299,Tanner Gordon,79,6.86,3,4,0,0,2026,0,.584,.800,4,85,.680,3.54,7.38,1147,115,Colorado Rockies,257,5,2.08,1.66,1,.143,1
29,1,6,.333,0,0,6,0,0,0,.---,0,0,1,6.75,1,1,1,0,0,2,2.00,pitching,0,0,2,13.50,0,1,6.75,1,0,1.1,0,0,25,.333,1.166,4,0,18.75,646242,Jhonathan Díaz,1,6.75,0,0,0,0,2026,0,.833,.---,0,1,.680,-.--,6.75,17,136,Seattle Mariners,5,0,0.00,1.50,0,.---,0
31,4,17,.294,0,1,18,0,0,1,.500,0,0,3,6.75,1,4,4,0,0,4,1.00,pitching,0,0,5,11.25,0,2,4.50,2,2,4.0,0,1,76,.333,.980,12,0,19.00,640451,Hunter Harvey,3,6.75,0,0,0,0,2026,0,.647,.500,1,4,.680,4.00,9.00,52,112,Chicago Cubs,11,0,2.25,1.50,0,.000,0
30,49,235,.277,0,33,275,3,0,2,.182,0,11,45,6.75,28,59,59,0,3,62,1.27,pitching,6,6,65,9.75,3,13,1.95,11,4,60.0,0,7,1135,.378,.884,180,1,18.92,656638,Alex Lange,47,7.05,0,1,13,10,2026,0,.506,.818,9,60,.610,1.82,9.00,696,118,Kansas City Royals,119,2,4.95,1.63,6,.222,2
26,19,77,.273,0,11,89,0,0,3,.600,0,2,15,6.75,5,22,22,0,2,17,0.89,pitching,1,1,21,9.45,5,2,0.90,7,4,20.0,0,3,381,.371,.800,60,1,19.05,684665,Luke Murphy,17,7.65,0,0,0,0,2026,0,.429,.400,2,20,.610,1.82,9.00,232,108,Los Angeles Angels,33,2,4.95,1.60,1,.000,0
28,10,34,.235,0,6,41,1,0,1,1.000,0,0,7,6.75,1,5,5,0,2,8,0.80,pitching,1,1,8,7.71,0,4,3.86,2,2,9.1,0,0,149,.366,.954,28,1,15.96,686610,Ken Waldichuk,7,6.75,0,0,1,0,2026,0,.588,.000,0,8,.590,1.33,7.71,88,120,Washington Nationals,20,0,5.79,1.50,0,.---,0
30,68,242,.314,0,19,267,1,0,1,.333,0,12,43,6.79,2,14,14,9,4,62,0.91,pitching,2,2,76,12.00,0,9,1.42,1,0,57.0,0,7,1015,.366,.849,171,0,17.81,663978,Chris Paddack,44,6.95,2,2,1,0,2026,0,.483,.667,2,40,.640,2.11,6.32,653,140,Texas Rangers,117,1,3.00,1.67,4,.000,0
26,33,111,.261,0,9,121,0,0,0,.000,0,6,21,6.83,0,5,5,5,1,17,0.52,pitching,0,0,29,9.43,0,4,1.30,0,0,27.2,0,2,456,.314,.737,83,0,16.48,668881,Hunter Greene,22,7.16,0,1,0,0,2026,0,.423,1.000,2,33,.670,3.67,10.73,306,113,Cincinnati Reds,47,0,2.93,1.37,1,.500,2
30,15,55,.309,0,7,63,0,0,0,.---,0,3,10,6.92,5,5,5,0,1,17,1.13,pitching,1,1,17,11.77,0,3,2.08,0,0,13.0,0,1,201,.397,.924,39,0,15.46,656212,Charlie Barnes,11,7.62,0,0,0,0,2026,0,.527,.---,0,6,.590,0.86,4.15,118,119,Los Angeles Dodgers,29,0,4.85,1.85,0,.000,0
35,22,92,.337,0,12,108,0,0,0,.000,0,4,17,6.95,9,25,25,0,5,26,1.18,pitching,2,2,31,12.68,4,4,1.64,9,3,22.0,0,1,414,.417,.928,66,0,18.82,623437,Justin Topa,19,7.77,0,2,2,2,2026,0,.511,1.000,3,15,.610,1.25,6.14,254,147,New York Yankees,47,0,4.91,1.95,1,.000,0
28,25,70,.200,0,14,85,1,0,1,.200,0,6,15,6.98,2,18,18,0,0,18,0.72,pitching,0,0,14,6.52,5,1,0.47,6,1,19.1,1,1,319,.329,.658,58,1,16.50,685801,Hunter Bigge,17,7.91,0,1,1,0,2026,0,.329,.800,4,14,.590,1.00,6.52,188,139,Tampa Bay Rays,23,0,6.52,1.45,0,.500,1
43,15,36,.306,0,3,39,0,0,1,1.000,0,1,7,7.00,0,2,2,2,0,3,0.20,pitching,0,0,11,11.00,0,3,3.00,0,0,9.0,0,1,171,.359,.998,27,0,19.00,434378,Justin Verlander,7,7.00,0,0,0,0,2026,0,.639,.000,0,7,.640,2.33,7.00,110,116,Detroit Tigers,23,1,3.00,1.56,1,.000,0
28,22,104,.308,0,9,118,0,0,0,.---,0,4,20,7.01,0,19,19,0,2,35,1.59,pitching,2,2,32,11.22,4,4,1.40,14,4,25.2,0,1,418,.364,.826,77,0,16.29,671162,Connor Thomas,20,7.01,0,3,0,0,2026,0,.462,.---,0,18,.640,2.00,6.31,268,118,Kansas City Royals,48,0,3.16,1.60,0,.667,2
25,61,196,.270,0,30,229,0,0,3,.375,0,6,39,7.02,6,20,20,6,3,33,0.54,pitching,2,2,53,9.54,0,14,2.52,6,2,50.0,1,4,909,.371,.897,150,0,18.18,686930,Mason Barnett,40,7.20,0,1,2,2,2026,0,.526,.625,5,50,.600,1.67,9.00,542,133,Athletics,103,1,5.40,1.66,3,.200,1
24,22,74,.284,0,11,86,0,0,0,.---,0,3,15,7.11,4,13,13,0,2,22,1.00,pitching,0,0,21,9.95,1,6,2.84,11,5,19.0,0,0,313,.372,.940,57,0,16.47,691769,Philip Abner,17,8.05,0,1,0,0,2026,0,.568,.---,0,10,.620,0.91,4.74,194,137,San Francisco Giants,42,0,5.21,1.68,2,.---,0
23,28,80,.300,0,8,92,0,0,0,.---,0,9,15,7.11,0,6,6,3,1,13,0.46,pitching,4,4,24,11.37,0,3,1.42,0,0,19.0,0,1,364,.391,.916,57,0,19.16,808825,Andrew Sears,21,9.95,0,0,0,0,2026,0,.525,.---,0,15,.600,1.88,7.11,220,116,Detroit Tigers,42,0,3.79,1.68,1,.000,0
28,13,47,.362,0,5,52,0,0,0,.---,0,6,9,7.15,7,9,9,0,2,8,0.62,pitching,0,0,17,13.50,0,3,2.38,3,1,11.1,0,0,184,.423,1.104,34,0,16.24,668834,Easton McGee,9,7.15,0,0,0,0,2026,0,.681,.---,0,9,.670,1.80,7.15,124,118,Kansas City Royals,32,0,3.97,1.94,1,.---,0
30,36,129,.310,0,19,155,3,0,1,.500,0,2,26,7.16,12,33,33,0,2,36,1.00,pitching,1,1,40,11.02,5,5,1.38,15,6,32.2,3,1,609,.397,.870,98,0,18.64,676254,Ryan Walker,27,7.44,4,2,6,3,2026,0,.473,.500,1,23,.620,1.21,6.34,379,137,San Francisco Giants,61,2,5.23,1.81,4,.000,0
34,140,549,.339,1,54,619,0,0,1,.143,0,33,102,7.21,3,32,32,25,11,143,1.02,pitching,6,6,186,13.15,0,23,1.63,0,0,127.1,0,13,2400,.398,.944,382,0,18.85,547179,Michael Lorenzen,113,7.99,1,9,1,1,2026,0,.546,.857,6,90,.620,1.67,6.36,1477,141,Toronto Blue Jays,300,6,3.82,1.88,4,.188,3
27,52,180,.306,1,21,207,2,0,0,.000,0,11,35,7.27,14,41,41,1,2,36,0.69,pitching,2,2,55,11.42,2,5,1.04,13,7,43.1,0,3,788,.379,.829,130,0,18.18,694335,Matt Svanson,39,8.10,1,3,2,0,2026,0,.450,1.000,2,41,.630,1.95,8.52,497,138,St. Louis Cardinals,81,0,4.36,1.75,5,.400,2
34,55,145,.269,1,14,161,4,0,0,.000,0,8,29,7.32,4,41,41,0,0,21,0.38,pitching,2,2,39,9.84,13,12,3.03,10,7,35.2,1,4,633,.342,.914,107,0,17.75,621381,Matt Strahm,29,7.32,0,0,4,0,2026,0,.572,1.000,1,30,.660,2.14,7.57,420,118,Kansas City Royals,83,0,3.53,1.49,4,.429,3
33,65,237,.253,0,41,283,1,0,1,.333,0,11,50,7.34,16,31,31,8,3,38,0.58,pitching,4,4,60,8.80,0,14,2.05,2,0,61.1,0,9,1129,.371,.865,184,0,18.41,673540,Kodai Senga,51,7.48,0,1,9,8,2026,0,.494,.667,2,75,.590,1.83,11.01,661,121,New York Mets,117,2,6.02,1.65,2,.000,0
31,25,142,.275,0,28,177,1,0,0,.000,0,10,28,7.34,13,37,37,0,3,36,1.44,pitching,6,6,39,10.22,2,9,2.36,9,5,34.1,1,3,684,.412,.961,103,0,19.92,664875,Justin Lawrence,35,9.17,0,1,2,1,2026,0,.549,1.000,4,43,.590,1.54,11.27,401,120,Washington Nationals,78,1,7.34,1.95,3,.000,0
30,7,14,.214,0,2,17,0,0,0,.---,0,1,3,7.36,3,4,4,0,0,3,0.43,pitching,1,1,3,7.36,0,1,2.45,0,0,3.2,0,0,75,.353,.853,11,0,20.45,675919,Nick Raquet,3,7.36,0,0,0,0,2026,0,.500,.---,0,1,.610,0.50,2.45,46,110,Baltimore Orioles,7,0,4.91,1.36,0,.---,0
33,9,26,.385,0,3,30,0,0,0,.---,0,2,5,7.50,1,1,1,0,1,5,0.56,pitching,0,0,10,15.00,0,2,3.00,0,0,6.0,1,0,99,.433,1.125,18,0,16.50,605335,Brandon Leibrandt,5,7.50,0,1,0,0,2026,0,.692,.---,0,3,.610,1.00,4.50,60,113,Cincinnati Reds,18,0,4.50,2.17,0,.---,0
28,6,24,.250,0,0,24,0,0,0,.---,0,0,5,7.50,1,2,2,0,0,6,1.00,pitching,0,0,6,9.00,0,4,6.00,0,0,6.0,0,0,85,.250,1.000,18,0,14.17,686730,Carson Spiers,5,7.50,0,0,0,0,2026,0,.750,.---,0,6,.740,-.--,9.00,63,113,Cincinnati Reds,18,0,0.00,1.00,0,.---,0
26,16,39,.256,0,7,48,0,0,0,.000,0,0,9,7.59,2,3,3,0,1,6,0.38,pitching,1,1,10,8.44,0,5,4.22,0,0,10.2,2,1,170,.383,1.024,32,0,15.94,678368,Valente Bellozo,10,8.44,1,0,0,0,2026,0,.641,1.000,1,8,.590,1.14,6.75,101,115,Colorado Rockies,25,0,5.91,1.59,0,.000,0
29,28,111,.315,0,20,131,0,0,0,.000,0,2,22,7.62,3,9,9,2,2,18,0.64,pitching,0,0,35,12.12,0,8,2.77,7,2,26.0,0,3,530,.420,.988,78,0,20.38,680802,Ryan Weiss,24,8.31,0,0,0,0,2026,0,.568,1.000,1,30,.610,1.50,10.38,323,117,Houston Astros,63,1,6.92,2.12,0,.000,0
25,19,71,.296,0,13,87,1,0,2,.500,0,5,15,7.64,2,7,7,0,0,18,0.95,pitching,2,2,21,10.70,1,4,2.04,2,1,17.2,0,1,351,.414,.949,53,0,19.87,682995,Hunter Barco,17,8.66,0,1,1,0,2026,0,.535,.500,2,14,.570,1.08,7.13,199,134,Pittsburgh Pirates,38,0,6.62,1.92,1,.000,0
31,17,81,.309,0,10,93,0,0,0,.000,0,1,17,7.65,4,12,12,0,2,23,1.35,pitching,1,1,25,11.25,0,4,1.80,4,1,20.0,0,0,351,.391,.860,60,0,17.55,641312,Shaun Anderson,19,8.55,1,0,0,0,2026,0,.469,1.000,1,17,.600,1.70,7.65,212,108,Los Angeles Angels,38,0,4.50,1.75,1,1.000,2
30,21,62,.290,0,6,74,3,0,0,.000,0,4,14,7.71,4,18,18,0,2,13,0.62,pitching,2,2,18,9.92,3,3,1.65,13,7,16.1,0,2,268,.351,.916,49,0,16.41,676680,Tom Cosgrove,16,8.82,0,4,4,1,2026,0,.565,1.000,2,14,.680,2.33,7.71,182,120,Washington Nationals,35,2,3.31,1.47,0,.333,1
28,10,36,.306,0,11,49,0,0,0,.000,0,4,8,7.71,0,3,3,2,2,9,0.90,pitching,1,1,11,10.61,0,0,0.00,0,0,9.1,0,1,199,.469,.886,28,0,21.32,666129,Braxton Garrett,8,7.71,0,1,0,0,2026,0,.417,1.000,2,7,.520,0.64,6.75,104,112,Chicago Cubs,15,0,10.61,2.36,0,.500,1
31,2,20,.300,0,3,23,0,0,0,.---,0,2,4,7.71,1,4,4,0,2,8,4.00,pitching,0,0,6,11.57,0,0,0.00,2,2,4.2,0,0,92,.391,.791,14,0,19.71,641656,Ian Hamilton,4,7.71,0,0,0,0,2026,0,.400,.---,0,4,.650,1.33,7.71,60,144,Atlanta Braves,8,0,5.79,1.93,0,.---,0
26,14,48,.333,0,8,59,0,1,1,1.000,0,3,10,7.71,3,8,8,0,2,7,0.50,pitching,1,1,16,12.34,0,3,2.31,2,0,11.2,0,0,230,.431,1.014,35,0,19.71,694851,Andrew Hoffmann,12,9.26,0,1,0,0,2026,0,.583,.000,0,12,.560,1.50,9.26,129,109,Arizona Diamondbacks,28,0,6.17,2.06,0,1.000,1
27,1,14,.500,0,0,14,0,0,0,.---,0,0,2,7.71,1,2,2,0,1,4,4.00,pitching,0,0,7,27.00,1,0,0.00,0,0,2.1,0,0,40,.500,1.000,7,0,17.14,675920,Seth Lonsway,3,11.57,0,0,0,0,2026,0,.500,.---,0,2,.650,-.--,7.71,26,137,San Francisco Giants,7,0,0.00,3.00,0,.---,0
25,19,65,.323,0,8,78,0,0,1,.200,0,4,14,7.71,3,11,11,6,1,12,0.63,pitching,3,3,21,11.57,0,1,0.55,5,4,16.1,0,2,313,.416,.847,49,1,19.16,687223,Carson Palmquist,14,7.71,1,1,0,0,2026,0,.431,.800,4,15,.650,1.88,8.27,202,120,Washington Nationals,28,0,4.41,1.78,0,.000,0
29,10,37,.324,0,7,45,1,0,1,.250,0,1,8,7.71,2,10,10,0,2,9,0.90,pitching,1,1,12,11.57,1,2,1.93,0,0,9.1,0,1,172,.444,.958,28,0,18.43,684320,Yariel Rodríguez,11,10.61,0,0,1,0,2026,0,.514,.750,3,6,.570,0.86,5.79,98,141,Toronto Blue Jays,19,0,6.75,2.04,1,.000,0
30,2,11,.364,0,0,11,0,0,0,.---,0,0,2,7.71,2,2,2,0,1,5,2.50,pitching,0,0,4,15.43,0,2,7.71,0,0,2.1,0,0,22,.364,1.273,7,0,9.43,620443,Luis Torrens,2,7.71,0,0,0,0,2026,0,.909,.---,0,0,.590,-.--,0.00,13,121,New York Mets,10,0,0.00,1.71,0,.---,0
29,30,122,.352,0,8,134,0,0,0,.---,0,6,24,7.81,16,19,19,0,2,28,0.93,pitching,0,0,43,13.99,0,5,1.63,8,6,27.2,0,0,485,.383,.940,83,0,17.53,663765,Jake Woodford,24,7.81,1,3,1,1,2026,0,.557,.---,0,25,.640,3.13,8.13,310,139,Tampa Bay Rays,68,2,2.60,1.84,0,1.000,1
31,17,42,.286,0,4,47,0,0,0,.---,0,2,9,7.84,0,3,3,3,0,6,0.35,pitching,0,0,12,10.45,0,5,4.35,0,0,10.1,0,0,198,.340,1.078,31,0,19.16,669203,Corbin Burnes,9,7.84,0,1,0,0,2026,0,.738,.---,0,8,.610,2.00,6.97,121,109,Arizona Diamondbacks,31,1,3.48,1.55,1,.---,0
26,9,33,.303,0,4,37,0,0,1,1.000,0,3,7,7.88,4,6,6,0,1,9,1.00,pitching,0,0,10,11.25,0,3,3.38,2,0,8.0,1,1,121,.378,1.045,24,0,15.13,701474,Duncan Davitt,8,9.00,0,0,0,0,2026,0,.667,.000,0,5,.620,1.25,5.63,75,137,San Francisco Giants,22,0,4.50,1.75,0,.000,0
26,20,59,.288,0,7,70,2,1,0,.000,0,3,12,7.90,8,11,11,0,0,7,0.35,pitching,3,3,17,11.20,0,4,2.63,4,3,13.2,0,2,282,.391,.933,41,0,20.63,669371,Cole Henry,14,9.22,0,0,2,0,2026,0,.542,1.000,1,15,.610,2.14,9.88,173,120,Washington Nationals,32,0,4.61,1.76,1,.000,0
30,6,23,.261,0,3,26,0,0,0,.---,0,1,5,7.94,2,4,4,0,0,6,1.00,pitching,0,0,6,9.53,0,1,1.59,1,1,5.2,0,0,88,.346,.781,17,0,15.53,688497,Taylor Rashi,5,7.94,0,0,0,0,2026,0,.435,.---,0,5,.670,1.67,7.94,59,133,Athletics,10,0,4.76,1.59,0,1.000,1
36,11,37,.324,0,6,43,0,0,0,.---,0,4,8,8.00,4,8,8,0,0,9,0.82,pitching,0,0,12,12.00,0,2,2.00,0,0,9.0,0,0,168,.419,1.014,27,0,18.67,592454,Tommy Kahnle,8,8.00,0,0,0,0,2026,0,.595,.---,0,5,.650,0.83,5.00,110,111,Boston Red Sox,22,0,6.00,2.00,0,.---,0
32,8,48,.313,0,13,65,0,0,0,.000,0,3,11,8.03,3,16,16,1,2,11,1.38,pitching,3,3,15,10.95,4,3,2.19,6,0,12.1,2,1,265,.484,1.047,37,0,21.49,664849,Danny Young,11,8.03,1,0,0,0,2026,0,.563,1.000,2,15,.540,1.15,10.95,144,144,Atlanta Braves,27,0,9.49,2.27,1,.000,0
31,7,25,.240,0,5,31,0,0,1,1.000,0,1,6,8.10,2,3,3,0,0,8,1.14,pitching,1,1,6,8.10,0,1,1.35,1,0,6.2,0,0,117,.387,.787,20,0,17.55,641585,J.P. France,6,8.10,0,0,0,0,2026,0,.400,.000,0,4,.600,0.80,5.40,70,117,Houston Astros,10,0,6.75,1.65,1,.---,0
32,11,32,.281,0,4,36,1,0,0,.000,0,2,7,8.22,3,12,12,0,0,3,0.27,pitching,0,0,9,10.57,2,2,2.35,5,0,7.2,0,2,151,.361,.955,23,0,19.70,606303,Joel Payamps,9,10.57,0,0,1,0,2026,0,.594,1.000,3,9,.620,2.25,10.57,93,144,Atlanta Braves,19,1,4.70,1.70,0,.000,0
28,8,34,.353,0,2,36,0,0,0,.---,0,5,7,8.22,2,5,5,0,0,7,0.88,pitching,0,0,12,14.09,0,3,3.52,1,0,7.2,0,0,134,.389,1.154,23,0,17.48,669298,TJ Shook,7,8.22,0,0,0,0,2026,0,.765,.---,0,7,.650,3.50,8.22,87,115,Colorado Rockies,26,0,2.35,1.83,0,.---,0
28,13,48,.313,0,5,56,0,0,0,.---,0,2,11,8.25,6,13,13,0,1,11,0.85,pitching,1,1,15,11.25,3,3,2.25,3,3,12.0,0,1,209,.382,.965,36,0,17.42,663485,Cole Sands,11,8.25,1,1,1,1,2026,0,.583,.---,0,11,.650,2.20,8.25,135,142,Minnesota Twins,28,1,3.75,1.67,1,.500,1
31,16,52,.365,0,2,57,0,0,0,.---,0,7,11,8.25,1,5,5,0,0,9,0.56,pitching,0,0,19,14.25,0,1,0.75,2,1,12.0,0,0,195,.375,.971,36,0,16.25,624522,Keegan Thompson,11,8.25,1,2,0,0,2026,0,.596,.---,0,11,.660,5.50,8.25,128,115,Colorado Rockies,31,1,1.50,1.75,3,.---,0
25,20,56,.321,0,10,67,0,0,0,.000,0,2,12,8.31,5,12,12,0,0,7,0.35,pitching,0,0,18,12.46,1,3,2.08,5,2,13.0,0,1,293,.418,.936,39,0,22.54,687209,Zach Maxwell,12,8.31,0,1,1,1,2026,0,.518,1.000,5,12,.610,1.20,8.31,180,113,Cincinnati Reds,29,0,6.92,2.15,2,.000,0
24,5,44,.295,0,10,56,0,0,0,.---,0,0,10,8.44,0,3,3,2,1,17,3.40,pitching,2,2,13,10.97,1,3,2.53,0,0,10.2,0,1,215,.446,.946,32,0,20.16,694462,Hurston Waldrep,10,8.44,0,0,0,0,2026,0,.500,.---,0,9,.560,0.90,7.59,120,144,Atlanta Braves,22,0,8.44,2.16,0,.000,0
27,10,33,.333,0,1,34,0,0,0,.---,0,2,7,8.59,4,5,5,0,0,5,0.50,pitching,0,0,11,13.50,0,4,4.91,3,2,7.1,0,0,128,.353,1.171,22,0,17.45,690440,Bradley Hanner,7,8.59,0,0,0,0,2026,0,.818,.---,0,7,.650,7.00,8.59,83,147,New York Yankees,27,1,1.23,1.64,1,1.000,1
27,10,29,.276,0,13,42,0,0,0,.000,0,1,7,8.59,2,7,7,0,1,4,0.40,pitching,0,0,8,9.82,0,1,1.23,4,3,7.1,0,0,198,.500,.914,22,0,27.00,693312,Kyle Nicolas,7,8.59,0,0,0,0,2026,0,.414,1.000,1,7,.480,0.54,8.59,95,113,Cincinnati Reds,12,0,15.95,2.86,2,1.000,1
32,20,81,.321,0,11,96,4,0,0,.000,0,3,18,8.68,14,21,21,0,0,8,0.40,pitching,3,3,26,12.54,0,3,1.45,0,0,18.2,2,2,395,.417,.936,56,0,21.16,621242,Edwin Díaz,18,8.68,0,1,11,7,2026,0,.519,1.000,6,28,.640,2.55,13.50,253,119,Los Angeles Dodgers,42,2,5.30,1.98,1,.500,2
30,13,36,.250,1,10,48,1,0,0,.000,0,2,9,8.68,1,8,8,0,0,2,0.15,pitching,1,1,9,8.68,0,2,1.93,5,2,9.1,0,0,193,.417,.889,28,0,20.68,682274,Yaramil Hiraldo,9,8.68,0,1,1,0,2026,0,.472,1.000,2,13,.610,1.30,12.54,117,110,Baltimore Orioles,17,0,9.64,2.04,0,1.000,1
27,12,64,.391,0,4,70,0,0,1,1.000,0,2,14,8.79,1,5,5,1,3,16,1.33,pitching,1,1,25,15.70,0,6,3.77,3,1,14.1,1,1,272,.429,1.163,43,0,18.98,676467,Colton Gordon,15,9.42,0,1,0,0,2026,0,.734,.000,0,12,.640,3.00,7.53,175,158,Milwaukee Brewers,47,1,2.51,2.02,1,.000,0
23,39,99,.343,1,11,114,0,0,0,.000,0,14,22,8.87,0,5,5,5,0,11,0.28,pitching,3,3,34,13.70,0,5,2.01,0,0,22.1,0,3,412,.421,1.098,67,0,18.45,807743,Sean Sullivan,22,8.87,0,1,0,0,2026,0,.677,1.000,3,16,.660,1.45,6.45,271,115,Colorado Rockies,67,2,4.43,2.01,0,.000,0
31,0,3,.333,0,2,5,0,0,0,.---,0,0,1,9.00,1,1,1,0,1,2,2.00,pitching,0,0,1,9.00,0,0,0.00,0,0,1.0,0,0,14,.600,.933,3,0,14.00,606115,Orlando Arcia,1,9.00,0,0,0,0,2026,0,.333,.---,0,0,.430,0.00,0.00,6,142,Minnesota Twins,1,0,18.00,3.00,0,.---,0
25,2,3,.333,0,1,5,0,0,0,.---,0,0,1,9.00,0,1,1,0,0,0,0.00,pitching,0,0,1,9.00,0,0,0.00,0,0,1.0,0,0,23,.400,.733,3,0,23.00,686628,Blake Burkhalter,1,9.00,0,1,0,0,2026,0,.333,.---,0,1,.520,1.00,9.00,12,144,Atlanta Braves,1,0,9.00,2.00,1,.---,0
25,3,13,.308,0,5,18,1,0,0,.---,0,2,3,9.00,1,2,2,0,0,2,0.67,pitching,0,0,4,12.00,0,0,0.00,2,2,3.0,0,0,80,.500,.962,9,0,26.67,686563,Jonathan Cannon,3,9.00,0,0,2,1,2026,0,.462,.---,0,4,.580,0.80,12.00,46,145,Chicago White Sox,6,0,15.00,3.00,0,.---,0
27,9,41,.415,0,8,49,0,0,0,.---,0,2,9,9.00,3,6,6,0,2,6,0.67,pitching,0,0,17,17.00,0,1,1.00,1,1,9.0,0,0,189,.510,1.047,27,0,21.00,671382,Cameron Foster,10,10.00,0,0,0,0,2026,0,.537,.---,0,9,.610,1.13,9.00,116,110,Baltimore Orioles,22,0,8.00,2.78,2,.---,0
39,23,66,.348,0,6,74,1,0,0,.000,0,7,15,9.00,10,15,15,0,1,15,0.65,pitching,1,1,23,13.80,1,2,1.20,3,3,15.0,0,1,265,.411,.956,45,0,17.67,472610,Luis García,16,9.60,1,0,3,2,2026,0,.545,1.000,3,6,.660,1.00,3.60,174,142,Minnesota Twins,36,0,3.60,1.93,0,.000,0
27,3,20,.400,0,2,22,0,0,0,.---,0,3,4,9.00,2,4,4,0,0,4,1.33,pitching,0,0,8,18.00,1,2,4.50,0,0,4.0,0,0,86,.455,1.305,12,0,21.50,808970,Woo-Suk Go,4,9.00,0,0,0,0,2026,0,.850,.---,0,5,.640,2.50,11.25,55,142,Minnesota Twins,17,0,4.50,2.50,0,.---,0
30,2,13,.308,0,0,13,0,0,0,.---,0,0,3,9.00,0,1,1,1,0,6,3.00,pitching,0,0,4,12.00,0,2,6.00,0,0,3.0,0,1,50,.308,1.077,9,0,16.67,656557,Tanner Houck,3,9.00,0,0,0,0,2026,0,.769,.---,0,1,.680,-.--,3.00,34,111,Boston Red Sox,10,0,0.00,1.33,0,.000,0
32,5,26,.308,0,3,30,0,0,0,.---,0,2,6,9.00,0,1,1,0,1,8,1.60,pitching,1,1,8,12.00,0,1,1.50,3,2,6.0,0,1,102,.400,.900,18,0,17.00,608344,Cole Irvin,6,9.00,0,0,0,0,2026,0,.500,.---,0,5,.660,1.67,7.50,67,119,Los Angeles Dodgers,13,0,4.50,1.83,0,.000,0
25,26,67,.358,0,8,81,1,1,0,.000,0,6,16,9.00,2,15,15,0,1,15,0.58,pitching,1,1,24,13.50,0,0,0.00,9,4,16.0,0,1,292,.418,.896,48,0,18.25,696522,Hayden Juenger,16,9.00,1,3,1,0,2026,0,.478,1.000,1,6,.620,0.75,3.38,180,133,Athletics,32,1,4.50,2.00,0,.000,0
29,2,3,.333,0,2,6,0,0,0,.---,0,0,1,9.00,1,1,1,0,0,0,0.00,pitching,0,0,1,9.00,0,0,0.00,0,0,1.0,0,0,22,.500,.833,3,0,22.00,663884,Nolan Kingham,1,9.00,0,1,0,0,2026,0,.333,.---,0,1,.500,0.50,9.00,11,140,Texas Rangers,1,0,18.00,3.00,0,.---,0
32,7,33,.364,0,7,41,0,0,0,.000,0,4,7,9.00,1,9,9,0,1,7,1.00,pitching,1,1,12,15.43,1,1,1.29,4,4,7.0,3,0,161,.488,1.064,21,0,23.00,657649,Jared Koenig,9,11.57,0,0,0,0,2026,0,.576,1.000,1,7,.630,1.00,9.00,101,158,Milwaukee Brewers,19,0,9.00,2.71,1,.---,0
25,0,5,.400,0,0,5,0,0,0,.---,0,0,1,9.00,1,1,1,0,0,2,2.00,pitching,0,0,2,18.00,0,1,9.00,0,0,1.0,0,0,19,.400,1.400,3,0,19.00,681432,Luke Little,1,9.00,0,0,0,0,2026,0,1.000,.---,0,1,.740,-.--,9.00,14,112,Chicago Cubs,5,0,0.00,2.00,0,.---,0
31,1,7,.571,0,0,7,0,0,0,.---,0,0,1,9.00,1,1,1,0,0,1,1.00,pitching,0,0,4,36.00,0,0,0.00,0,0,1.0,0,0,24,.571,1.142,3,0,24.00,670032,Nicky Lopez,1,9.00,0,0,0,0,2026,0,.571,.---,0,1,.630,-.--,9.00,15,140,Texas Rangers,4,0,0.00,4.00,0,.---,0
40,20,62,.403,1,2,66,2,0,1,.500,0,7,14,9.00,6,16,16,0,2,9,0.45,pitching,1,1,25,16.07,1,4,2.57,8,2,14.0,0,1,248,.424,1.134,42,0,17.71,455119,Chris Martin,15,9.64,0,1,2,0,2026,0,.710,.500,1,9,.690,4.50,5.79,171,140,Texas Rangers,44,0,1.29,1.93,1,.500,1
31,1,5,.400,0,0,6,0,0,0,.---,0,1,1,9.00,1,1,1,0,0,1,1.00,pitching,1,1,2,18.00,0,0,0.00,0,0,1.0,0,0,22,.500,1.100,3,0,22.00,661527,Seth Martinez,1,9.00,0,0,0,0,2026,0,.600,.---,0,1,.770,-.--,9.00,17,111,Boston Red Sox,3,0,0.00,2.00,0,.---,0
28,8,17,.294,0,1,18,0,0,0,.---,0,1,4,9.00,1,1,1,0,0,2,0.25,pitching,0,0,5,11.25,0,1,2.25,0,0,4.0,0,0,65,.333,.980,12,0,16.25,687287,Patrick Monteverde,4,9.00,0,0,0,0,2026,0,.647,.---,0,2,.620,2.00,4.50,40,146,Miami Marlins,11,1,2.25,1.50,1,.---,0
30,2,4,.250,0,0,4,0,0,0,.---,0,0,1,9.00,1,1,1,0,0,1,0.50,pitching,0,0,1,9.00,0,1,9.00,0,0,1.0,0,0,10,.250,1.250,3,0,10.00,663967,César Salazar,1,9.00,0,0,0,0,2026,0,1.000,.---,0,0,.600,-.--,0.00,6,117,Houston Astros,4,0,0.00,1.00,0,.---,0
24,4,8,.250,0,1,9,0,0,0,.000,0,0,2,9.00,1,1,1,0,0,1,0.25,pitching,0,0,2,9.00,0,1,4.50,1,1,2.0,0,0,33,.333,.958,6,0,16.50,692437,Winston Santos,2,9.00,0,0,0,0,2026,0,.625,1.000,1,1,.640,1.00,4.50,21,140,Texas Rangers,5,0,4.50,1.50,2,.---,0
27,12,38,.289,0,6,44,0,0,0,.000,0,3,9,9.00,3,5,5,0,1,11,0.92,pitching,0,0,11,11.00,0,1,1.00,3,0,9.0,1,0,166,.386,.833,27,0,18.44,694363,Jared Shuster,10,10.00,0,0,0,0,2026,0,.447,1.000,1,4,.570,0.67,4.00,95,138,St. Louis Cardinals,17,0,6.00,1.89,1,.---,0
24,5,13,.308,0,2,15,0,0,0,.---,0,1,3,9.00,1,2,2,0,0,2,0.40,pitching,0,0,4,12.00,0,1,3.00,0,0,3.0,0,0,51,.400,1.015,9,0,17.00,700187,Troy Taylor,3,9.00,0,0,0,0,2026,0,.615,.---,0,2,.570,1.00,6.00,29,136,Seattle Mariners,8,0,6.00,2.00,0,.---,0
25,1,4,.500,0,1,5,0,0,0,.---,0,0,1,9.00,1,1,1,0,1,1,1.00,pitching,0,0,2,18.00,0,0,0.00,0,0,1.0,0,0,11,.600,1.100,3,0,11.00,677588,José Tena,1,9.00,0,0,0,0,2026,0,.500,.---,0,0,.360,0.00,0.00,4,120,Washington Nationals,2,0,9.00,3.00,1,.---,0
33,24,102,.353,0,11,115,0,0,2,1.000,0,5,23,9.13,0,5,5,4,2,26,1.08,pitching,1,1,36,14.29,0,8,3.18,0,0,22.2,0,4,424,.417,1.074,68,2,18.71,592836,Taijuan Walker,25,9.93,0,1,0,0,2026,0,.657,.000,0,17,.620,1.55,6.75,263,143,Philadelphia Phillies,67,1,4.37,2.07,0,.200,1
33,15,51,.314,0,6,57,0,0,0,.---,0,3,12,9.26,3,8,8,0,1,13,0.87,pitching,0,0,16,12.34,1,3,2.31,2,0,11.2,0,1,205,.386,.935,35,0,17.57,605452,Joe Ross,13,10.03,0,0,0,0,2026,0,.549,.---,0,7,.610,1.17,5.40,125,140,Texas Rangers,28,0,4.63,1.89,1,.000,0
33,19,75,.280,0,8,84,0,0,0,.000,0,3,19,9.33,1,4,4,2,1,21,1.11,pitching,1,1,21,10.31,0,4,1.96,0,0,18.1,0,1,299,.357,.917,55,0,16.31,669920,Jason Alexander,19,9.33,0,0,0,0,2026,0,.560,1.000,1,14,.630,1.75,6.87,187,117,Houston Astros,42,3,3.93,1.58,0,.500,1
28,26,79,.342,0,13,94,1,0,0,.000,0,7,19,9.33,6,17,17,0,2,16,0.62,pitching,1,1,27,13.25,2,4,1.96,5,2,18.1,0,1,340,.441,1.049,55,0,18.55,668820,Max Kranick,19,9.33,1,0,1,0,2026,0,.608,1.000,2,11,.620,0.85,5.40,210,120,Washington Nationals,48,1,6.38,2.18,3,.000,0
29,22,69,.362,0,9,79,0,0,1,.250,0,7,17,9.37,4,10,10,0,1,9,0.41,pitching,0,0,25,13.78,0,3,1.65,4,1,16.1,0,0,304,.430,1.024,49,1,18.61,681151,Jayden Murray,17,9.37,0,1,0,0,2026,0,.594,.750,3,14,.620,1.56,7.71,189,112,Chicago Cubs,41,0,4.96,2.08,0,.---,0
32,8,35,.371,0,6,42,0,0,0,.000,0,1,8,9.39,2,6,6,0,0,3,0.38,pitching,0,0,13,15.26,1,1,1.17,2,2,7.2,0,0,182,.452,.938,23,0,23.74,702352,Spencer Bivens,10,11.74,0,1,0,0,2026,0,.486,1.000,2,12,.630,2.00,14.09,114,118,Kansas City Royals,17,0,7.04,2.48,2,.---,0
25,17,48,.354,0,7,55,0,0,0,.000,0,5,11,9.58,3,9,9,0,0,8,0.47,pitching,0,0,17,14.81,1,4,3.48,2,0,10.1,2,0,187,.436,1.144,31,0,18.10,681168,Luis Curvelo,12,10.45,0,0,0,0,2026,0,.708,1.000,1,6,.680,0.86,5.23,127,140,Texas Rangers,34,0,6.10,2.32,1,.---,0
27,6,19,.316,0,4,23,0,0,0,.000,0,0,5,9.64,2,5,5,0,1,3,0.50,pitching,0,0,6,11.57,0,1,1.93,0,0,4.2,0,1,99,.435,.909,14,0,21.21,676508,Ben Casparius,5,9.64,0,0,0,0,2026,0,.474,1.000,1,4,.610,1.00,7.71,60,119,Los Angeles Dodgers,9,0,7.71,2.14,0,.000,0
26,18,39,.333,0,8,50,0,0,0,.---,0,2,10,9.64,3,8,8,0,1,7,0.39,pitching,1,1,13,12.54,0,2,1.93,0,0,9.1,0,0,198,.449,.987,28,0,21.21,701552,Andre Granillo,12,11.57,1,1,0,0,2026,0,.538,.---,0,3,.560,0.38,2.89,111,120,Washington Nationals,21,0,7.71,2.25,0,.---,0
33,11,22,.364,0,1,24,0,0,0,.---,0,2,5,9.64,5,5,5,0,0,3,0.27,pitching,1,1,8,15.43,0,1,1.93,1,0,4.2,0,0,46,.417,1.008,14,0,9.86,596117,Garrett Stubbs,5,9.64,0,0,0,0,2026,0,.591,.---,0,0,.720,0.00,0.00,33,143,Philadelphia Phillies,13,0,1.93,1.93,0,.---,0
28,12,31,.258,0,8,39,0,0,0,.---,0,3,8,9.82,2,3,3,0,0,6,0.50,pitching,0,0,8,9.82,0,1,1.23,0,0,7.1,0,0,161,.410,.926,22,0,21.95,666201,Alek Manoah,9,11.05,0,0,0,0,2026,0,.516,.---,0,5,.540,0.63,6.14,87,108,Los Angeles Angels,16,1,9.82,2.18,0,.---,0
28,3,15,.400,0,1,18,0,0,1,1.000,0,2,4,9.82,1,1,1,0,0,4,1.33,pitching,1,1,6,14.73,0,2,4.91,1,0,3.2,0,0,72,.444,1.377,11,0,19.64,670912,Johan Oviedo,4,9.82,0,1,0,0,2026,0,.933,.000,0,3,.650,3.00,7.36,47,111,Boston Red Sox,14,0,2.45,1.91,1,.---,0
28,8,33,.333,0,4,38,1,0,0,.---,0,1,8,9.82,2,8,8,0,0,4,0.50,pitching,1,1,11,13.50,0,4,4.91,7,4,7.1,0,0,153,.421,1.148,22,0,20.86,681006,Josh Simpson,8,9.82,0,0,1,0,2026,0,.727,.---,0,10,.610,2.50,12.27,93,136,Seattle Mariners,24,0,4.91,2.05,0,.---,0
34,22,48,.396,0,6,56,0,0,0,.---,0,3,11,9.90,0,3,3,0,0,6,0.27,pitching,0,0,19,17.10,0,3,2.70,3,1,10.0,0,1,215,.446,1.092,30,0,21.50,608723,Austin Voth,12,10.80,0,2,0,0,2026,0,.646,.---,0,3,.580,0.50,2.70,125,142,Minnesota Twins,31,0,5.40,2.50,3,.000,0
27,16,50,.260,0,8,58,0,0,0,.---,0,3,14,9.95,1,4,4,2,1,8,0.50,pitching,0,0,13,9.24,0,6,4.26,0,0,12.2,0,2,246,.362,1.042,38,0,19.42,694341,Brendan Beck,14,9.95,0,0,0,0,2026,0,.680,.---,0,13,.590,1.63,9.24,145,147,New York Yankees,34,0,5.68,1.66,1,.000,0
26,3,17,.235,0,10,27,0,0,1,.250,0,0,6,10.13,2,4,4,0,1,3,1.00,pitching,0,0,4,6.75,0,2,3.38,2,2,5.1,0,0,122,.519,1.107,16,0,22.88,672021,Eric Cerantola,6,10.13,0,0,0,0,2026,0,.588,.750,3,7,.460,0.70,11.81,56,118,Kansas City Royals,10,0,16.88,2.63,1,.---,0
35,9,25,.360,0,1,26,0,0,0,.---,0,3,6,10.13,5,5,5,0,0,7,0.78,pitching,0,0,9,15.19,0,2,3.38,2,0,5.1,0,0,64,.385,1.105,16,0,12.00,623168,Tyler Heineman,6,10.13,0,0,0,0,2026,0,.720,.---,0,0,.730,0.00,0.00,47,108,Los Angeles Angels,18,0,1.69,1.88,0,.---,0
32,20,74,.324,0,11,88,0,0,0,.000,0,5,19,10.26,3,21,21,0,0,19,0.95,pitching,1,1,24,12.96,5,7,3.78,14,7,16.2,0,2,328,.414,1.090,50,0,19.68,607481,Aaron Bummer,21,11.34,1,1,0,0,2026,0,.676,1.000,4,13,.640,1.18,7.02,209,118,Kansas City Royals,50,0,5.94,2.10,0,.333,1
25,9,32,.344,0,3,35,0,0,0,.---,0,4,8,10.29,0,2,2,2,0,6,0.67,pitching,0,0,11,14.14,0,3,3.86,0,0,7.0,0,1,128,.400,1.150,21,0,18.29,687792,DJ Herz,8,10.29,0,0,0,0,2026,0,.750,.---,0,6,.660,2.00,7.71,84,120,Washington Nationals,24,0,3.86,2.00,2,.000,0
28,6,41,.390,0,3,45,0,0,0,.---,0,5,10,10.38,2,4,4,0,0,10,1.67,pitching,1,1,16,16.62,0,2,2.08,2,2,8.2,1,0,177,.444,1.103,26,0,20.42,663465,Kolby Allard,10,10.38,0,0,0,0,2026,0,.659,.---,0,9,.700,3.00,9.35,124,114,Cleveland Guardians,27,0,3.12,2.19,0,.---,0
36,8,21,.333,0,0,21,0,0,0,.---,0,1,5,10.38,1,3,3,0,1,4,0.50,pitching,0,0,7,14.54,0,2,4.15,0,0,4.1,0,0,94,.333,1.000,13,0,21.69,605154,John Brebbia,5,10.38,0,0,0,0,2026,0,.667,.---,0,2,.720,-.--,4.15,68,115,Colorado Rockies,14,0,0.00,1.62,0,.---,0
29,15,63,.413,0,6,69,0,0,0,.000,0,4,15,10.38,3,7,7,2,2,14,0.93,pitching,0,0,26,18.00,0,4,2.77,2,0,13.0,0,2,217,.464,1.131,39,0,16.69,663559,Bailey Falter,15,10.38,0,0,0,0,2026,0,.667,1.000,1,8,.630,1.33,5.54,137,144,Atlanta Braves,42,0,4.15,2.46,1,.000,0
26,6,13,.077,0,7,20,0,0,0,.000,0,0,5,10.38,0,4,4,1,1,2,0.33,pitching,0,0,1,2.08,0,0,0.00,3,0,4.1,0,1,93,.400,.477,13,0,21.46,688692,Jared Simpson,5,10.38,0,0,0,0,2026,0,.077,1.000,1,4,.520,0.57,8.31,48,120,Washington Nationals,1,0,14.54,1.85,1,.500,1
26,10,47,.383,0,2,50,0,0,0,.000,0,3,12,10.45,2,4,4,2,2,11,1.10,pitching,1,1,18,15.68,0,1,0.87,3,1,10.1,0,2,180,.420,.973,31,0,17.42,696136,Jordan Wicks,12,10.45,0,0,2,2,2026,0,.553,1.000,1,8,.660,4.00,6.97,118,112,Chicago Cubs,26,1,1.74,1.94,0,.000,0
29,15,40,.375,0,8,49,0,0,0,.---,0,2,11,10.61,9,9,9,0,2,10,0.67,pitching,0,0,15,14.46,0,4,3.86,5,0,9.1,0,0,159,.469,1.194,28,0,17.04,666126,Carlos Cortes,12,11.57,0,1,0,0,2026,0,.725,.---,0,1,.570,0.13,0.96,90,133,Athletics,29,0,7.71,2.46,1,.---,0
31,4,34,.265,0,10,46,2,0,2,.667,0,0,10,10.80,1,11,11,0,0,12,3.00,pitching,2,2,9,9.72,2,2,2.16,5,2,8.1,0,1,179,.457,.957,25,0,21.48,640454,Matt Krook,11,11.88,0,0,2,0,2026,0,.500,.333,1,9,.580,0.90,9.72,103,120,Washington Nationals,17,1,10.80,2.28,0,.000,0
30,8,20,.250,0,5,25,0,0,0,.---,0,0,6,10.80,3,7,7,0,0,3,0.38,pitching,0,0,5,9.00,0,2,3.60,0,0,5.0,0,0,111,.400,.950,15,0,22.20,656686,Corbin Martin,6,10.80,0,0,1,1,2026,0,.550,.---,0,4,.590,0.80,7.20,66,112,Chicago Cubs,11,0,9.00,2.00,1,.---,0
22,13,50,.340,0,5,57,0,0,0,.---,0,3,14,10.80,2,5,5,1,0,14,1.08,pitching,0,0,17,13.11,0,4,3.09,8,1,11.2,0,1,229,.386,1.026,35,0,19.63,699151,Jedixson Paez,14,10.80,0,2,0,0,2026,0,.640,.---,0,8,.630,1.60,6.17,145,111,Boston Red Sox,32,0,3.86,1.89,0,.500,1
26,6,38,.316,0,9,49,0,1,0,.---,0,4,10,10.80,0,3,3,3,0,9,1.50,pitching,1,1,12,12.96,0,1,1.08,0,0,8.1,0,2,225,.458,.958,25,0,27.00,681343,Shane Smith,12,12.96,0,0,0,0,2026,0,.500,.---,0,11,.610,1.22,11.88,138,145,Chicago White Sox,19,0,9.72,2.52,0,.000,0
25,3,8,.375,0,2,10,0,0,0,.---,0,1,2,10.80,0,1,1,0,0,1,0.33,pitching,0,0,3,16.20,0,0,0.00,0,0,1.2,0,0,43,.500,1.000,5,0,25.80,693713,Emiliano Teodo,2,10.80,0,0,0,0,2026,0,.500,.---,0,1,.630,0.50,5.40,27,140,Texas Rangers,4,0,10.80,3.00,1,.---,0
24,21,77,.390,0,7,89,0,0,0,.---,0,3,21,10.90,3,6,6,2,2,18,0.86,pitching,3,3,30,15.58,0,5,2.60,3,1,17.1,0,1,322,.449,1.098,52,0,18.58,695034,Kade Morris,21,10.90,0,2,0,0,2026,0,.649,.---,0,10,.620,1.43,5.19,199,133,Athletics,50,1,3.63,2.13,1,.000,0
24,11,31,.387,0,2,34,0,0,0,.---,0,3,9,11.05,0,2,2,1,1,4,0.36,pitching,0,0,12,14.73,0,4,4.91,0,0,7.1,0,0,125,.412,1.347,22,0,17.05,683155,Joey Estes,9,11.05,0,1,0,0,2026,0,.935,.---,0,5,.680,2.50,6.14,85,133,Athletics,29,1,2.45,1.91,0,.---,0
29,7,19,.421,0,0,19,0,0,0,.000,0,2,5,11.25,1,1,1,0,1,2,0.29,pitching,0,0,8,18.00,0,2,4.50,0,0,4.0,0,0,64,.421,1.263,12,0,16.00,669169,Jonathan Heasley,5,11.25,0,0,0,0,2026,0,.842,1.000,1,2,.730,-.--,4.50,47,139,Tampa Bay Rays,16,0,0.00,2.00,0,.---,0
36,4,19,.474,0,3,23,0,0,0,.---,0,2,5,11.25,4,4,4,0,2,7,1.75,pitching,0,0,9,20.25,0,1,2.25,1,1,4.0,0,0,63,.522,1.259,12,0,15.75,543510,James McCann,6,13.50,0,1,0,0,2026,0,.737,.---,0,0,.540,0.00,0.00,34,109,Arizona Diamondbacks,14,0,6.75,3.00,0,.---,0
29,9,31,.290,0,5,40,0,0,3,.600,0,2,11,11.42,2,8,8,0,1,8,0.89,pitching,3,3,9,9.35,0,2,2.08,9,3,8.2,0,1,157,.425,.973,26,0,18.12,680704,Nick Sandlin,11,11.42,0,1,0,0,2026,0,.548,.400,2,6,.540,1.20,6.23,85,108,Los Angeles Angels,17,0,5.19,1.62,0,.000,0
23,13,47,.319,0,13,60,0,0,0,.000,0,2,14,11.45,0,6,6,0,1,6,0.46,pitching,0,0,15,12.27,0,5,4.09,2,0,11.0,0,0,250,.467,1.148,33,0,22.73,691384,Luis Perales,14,11.45,0,0,0,0,2026,0,.681,1.000,1,13,.610,1.00,10.64,153,120,Washington Nationals,32,0,10.64,2.55,1,.---,0
35,10,36,.389,1,1,38,0,0,1,.333,0,1,10,11.74,2,9,9,0,0,7,0.70,pitching,1,1,14,16.43,1,3,3.52,7,5,7.2,0,0,134,.421,1.088,23,0,17.48,606965,Chris Devenski,10,11.74,0,0,0,0,2026,0,.667,.667,2,5,.660,5.00,5.87,88,121,New York Mets,24,0,1.17,1.96,1,.---,0
30,3,14,.429,0,2,18,0,0,0,.---,0,0,4,12.00,0,1,1,0,1,5,1.67,pitching,1,1,6,18.00,0,1,3.00,0,0,3.0,0,0,77,.500,1.143,9,0,25.67,676596,Josh Fleming,4,12.00,0,1,0,0,2026,0,.643,.---,0,1,.580,0.50,3.00,45,141,Toronto Blue Jays,9,0,6.00,2.67,0,.---,0
32,7,28,.429,0,4,32,0,0,1,.333,0,5,8,12.00,0,5,5,1,0,5,0.71,pitching,0,0,12,18.00,0,2,3.00,5,2,6.0,0,0,134,.500,1.321,18,0,22.33,656457,Tyler Gilbert,8,12.00,0,0,0,0,2026,0,.821,.667,2,4,.630,1.00,6.00,84,145,Chicago White Sox,23,0,6.00,2.67,0,.---,0
24,0,6,.333,0,3,9,0,0,0,.---,0,0,2,13.50,1,2,2,0,0,3,3.00,pitching,0,0,2,13.50,0,0,0.00,0,0,1.1,0,0,35,.556,.889,4,0,26.25,679922,Carlos Duran,2,13.50,0,0,0,0,2026,0,.333,.---,0,1,.460,0.33,6.75,16,118,Kansas City Royals,2,0,20.25,3.75,1,1.000,1
30,4,9,.333,0,1,10,0,0,0,.---,0,0,3,13.50,2,2,2,0,0,2,0.50,pitching,0,0,3,13.50,0,2,9.00,0,0,2.0,0,0,26,.400,1.400,6,0,13.00,656577,Alex Jackson,3,13.50,0,0,0,0,2026,0,1.000,.---,0,0,.580,0.00,0.00,15,142,Minnesota Twins,9,0,4.50,2.00,0,.---,0
28,3,10,.500,0,0,10,0,0,0,.---,0,2,3,13.50,2,2,2,0,1,2,0.67,pitching,0,0,5,22.50,0,0,0.00,0,0,2.0,0,0,28,.500,1.200,6,0,14.00,683766,Christian Koss,3,13.50,0,0,0,0,2026,0,.700,.---,0,0,.610,-.--,0.00,17,137,San Francisco Giants,7,0,0.00,2.50,0,.---,0
33,1,17,.412,0,6,24,1,0,0,.000,0,1,5,13.50,1,5,5,0,0,5,5.00,pitching,1,1,7,18.90,1,1,2.70,4,2,3.1,0,1,111,.583,1.230,10,0,33.30,664192,Joey Lucchesi,6,16.20,0,0,1,0,2026,0,.647,1.000,1,4,.550,0.67,10.80,61,108,Los Angeles Angels,11,0,16.20,3.90,0,.000,0
23,19,74,.365,1,14,90,0,0,0,.000,0,6,24,13.50,2,5,5,2,3,16,0.84,pitching,1,1,27,15.19,0,7,3.94,4,4,16.0,0,2,346,.467,1.197,48,0,21.63,806960,Luis Morales,26,14.63,0,1,0,0,2026,0,.730,1.000,3,13,.600,0.93,7.31,206,133,Athletics,54,0,7.88,2.56,1,.000,0
26,1,11,.455,0,1,12,0,0,0,.000,0,0,3,13.50,0,1,1,0,0,2,2.00,pitching,0,0,5,22.50,0,1,4.50,0,0,2.0,0,0,49,.500,1.227,6,0,24.50,691548,Rolddy Muñoz,3,13.50,0,0,0,0,2026,0,.727,1.000,2,3,.610,3.00,13.50,30,144,Atlanta Braves,8,0,4.50,3.00,0,.---,0
26,1,12,.167,0,3,16,0,0,0,.---,0,0,5,13.50,1,3,3,1,0,5,5.00,pitching,1,1,2,5.40,0,2,5.40,1,0,3.1,0,1,68,.375,1.042,10,0,20.40,680689,Lyon Richardson,5,13.50,0,0,0,0,2026,0,.667,.---,0,4,.510,1.33,10.80,35,158,Milwaukee Brewers,8,0,8.10,1.50,0,.000,0
37,5,21,.429,0,1,23,0,0,0,.---,0,2,6,13.50,4,4,4,0,0,7,1.40,pitching,1,1,9,20.25,0,2,4.50,0,0,4.0,0,0,53,.478,1.288,12,0,13.25,500743,Miguel Rojas,6,13.50,0,0,0,0,2026,0,.810,.---,0,0,.620,0.00,0.00,33,119,Los Angeles Dodgers,17,0,2.25,2.50,0,.---,0
23,11,24,.458,0,1,27,0,0,0,.---,0,3,7,13.50,5,5,5,0,0,2,0.18,pitching,1,1,11,21.21,0,2,3.86,1,1,4.2,0,0,73,.481,1.314,14,0,15.64,691594,Javier Sanoja,7,13.50,0,1,0,0,2026,0,.833,.---,0,1,.640,1.00,1.93,47,146,Miami Marlins,20,0,1.93,2.57,0,.---,0
25,7,23,.478,0,1,27,0,0,0,.---,0,3,6,13.50,4,4,4,0,1,5,0.71,pitching,3,3,11,24.75,0,1,2.25,4,4,4.0,0,0,54,.556,1.295,12,0,13.50,678391,Jorbit Vivas,7,15.75,0,0,0,0,2026,0,.739,.---,0,0,.590,0.00,0.00,32,120,Washington Nationals,17,0,2.25,3.00,0,.---,0
30,6,15,.333,0,3,20,0,0,0,.000,0,1,6,14.73,1,2,2,0,1,3,0.50,pitching,2,2,5,12.27,0,1,2.45,0,0,3.2,0,0,81,.500,1.100,11,0,22.09,681806,Andrew Wantz,6,14.73,0,0,0,0,2026,0,.600,1.000,1,1,.640,0.33,2.45,52,112,Chicago Cubs,9,0,7.36,2.18,0,.---,0
33,12,47,.468,0,1,49,0,0,0,.---,0,4,15,15.00,7,7,7,0,2,10,0.83,pitching,1,1,22,22.00,0,3,3.00,0,0,9.0,0,0,127,.490,1.235,27,0,14.11,624431,Jose Trevino,15,15.00,0,0,0,0,2026,0,.745,.---,0,3,.640,3.00,3.00,81,113,Cincinnati Reds,35,0,1.00,2.56,0,.---,0
34,7,27,.370,0,7,36,0,0,0,.000,0,1,10,15.00,1,5,5,0,0,4,0.57,pitching,1,1,10,15.00,0,1,1.50,1,0,6.0,0,0,144,.500,1.093,18,0,24.00,642152,Lou Trivino III,10,15.00,0,1,0,0,2026,0,.593,1.000,1,7,.560,1.00,10.50,80,143,Philadelphia Phillies,16,1,10.50,2.83,1,.---,0
27,9,34,.412,0,6,40,1,0,1,1.000,0,4,11,15.63,2,5,5,0,0,7,0.78,pitching,0,0,14,19.89,1,2,2.84,1,1,6.1,0,1,170,.500,1.206,19,1,26.84,676568,Ricky Vanasco,12,17.05,0,0,1,0,2026,0,.706,.000,0,4,.600,0.67,5.68,102,116,Detroit Tigers,24,0,8.53,3.16,1,.000,0
26,4,19,.368,0,6,25,0,0,0,.---,0,2,7,15.75,0,3,3,0,0,2,0.50,pitching,0,0,7,15.75,0,3,6.75,3,1,4.0,0,0,112,.520,1.467,12,0,28.00,682610,Roddery Muñoz,7,15.75,0,0,0,0,2026,0,.947,.---,0,6,.540,1.00,13.50,61,117,Houston Astros,18,0,13.50,3.25,2,.---,0
31,1,9,.444,0,1,10,0,0,0,.000,0,1,3,16.20,1,2,2,0,0,1,1.00,pitching,0,0,4,21.60,0,1,5.40,0,0,1.2,0,0,37,.500,1.389,5,0,22.20,642585,Félix Bautista,3,16.20,0,0,0,0,2026,0,.889,1.000,2,3,.680,3.00,16.20,25,110,Baltimore Orioles,8,0,5.40,3.00,0,.---,0
33,6,26,.462,0,6,32,1,0,1,.250,0,1,9,16.20,2,5,5,0,0,2,0.33,pitching,0,0,12,21.60,0,1,1.80,6,3,5.0,0,0,121,.563,1.332,15,0,24.20,547184,Michael Kelly,9,16.20,0,0,1,0,2026,0,.769,.750,3,6,.650,1.00,10.80,79,133,Athletics,20,2,10.80,3.60,0,.---,0
26,17,66,.379,0,11,78,0,0,0,.---,0,4,23,16.34,4,8,8,0,0,10,0.59,pitching,1,1,25,17.76,0,6,4.26,7,3,12.2,0,0,294,.474,1.216,38,0,23.21,814305,Yunior Tur,27,19.18,0,0,0,0,2026,0,.742,.---,0,14,.590,1.27,9.95,174,133,Athletics,49,1,7.82,2.84,2,.---,0
25,8,29,.414,0,5,34,0,0,0,.---,0,3,11,16.50,3,5,5,0,0,3,0.38,pitching,0,0,12,18.00,0,2,3.00,2,2,6.0,0,0,146,.500,1.293,18,0,24.33,700270,Yilber Díaz,11,16.50,0,0,0,0,2026,0,.793,.---,0,6,.620,1.20,9.00,90,116,Detroit Tigers,23,1,7.50,2.83,0,.---,0
32,1,12,.333,0,3,15,0,0,0,.---,0,1,5,16.88,0,1,1,0,0,2,2.00,pitching,0,0,4,13.50,0,1,3.38,0,0,2.2,0,0,63,.467,1.134,8,0,23.63,664062,Tony Gonsolin,5,16.88,0,0,0,0,2026,0,.667,.---,0,5,.560,1.67,16.88,35,118,Kansas City Royals,8,0,10.13,2.63,0,.---,0
24,1,6,.500,0,1,7,0,0,0,.---,0,1,2,18.00,1,1,1,0,0,0,0.00,pitching,0,0,3,27.00,0,1,9.00,0,0,1.0,0,0,34,.571,1.738,3,0,34.00,529017,Alexander Cornielle,2,18.00,0,0,0,0,2026,0,1.167,.---,0,2,.620,2.00,18.00,21,147,New York Yankees,7,0,9.00,4.00,0,.---,0
34,1,12,.583,0,2,14,0,0,0,.---,0,1,4,18.00,3,3,3,0,1,4,4.00,pitching,0,0,7,31.50,0,1,4.50,4,2,2.0,0,0,45,.643,1.560,6,0,22.50,624428,Adam Frazier,4,18.00,0,0,0,0,2026,0,.917,.---,0,0,.560,0.00,0.00,25,108,Los Angeles Angels,11,0,9.00,4.50,0,.---,0
31,4,9,.333,0,5,15,0,0,0,.---,0,0,4,18.00,1,2,2,0,0,2,0.50,pitching,1,1,3,13.50,0,1,4.50,0,0,2.0,0,0,59,.600,1.267,6,0,29.50,656716,Zach McKinstry,4,18.00,0,0,0,0,2026,0,.667,.---,0,0,.470,0.00,0.00,28,116,Detroit Tigers,6,0,22.50,4.00,0,.---,0
31,1,5,.600,0,1,6,0,0,0,.---,0,1,2,18.00,1,1,1,0,1,1,1.00,pitching,0,0,3,27.00,0,1,9.00,0,0,1.0,0,0,16,.667,2.067,3,0,16.00,644433,Chadwick Tromp,2,18.00,0,0,0,0,2026,0,1.400,.---,0,0,.500,0.00,0.00,8,110,Baltimore Orioles,7,0,9.00,4.00,0,.---,0
32,2,6,.500,0,0,6,0,0,0,.---,0,1,2,18.00,1,1,1,0,0,1,0.50,pitching,0,0,3,27.00,0,1,9.00,0,0,1.0,0,0,11,.500,1.667,3,0,11.00,664774,LaMonte Wade Jr.,2,18.00,0,0,0,0,2026,0,1.167,.---,0,0,.730,-.--,0.00,8,117,Houston Astros,7,0,0.00,3.00,0,.---,0
31,7,20,.550,0,0,21,0,0,0,.---,0,0,7,18.90,4,4,4,0,1,3,0.43,pitching,0,0,11,29.70,0,2,5.40,2,1,3.1,0,0,60,.524,1.374,10,0,18.00,642215,Weston Wilson,7,18.90,0,1,0,0,2026,0,.850,.---,0,0,.700,-.--,0.00,42,136,Seattle Mariners,17,0,0.00,3.30,0,.---,0
23,7,23,.478,0,4,28,0,0,0,.---,0,5,10,20.77,1,2,2,0,0,2,0.29,pitching,0,0,11,22.85,0,2,4.15,0,0,4.1,1,1,104,.556,1.599,13,0,24.00,692030,Jose Corniell,10,20.77,1,0,0,0,2026,0,1.043,.---,0,4,.600,1.00,8.31,62,140,Texas Rangers,24,1,8.31,3.46,0,.000,0
36,6,14,.571,0,1,18,0,0,0,.---,0,4,7,21.00,3,3,3,0,1,2,0.33,pitching,1,1,8,24.00,0,1,3.00,0,0,3.0,0,0,51,.556,1.627,9,0,17.00,543309,Kyle Higashioka,7,21.00,0,2,0,0,2026,0,1.071,.---,0,0,.550,0.00,0.00,28,140,Texas Rangers,15,0,3.00,3.00,0,.---,0
28,11,46,.413,0,9,56,0,0,0,.---,0,3,22,21.21,1,3,3,1,0,11,1.00,pitching,0,0,19,18.32,0,3,2.89,1,0,9.1,0,2,200,.500,1.217,28,0,21.43,687765,Mitch Spence,22,21.21,0,1,0,0,2026,0,.717,.---,0,6,.600,0.67,5.79,119,118,Kansas City Royals,33,1,8.68,3.00,0,.000,0
28,1,12,.500,0,4,16,0,0,0,.---,0,1,5,22.50,1,3,3,0,0,0,0.00,pitching,0,0,6,27.00,0,2,9.00,0,0,2.0,0,0,63,.625,1.708,6,0,31.50,676130,José Buttó,5,22.50,0,0,0,0,2026,0,1.083,.---,0,5,.480,1.25,22.50,30,137,San Francisco Giants,13,0,18.00,5.00,0,.---,0
25,3,11,.455,0,4,15,0,0,0,.---,0,1,5,22.50,0,2,2,0,0,2,0.67,pitching,0,0,5,22.50,0,0,0.00,0,0,2.0,0,0,61,.600,1.145,6,0,30.50,678576,Wilkin Ramos,5,22.50,0,0,0,0,2026,0,.545,.---,0,1,.590,0.25,4.50,36,137,San Francisco Giants,6,0,18.00,4.50,0,.---,0
27,5,12,.583,0,2,16,0,0,0,.---,0,1,5,22.50,2,2,2,0,0,1,0.20,pitching,1,1,7,31.50,0,1,4.50,0,0,2.0,0,0,45,.625,1.542,6,0,22.50,686894,Joey Wiemer,5,22.50,0,1,0,0,2026,0,.917,.---,0,0,.560,0.00,0.00,25,120,Washington Nationals,11,0,9.00,4.50,1,.---,0
28,3,29,.586,0,3,33,0,0,0,.---,0,1,13,25.07,5,5,5,0,2,9,3.00,pitching,1,1,17,32.79,0,4,7.71,0,0,4.2,0,0,106,.636,1.670,14,0,22.71,686475,Tyler Tolbert,13,25.07,0,0,0,0,2026,0,1.034,.---,0,0,.570,0.00,0.00,60,118,Kansas City Royals,30,0,5.79,4.29,0,.---,0
28,7,18,.500,0,1,19,0,0,0,.---,0,2,9,27.00,2,2,2,0,0,2,0.29,pitching,0,0,9,27.00,0,2,6.00,0,0,3.0,0,0,45,.526,1.470,9,0,15.00,660710,Rodolfo Durán,9,27.00,0,0,0,0,2026,0,.944,.---,0,0,.690,0.00,0.00,31,135,San Diego Padres,17,0,3.00,3.33,0,.---,0
28,0,2,.500,0,0,2,0,0,0,.---,0,0,1,27.00,1,1,1,0,0,0,-.--,pitching,0,0,1,27.00,0,1,27.00,2,2,0.1,0,0,8,.500,2.500,1,0,24.00,686747,Joe La Sorsa,1,27.00,0,0,0,0,2026,0,2.000,.---,0,1,.630,-.--,27.00,5,111,Boston Red Sox,4,0,0.00,3.00,0,.---,0
23,0,1,.000,0,3,5,0,0,0,.---,0,0,1,27.00,0,1,1,0,0,1,1.00,pitching,1,1,0,0.00,0,0,0.00,0,0,0.1,0,0,25,.800,.800,1,0,75.00,701780,Tanner McDougal,1,27.00,0,0,0,0,2026,0,.000,.---,0,0,.320,0.00,0.00,8,145,Chicago White Sox,0,0,81.00,9.00,0,.---,0
24,1,12,.417,0,1,14,0,0,0,.---,0,0,7,27.00,1,3,3,0,0,3,3.00,pitching,1,1,5,19.29,1,1,3.86,0,0,2.1,0,0,59,.500,1.333,7,0,25.29,684516,Hancel Rincon,7,27.00,0,0,0,0,2026,0,.833,.---,0,3,.580,3.00,11.57,34,138,St. Louis Cardinals,10,1,3.86,2.57,1,.---,0
29,3,8,.625,0,1,9,0,0,0,.---,0,0,3,27.00,1,1,1,0,0,0,0.00,pitching,0,0,5,45.00,0,0,0.00,0,0,1.0,0,0,26,.667,1.292,3,0,26.00,645302,Victor Robles,3,27.00,0,0,0,0,2026,0,.625,.---,0,0,.650,0.00,0.00,17,136,Seattle Mariners,5,0,9.00,6.00,0,.---,0
28,4,20,.600,0,5,26,0,0,0,.---,0,0,10,30.00,2,2,2,0,1,3,0.75,pitching,1,1,12,36.00,0,4,12.00,0,0,3.0,0,0,84,.692,1.892,9,0,28.00,683734,Andrew Vaughn,10,30.00,0,0,0,0,2026,0,1.200,.---,0,1,.480,0.20,3.00,40,158,Milwaukee Brewers,24,0,15.00,5.67,0,.---,0
31,2,11,.455,0,4,15,0,0,0,.---,0,3,7,31.50,0,1,1,0,0,2,1.00,pitching,0,0,5,22.50,0,1,4.50,0,0,2.0,0,1,52,.600,1.600,6,0,26.00,676910,Matt Seelinger,7,31.50,0,0,0,0,2026,0,1.000,.---,0,2,.600,0.50,9.00,31,121,New York Mets,11,0,18.00,4.50,0,.000,0
31,2,5,.400,0,2,8,0,0,0,.---,0,1,4,36.00,0,1,1,0,0,1,0.50,pitching,1,1,2,18.00,0,0,0.00,0,0,1.0,0,0,40,.625,1.225,3,0,40.00,641386,Ben Bowden,4,36.00,0,0,0,0,2026,0,.600,.---,0,0,.480,0.00,0.00,19,133,Athletics,3,0,18.00,4.00,1,.---,0
27,2,6,.667,0,2,9,0,0,0,.---,0,2,4,36.00,1,1,1,0,0,1,0.50,pitching,0,0,4,36.00,0,0,0.00,0,0,1.0,0,0,39,.667,1.667,3,0,39.00,671083,Buddy Kennedy,4,36.00,0,1,0,0,2026,0,1.000,.---,0,0,.540,0.00,0.00,21,137,San Francisco Giants,6,0,18.00,6.00,1,.---,0
25,1,7,.714,0,2,9,0,0,0,.---,0,1,5,45.00,0,1,1,0,1,1,1.00,pitching,0,0,5,45.00,0,1,9.00,0,0,1.0,0,0,37,.778,2.064,3,0,37.00,687060,Blake Adams,5,45.00,0,0,0,0,2026,0,1.286,.---,0,0,.590,0.00,0.00,22,115,Colorado Rockies,9,0,18.00,7.00,0,.---,0
27,0,10,.600,0,2,12,0,0,0,.000,0,1,7,47.25,0,1,1,0,0,2,2.00,pitching,0,0,6,40.50,0,0,0.00,0,0,1.1,0,0,44,.667,1.567,4,0,33.00,671131,Jackson Rutledge,7,47.25,0,0,0,0,2026,0,.900,1.000,1,2,.680,1.00,13.50,30,120,Washington Nationals,9,1,13.50,6.00,0,.---,0
30,1,4,.750,0,0,4,0,0,0,.---,0,0,2,54.00,0,1,1,0,0,0,0.00,pitching,0,0,3,81.00,0,1,27.00,3,3,0.1,0,0,16,.750,2.250,1,0,48.00,640902,Jhonny Pereda,2,54.00,0,0,0,0,2026,0,1.500,.---,0,0,.630,-.--,0.00,10,136,Seattle Mariners,6,0,0.00,9.00,0,.---,0
28,3,11,.818,0,1,13,0,0,0,.---,0,1,7,63.00,1,1,1,0,0,0,0.00,pitching,0,0,9,81.00,0,1,9.00,0,0,1.0,0,0,31,.769,1.951,3,0,31.00,660844,Leo Rivas,9,81.00,0,1,0,0,2026,0,1.182,.---,0,0,.550,0.00,0.00,17,136,Seattle Mariners,13,0,9.00,10.00,0,.---,0
29,2,4,.750,0,3,8,0,0,0,.---,0,0,5,67.50,1,1,1,0,0,0,0.00,pitching,0,0,3,40.50,0,2,27.00,1,1,0.2,0,0,28,.750,3.000,2,0,42.00,655316,Andruw Monasterio,5,67.50,0,1,0,0,2026,0,2.250,.---,0,0,.390,0.00,0.00,11,111,Boston Red Sox,9,0,40.50,9.00,0,.---,0
25,1,3,.333,0,4,8,0,0,0,.---,0,0,5,67.50,0,1,1,0,0,0,0.00,pitching,1,1,1,13.50,0,1,13.50,0,0,0.2,0,0,43,.750,2.083,2,0,64.50,687985,Josh White,5,67.50,0,0,0,0,2026,0,1.333,.---,0,1,.470,0.25,13.50,20,146,Miami Marlins,4,0,54.00,7.50,0,.---,0
36,1,2,.500,0,2,4,1,0,0,.---,0,0,3,81.00,1,1,1,0,0,0,0.00,pitching,0,0,1,27.00,0,1,27.00,0,0,0.1,0,1,17,.750,2.750,1,0,51.00,605156,Aaron Brooks,4,108.00,0,0,1,0,2026,0,2.000,.---,0,0,.410,0.00,0.00,7,139,Tampa Bay Rays,4,0,54.00,9.00,0,.000,0
31,0,4,.750,0,1,6,0,0,0,.---,0,1,4,108.00,0,1,1,0,0,0,-.--,pitching,1,1,3,81.00,0,0,0.00,0,0,0.1,1,0,21,.833,1.833,1,0,63.00,628708,Yunior Marte,4,108.00,0,0,0,0,2026,0,1.000,.---,0,1,.670,1.00,27.00,14,113,Cincinnati Reds,4,0,27.00,12.00,0,.---,0
33,1,5,.800,0,2,7,1,0,0,.---,0,0,6,162.00,1,1,1,0,0,0,0.00,pitching,0,0,4,108.00,0,1,27.00,0,0,0.1,0,1,27,.857,2.257,1,0,81.00,608032,Carlos Estévez,6,162.00,0,0,1,0,2026,0,1.400,.---,0,0,.440,0.00,0.00,12,118,Kansas City Royals,7,0,54.00,18.00,0,.000,0
