age,airOuts,atBats,atBatsPerHomeRun,avg,babip,baseOnBalls,catchersInterference,caughtStealing,caughtStealingPercentage,doubles,gamesPlayed,groundIntoDoublePlay,groundOuts,groundOutsToAirouts,group,hitByPitch,hits,homeRuns,intentionalWalks,leftOnBase,numberOfPitches,obp,ops,plateAppearances,player_id,player_name,rbi,runs,sacBunts,sacFlies,season,slg,stolenBasePercentage,stolenBases,strikeOuts,team_id,team_name,totalBases,triples
29,0,1,-.--,1.000,1.000,0,0,0,.---,0,4,0,0,-.--,hitting,0,1,0,0,0,1,1.000,2.000,1,680577,DaShawn Keirsey Jr.,0,3,0,0,2026,1.000,.---,0,0,144,Atlanta Braves,1,0
25,0,1,-.--,1.000,1.000,0,0,0,.---,0,30,0,0,-.--,hitting,0,1,0,0,0,3,1.000,2.000,1,682989,Victor Mederos,2,0,0,0,2026,1.000,.---,0,0,144,Atlanta Braves,1,0
26,0,2,-.--,.500,1.000,0,0,0,.000,0,4,0,1,1.00,hitting,1,1,0,0,0,13,.667,1.167,4,678225,Jihwan Bae,0,1,1,0,2026,.500,1.000,1,1,158,Milwaukee Brewers,1,0
26,0,2,-.--,.500,1.000,0,0,0,.---,1,1,0,0,-.--,hitting,0,1,0,0,0,7,.500,1.500,2,665856,Jair Camargo,0,1,0,0,2026,1.000,.---,0,1,144,Atlanta Braves,2,0
32,0,6,-.--,.500,.750,0,0,0,.---,0,3,0,1,1.00,hitting,0,3,0,0,0,24,.500,1.000,6,605353,Vimael Machín,0,0,0,0,2026,.500,.---,0,2,115,Colorado Rockies,3,0
23,2,16,-.--,.375,.500,1,0,0,.000,0,5,0,4,2.00,hitting,0,6,0,0,2,65,.389,.764,18,815589,Bo Davidson,1,2,0,1,2026,.375,1.000,1,5,137,San Francisco Giants,6,0
29,0,8,-.--,.375,.750,2,0,0,.000,0,17,0,1,1.00,hitting,0,3,0,0,8,37,.500,1.125,10,681909,Justin Dean,3,3,0,0,2026,.625,1.000,1,4,112,Chicago Cubs,5,1
23,10,67,67.00,.373,.429,2,0,1,1.000,7,20,4,22,2.20,hitting,1,25,1,0,24,251,.400,.922,70,811965,Joshua Kuroda-Grauer,4,8,0,0,2026,.522,.000,0,10,133,Athletics,35,0
28,4,11,-.--,.364,.500,0,0,0,.---,1,4,0,0,0.00,hitting,0,4,0,0,4,50,.333,.788,12,672569,Gustavo Campero,2,0,0,1,2026,.455,.---,0,4,108,Los Angeles Angels,5,0
21,10,34,34.00,.353,.393,5,0,0,.000,2,14,0,7,0.70,hitting,0,12,1,0,11,121,.425,.925,40,703197,Michael Arroyo,4,5,0,1,2026,.500,1.000,2,6,136,Seattle Mariners,17,0
30,2,17,-.--,.353,.462,1,0,0,.000,2,11,0,5,2.50,hitting,0,6,0,0,10,69,.389,.860,18,640492,José Azócar,0,2,0,0,2026,.471,1.000,1,4,144,Atlanta Braves,8,0
30,4,26,-.--,.346,.450,2,0,0,.---,1,18,0,7,1.75,hitting,0,9,0,0,13,121,.393,.778,28,683021,Michael Stefanic,4,3,0,0,2026,.385,.---,0,6,133,Athletics,10,0
26,21,125,17.86,.344,.414,6,1,0,.---,14,41,4,30,1.43,hitting,2,43,7,0,64,524,.383,1.007,134,680664,Eduardo Valencia,20,24,0,0,2026,.624,.---,0,31,116,Detroit Tigers,78,0
25,4,27,-.--,.333,.450,1,0,0,.---,4,9,1,7,1.75,hitting,0,9,0,0,11,97,.357,.838,28,672012,Tyler Black,7,2,0,0,2026,.481,.---,0,7,158,Milwaukee Brewers,13,0
24,1,3,-.--,.333,.500,0,0,0,.---,0,5,0,0,0.00,hitting,0,1,0,0,2,12,.333,.666,3,683079,Omar Martinez,0,0,0,0,2026,.333,.---,0,1,108,Los Angeles Angels,1,0
24,25,154,77.00,.325,.403,18,0,0,.000,7,40,0,48,1.92,hitting,2,50,2,0,56,706,.400,.822,177,703520,Brett Bateman,11,27,2,1,2026,.422,1.000,3,34,141,Toronto Blue Jays,65,1
21,7,31,31.00,.323,.360,11,0,1,.500,3,11,1,9,1.29,hitting,0,10,1,0,19,170,.500,1.081,42,800543,Josue De Paula,7,7,0,0,2026,.581,.500,1,5,119,Los Angeles Dodgers,18,1
29,176,563,13.40,.316,.334,109,0,0,.000,34,157,7,95,0.54,hitting,10,178,42,33,172,2610,.432,1.036,687,670541,Yordan Alvarez,105,104,0,5,2026,.604,1.000,1,119,117,Houston Astros,340,1
27,24,149,74.50,.315,.433,18,0,3,.200,4,46,2,38,1.58,hitting,1,47,2,0,56,676,.391,.800,172,669392,Samad Taylor,18,26,3,1,2026,.409,.800,12,44,135,San Diego Padres,61,2
26,133,473,29.56,.311,.339,61,0,4,.400,33,130,9,123,0.92,hitting,5,147,16,0,195,2389,.388,.874,549,672515,Gabriel Moreno,83,72,0,10,2026,.486,.600,6,80,109,Arizona Diamondbacks,230,1
29,236,596,99.33,.310,.311,34,0,1,.091,33,151,15,167,0.71,hitting,5,185,6,4,211,2448,.345,.764,655,650333,Luis Arraez,64,67,6,14,2026,.419,.909,10,28,143,Philadelphia Phillies,250,7
34,3,13,-.--,.308,.364,0,0,0,.---,0,5,1,4,1.33,hitting,0,4,0,0,8,49,.286,.748,14,641820,Trey Mancini,4,1,0,1,2026,.462,.---,0,3,108,Los Angeles Angels,6,1
25,140,571,-.--,.306,.331,26,0,14,.233,16,151,6,223,1.59,hitting,0,175,0,1,211,1949,.333,.689,612,802415,Chandler Simpson,38,66,9,6,2026,.356,.767,46,48,139,Tampa Bay Rays,203,6
28,77,288,48.00,.306,.355,35,0,0,.---,18,104,9,72,0.94,hitting,6,88,6,1,157,1356,.390,.834,331,683734,Andrew Vaughn,43,33,0,2,2026,.444,.---,0,53,158,Milwaukee Brewers,128,2
27,166,627,57.00,.305,.335,40,0,5,.128,32,157,14,192,1.16,hitting,9,191,11,1,240,2519,.349,.786,687,672640,Otto Lopez,71,94,0,11,2026,.437,.872,34,89,146,Miami Marlins,274,9
30,11,69,69.00,.304,.455,2,0,0,.---,4,33,0,13,1.18,hitting,2,21,1,0,25,272,.342,.748,73,656577,Alex Jackson,5,12,0,0,2026,.406,.---,0,24,142,Minnesota Twins,28,0
27,53,261,65.25,.303,.385,19,2,3,.231,13,93,5,69,1.30,hitting,4,79,4,1,92,1106,.358,.772,289,677942,Blaze Alexander,31,35,2,1,2026,.414,.769,10,63,110,Baltimore Orioles,108,2
26,64,298,99.33,.302,.373,32,0,0,.000,15,97,2,84,1.31,hitting,3,90,3,0,117,1204,.375,.764,335,685133,Wade Meckler,27,43,2,0,2026,.389,1.000,8,62,108,Los Angeles Angels,116,1
27,124,547,91.17,.302,.359,43,0,3,.300,27,147,15,160,1.29,hitting,13,165,6,0,233,2207,.366,.754,604,693304,Nick Gonzales,61,71,0,1,2026,.388,.700,7,99,134,Pittsburgh Pirates,212,1
26,155,547,34.19,.300,.331,72,0,0,.---,30,155,5,144,0.93,hitting,10,164,16,0,206,2396,.390,.843,631,681198,TJ Rumfield,73,67,0,2,2026,.453,.---,0,86,115,Colorado Rockies,248,3
28,104,398,33.17,.299,.346,35,0,1,.500,27,104,18,98,0.94,hitting,8,119,12,0,154,1626,.365,.827,444,673962,Josh Jung,42,54,0,3,2026,.462,.500,1,80,140,Texas Rangers,184,1
23,156,457,41.54,.298,.306,27,0,5,.313,32,143,8,128,0.82,hitting,0,136,11,2,198,1647,.336,.798,486,691594,Javier Sanoja,69,50,1,1,2026,.462,.688,11,39,146,Miami Marlins,211,5
25,145,591,22.73,.294,.330,23,0,3,.200,36,155,3,158,1.09,hitting,2,174,26,1,208,2198,.321,.812,621,671739,Michael Harris II,87,79,2,3,2026,.491,.800,12,119,144,Atlanta Braves,290,1
28,33,126,42.00,.294,.358,12,0,4,.154,5,79,3,32,0.97,hitting,1,37,3,0,66,509,.357,.762,144,686475,Tyler Tolbert,8,32,4,1,2026,.405,.846,22,29,118,Kansas City Royals,51,0
31,112,436,20.76,.294,.340,36,1,1,.500,24,132,11,96,0.86,hitting,14,128,21,1,180,1964,.360,.862,495,664034,Ty France,71,57,0,8,2026,.502,.500,1,108,135,San Diego Padres,219,2
34,147,614,27.91,.293,.316,56,0,1,.250,26,154,15,195,1.33,hitting,10,180,22,6,195,2551,.359,.805,686,650490,Yandy Díaz,85,93,0,6,2026,.446,.750,3,98,139,Tampa Bay Rays,274,1
28,147,544,36.27,.292,.328,30,1,6,.158,30,146,9,152,1.03,hitting,8,159,15,1,173,1943,.336,.814,592,664983,Jake McCarthy,83,80,4,5,2026,.478,.842,32,95,115,Colorado Rockies,260,13
26,21,79,79.00,.291,.324,12,0,0,.---,5,32,1,26,1.24,hitting,0,23,1,0,34,340,.376,.768,94,702176,Alan Roden,14,7,1,2,2026,.392,.---,0,12,142,Minnesota Twins,31,0
29,9,31,-.--,.290,.360,3,0,0,.---,0,12,1,7,0.78,hitting,0,9,0,0,12,130,.343,.633,35,650391,Eloy Jiménez,3,2,0,1,2026,.290,.---,0,7,141,Toronto Blue Jays,9,0
36,145,576,36.00,.290,.334,66,0,0,.000,32,152,22,156,1.08,hitting,5,167,16,3,266,2706,.364,.796,654,518692,Freddie Freeman,70,74,0,7,2026,.432,1.000,7,115,119,Los Angeles Dodgers,249,1
27,142,626,25.04,.289,.327,64,0,13,.255,32,159,15,180,1.27,hitting,7,181,25,6,168,2536,.358,.828,704,665487,Fernando Tatis Jr.,83,96,1,6,2026,.470,.745,38,130,135,San Diego Padres,294,3
26,37,128,-.--,.289,.333,11,0,1,.091,4,44,0,39,1.05,hitting,3,37,0,0,57,516,.352,.735,147,687957,Dustin Harris,19,22,2,3,2026,.383,.909,10,20,135,San Diego Padres,49,4
22,123,518,20.72,.288,.343,47,0,5,.179,27,126,7,114,0.93,hitting,2,149,25,5,211,2181,.348,.833,569,694192,Jackson Chourio,73,94,0,2,2026,.485,.821,23,134,158,Milwaukee Brewers,251,0
23,98,508,22.09,.287,.359,33,0,2,.222,31,142,5,122,1.24,hitting,7,146,23,2,215,1950,.339,.831,549,695506,Jac Caglianone,75,72,0,1,2026,.492,.778,7,143,118,Kansas City Royals,250,2
30,24,87,43.50,.287,.343,8,0,0,.---,1,30,1,20,0.83,hitting,1,25,2,0,35,414,.351,.719,97,640902,Jhonny Pereda,8,11,0,1,2026,.368,.---,0,19,136,Seattle Mariners,32,0
24,143,495,30.94,.287,.315,60,0,2,.154,30,133,13,131,0.92,hitting,1,142,16,1,222,2144,.363,.820,559,800050,Chase DeLauter,67,62,0,3,2026,.457,.846,11,82,114,Cleveland Guardians,226,3
34,77,262,18.71,.286,.321,11,0,0,.---,25,116,4,52,0.68,hitting,1,75,14,2,123,1000,.314,.871,277,545341,Randal Grichuk,44,40,0,3,2026,.557,.---,0,61,145,Chicago White Sox,146,2
30,2,7,-.--,.286,.333,0,0,0,.---,1,4,0,2,1.00,hitting,0,2,0,0,1,25,.286,.715,7,667452,Corey Julks,0,1,0,0,2026,.429,.---,0,1,116,Detroit Tigers,3,0
29,4,14,-.--,.286,.333,1,0,0,.---,1,8,0,4,1.00,hitting,0,4,0,0,7,54,.333,.690,15,663624,Ryan Mountcastle,1,0,0,0,2026,.357,.---,0,2,110,Baltimore Orioles,5,0
27,8,70,23.33,.286,.447,12,0,0,.000,5,32,2,13,1.63,hitting,1,20,3,0,34,335,.398,.912,83,686894,Joey Wiemer,12,16,0,0,2026,.514,1.000,1,29,120,Washington Nationals,36,1
25,125,549,21.96,.284,.332,55,0,1,.250,21,138,16,138,1.10,hitting,9,156,25,2,186,2383,.358,.817,615,686948,Drake Baldwin,79,85,0,2,2026,.459,.750,3,132,144,Atlanta Braves,252,0
26,187,554,30.78,.283,.322,67,0,8,.151,33,142,9,106,0.57,hitting,3,157,18,12,199,2319,.361,.805,628,677951,Bobby Witt Jr.,54,94,0,4,2026,.444,.849,45,108,118,Kansas City Royals,246,1
23,187,526,52.60,.283,.318,57,0,7,.259,28,151,9,113,0.60,hitting,22,149,10,1,207,2296,.372,.781,615,807712,Luke Keaschall,52,83,2,8,2026,.409,.741,20,87,142,Minnesota Twins,215,4
27,72,339,24.21,.283,.303,12,0,2,1.000,15,97,8,117,1.63,hitting,3,96,14,0,138,1141,.312,.769,356,673237,Yainer Diaz,44,37,0,2,2026,.457,.000,0,56,117,Houston Astros,155,1
36,33,152,21.71,.283,.346,6,0,0,.---,6,51,6,37,1.12,hitting,1,43,7,0,49,599,.313,.774,162,543510,James McCann,28,17,2,1,2026,.461,.---,0,42,109,Arizona Diamondbacks,70,0
24,103,555,18.50,.283,.358,72,0,8,.211,30,142,7,125,1.21,hitting,2,157,30,1,192,2612,.366,.883,632,682829,Elly De La Cruz,79,99,0,3,2026,.517,.789,30,173,113,Cincinnati Reds,287,5
27,154,475,26.39,.282,.284,56,0,0,.000,14,141,7,140,0.91,hitting,11,134,18,3,187,2024,.366,.795,550,689414,Liam Hicks,82,66,1,7,2026,.429,1.000,3,55,139,Tampa Bay Rays,204,1
25,125,507,24.14,.282,.362,71,0,1,.250,32,139,12,90,0.72,hitting,5,143,21,4,238,2456,.372,.849,588,682985,Riley Greene,75,79,0,5,2026,.477,.750,3,154,116,Detroit Tigers,242,2
28,180,539,179.67,.282,.312,85,1,3,.231,21,151,10,153,0.85,hitting,4,152,3,1,176,2618,.382,.731,637,680757,Steven Kwan,32,80,5,3,2026,.349,.769,10,62,114,Cleveland Guardians,188,3
25,139,539,33.69,.282,.332,22,0,9,.346,32,137,11,137,0.99,hitting,8,152,16,1,214,2094,.318,.760,574,678882,Ceddanne Rafaela,70,67,2,3,2026,.442,.654,17,116,111,Boston Red Sox,238,3
27,39,142,71.00,.282,.352,10,0,3,.333,7,38,2,31,0.79,hitting,2,40,2,0,71,549,.335,.722,155,694362,Blake Dunn,7,20,0,1,2026,.387,.667,6,33,113,Cincinnati Reds,55,1
21,58,224,74.67,.281,.330,26,0,3,.136,7,73,10,67,1.16,hitting,2,63,3,0,101,1024,.351,.722,262,806198,Cooper Pratt,34,33,3,7,2026,.371,.864,19,46,158,Milwaukee Brewers,83,2
31,120,569,21.88,.281,.333,68,0,8,.235,33,153,17,149,1.24,hitting,25,160,26,1,205,2728,.380,.863,666,668227,Randy Arozarena,77,112,0,4,2026,.483,.765,26,144,136,Seattle Mariners,275,2
27,121,332,33.20,.280,.288,16,0,1,.333,24,105,7,84,0.69,hitting,3,93,10,1,155,1127,.316,.759,354,660688,Keibert Ruiz,48,44,0,3,2026,.443,.667,2,37,120,Washington Nationals,147,0
29,19,75,37.50,.280,.333,7,0,0,.---,4,34,2,19,1.00,hitting,2,21,2,0,35,339,.349,.762,86,650559,Bryan De La Cruz,12,10,0,2,2026,.413,.---,0,18,143,Philadelphia Phillies,31,0
25,5,25,25.00,.280,.375,1,0,1,.500,0,17,0,5,1.00,hitting,1,7,1,0,3,109,.310,.790,29,687605,Andrew Pinckney,3,7,0,2,2026,.480,.500,1,10,120,Washington Nationals,12,1
26,151,518,86.33,.280,.320,68,0,5,.192,17,142,13,148,0.98,hitting,0,145,6,4,218,2301,.360,.731,595,669364,Xavier Edwards,52,61,3,6,2026,.371,.808,21,83,146,Miami Marlins,192,6
29,110,393,98.25,.280,.339,37,0,5,.556,32,128,8,98,0.89,hitting,9,110,4,0,170,1623,.351,.748,445,687859,Troy Johnston,50,41,1,5,2026,.397,.444,4,81,115,Colorado Rockies,156,1
27,46,368,18.40,.280,.397,47,0,7,.189,14,97,5,80,1.74,hitting,4,103,20,3,157,1734,.368,.854,419,665833,Oneil Cruz,67,65,0,0,2026,.486,.811,30,139,134,Pittsburgh Pirates,179,1
22,53,411,37.36,.280,.385,39,1,8,.276,16,118,5,114,2.15,hitting,15,115,11,0,144,1755,.362,.771,469,703607,Henry Bolte,38,57,1,2,2026,.409,.724,21,132,133,Athletics,168,2
23,147,590,29.50,.280,.336,50,0,5,.185,22,155,7,139,0.95,hitting,8,165,20,1,213,2650,.344,.773,649,701807,Carson Benge,64,86,0,1,2026,.429,.815,22,140,121,New York Mets,253,3
24,93,329,29.91,.280,.345,28,0,5,.313,22,92,5,63,0.68,hitting,5,92,11,2,147,1426,.342,.813,368,694249,Cole Carrigg,52,49,2,4,2026,.471,.688,11,87,115,Colorado Rockies,155,4
22,25,93,23.25,.280,.344,5,0,1,1.000,3,23,1,17,0.68,hitting,0,26,4,0,30,374,.316,.757,98,699024,Leo Bernal,18,11,0,0,2026,.441,.000,0,25,138,St. Louis Cardinals,41,0
27,155,605,23.27,.279,.310,55,0,0,.000,37,160,12,164,1.06,hitting,6,169,26,4,277,2483,.343,.816,670,676475,Alec Burleson,116,89,0,4,2026,.473,1.000,4,121,138,St. Louis Cardinals,286,1
31,27,122,40.67,.279,.330,18,0,0,.000,8,32,5,36,1.33,hitting,0,34,3,1,66,582,.369,.787,141,621043,Carlos Correa,16,22,0,1,2026,.418,1.000,1,26,117,Houston Astros,51,0
27,119,395,14.63,.278,.272,78,1,3,.250,11,110,7,103,0.87,hitting,1,110,27,15,138,1853,.397,.919,477,665742,Juan Soto,68,63,0,2,2026,.522,.750,9,65,121,New York Mets,206,2
21,48,176,58.67,.278,.346,18,0,1,.167,11,50,3,42,0.88,hitting,4,49,3,1,85,734,.357,.783,202,703601,Max Clark,23,27,3,1,2026,.426,.833,5,41,116,Detroit Tigers,75,3
24,174,625,13.89,.278,.325,83,0,7,.146,31,161,2,95,0.55,hitting,12,174,45,7,223,2894,.372,.942,725,691718,Pete Crow-Armstrong,107,119,1,4,2026,.570,.854,41,187,112,Chicago Cubs,356,8
27,69,277,27.70,.278,.289,33,0,0,.000,8,79,11,96,1.39,hitting,0,77,10,5,104,1208,.351,.766,313,672386,Alejandro Kirk,43,26,0,3,2026,.415,1.000,1,38,141,Toronto Blue Jays,115,0
27,41,144,48.00,.278,.330,10,0,0,.000,6,93,3,37,0.90,hitting,1,40,3,0,41,575,.323,.705,161,669397,Nick Allen,14,25,3,3,2026,.382,1.000,2,32,117,Houston Astros,55,0
25,5,36,36.00,.278,.333,4,0,0,.000,3,15,3,13,2.60,hitting,1,10,1,0,20,171,.357,.801,42,682988,Tyler Locklear,6,8,0,1,2026,.444,1.000,1,9,109,Arizona Diamondbacks,16,0
29,18,54,-.--,.278,.288,7,0,1,.500,2,19,1,19,1.06,hitting,1,15,0,0,18,239,.365,.680,63,663611,Nick Madrigal,3,8,0,1,2026,.315,.500,1,3,139,Tampa Bay Rays,17,0
29,35,137,45.67,.277,.313,15,0,1,.500,7,39,5,42,1.20,hitting,6,38,3,0,66,593,.371,.780,159,680977,Brendan Donovan,15,12,0,1,2026,.409,.500,1,23,136,Seattle Mariners,56,1
29,9,101,-.--,.277,.412,11,0,1,.143,5,39,0,32,3.56,hitting,0,28,0,0,41,468,.348,.675,113,663604,Brandon Lockridge,12,13,1,0,2026,.327,.857,6,33,158,Milwaukee Brewers,33,0
26,132,516,17.20,.277,.289,25,0,2,.286,26,147,9,146,1.11,hitting,0,143,30,0,214,1985,.309,.830,543,671277,Luis García Jr.,92,69,0,2,2026,.521,.714,5,97,147,New York Yankees,269,5
31,98,408,40.80,.277,.306,25,0,1,.500,15,125,13,143,1.46,hitting,7,113,10,0,153,1752,.327,.714,450,664770,Nathan Lukes,41,48,7,3,2026,.387,.500,1,64,141,Toronto Blue Jays,158,0
26,55,195,17.73,.277,.328,11,0,1,.500,13,58,6,34,0.62,hitting,4,54,11,1,91,792,.325,.838,213,687952,Christian Encarnacion-Strand,39,25,1,2,2026,.513,.500,1,55,110,Baltimore Orioles,100,0
22,136,614,14.62,.277,.286,79,0,3,.500,25,161,26,183,1.35,hitting,4,170,42,14,256,2704,.361,.887,700,691406,Junior Caminero,101,100,0,3,2026,.526,.500,3,128,139,Tampa Bay Rays,323,1
23,31,112,37.33,.277,.329,6,0,0,.000,5,32,4,26,0.84,hitting,4,31,3,0,48,474,.333,.735,123,701785,Kaelen Culpepper,11,15,0,1,2026,.402,1.000,1,25,142,Minnesota Twins,45,0
27,171,539,53.90,.276,.292,29,0,1,.077,31,143,6,166,0.97,hitting,7,149,10,1,190,2125,.320,.724,579,808982,Jung Hoo Lee,57,65,0,4,2026,.404,.923,12,57,137,San Francisco Giants,218,4
28,106,442,20.09,.276,.325,24,0,2,.143,19,111,5,102,0.96,hitting,9,122,22,0,129,1752,.325,.802,477,665161,Jeremy Peña,55,81,0,2,2026,.477,.857,12,114,117,Houston Astros,211,2
34,107,446,16.52,.276,.333,59,0,3,.500,21,129,9,86,0.80,hitting,24,123,27,2,190,2062,.387,.905,533,575929,Willson Contreras,81,68,1,3,2026,.518,.500,3,134,111,Boston Red Sox,231,3
21,218,602,35.41,.276,.304,95,0,4,.250,28,155,5,123,0.56,hitting,3,166,17,1,212,2815,.375,.799,704,805808,Kevin McGonigle,71,96,0,4,2026,.424,.750,12,99,116,Detroit Tigers,255,5
24,121,566,35.38,.276,.339,61,1,2,.333,31,154,8,157,1.30,hitting,6,156,16,0,224,2648,.350,.765,643,805367,Chase Meidroth,63,90,5,4,2026,.415,.667,4,141,145,Chicago White Sox,235,0
24,113,392,56.00,.276,.304,42,0,1,.500,22,107,10,119,1.05,hitting,6,108,7,0,200,1678,.351,.736,446,694384,Nolan Schanuel,49,43,1,5,2026,.385,.500,1,58,108,Los Angeles Angels,151,0
23,19,80,20.00,.275,.281,9,0,0,.---,5,26,0,28,1.47,hitting,1,22,4,1,28,348,.356,.844,91,691182,Adael Amador,16,17,1,0,2026,.488,.---,0,12,115,Colorado Rockies,39,0
31,115,520,17.33,.275,.329,81,2,3,.214,26,138,9,115,1.00,hitting,7,143,30,16,174,2347,.377,.890,615,660271,Shohei Ohtani,81,89,0,5,2026,.513,.786,11,152,119,Los Angeles Dodgers,267,4
31,195,568,51.64,.275,.298,35,3,3,.231,28,152,11,149,0.76,hitting,4,156,11,0,212,2257,.320,.713,615,643289,Mauricio Dubón,71,65,2,3,2026,.393,.769,10,73,144,Atlanta Braves,223,3
23,112,477,59.62,.275,.316,43,0,8,.296,24,139,2,157,1.40,hitting,28,131,8,0,138,2164,.367,.759,553,803011,Sam Antonacci,48,81,3,2,2026,.392,.704,19,82,145,Chicago White Sox,187,4
32,68,215,19.54,.274,.289,14,0,2,.400,16,96,1,54,0.79,hitting,2,59,11,0,79,876,.322,.824,237,621438,Tyrone Taylor,38,34,4,2,2026,.502,.600,3,40,112,Chicago Cubs,108,0
32,74,263,52.60,.274,.294,28,0,0,.000,16,87,1,87,1.18,hitting,3,72,5,1,122,1071,.347,.746,297,807799,Masataka Yoshida,28,34,0,3,2026,.399,1.000,2,33,111,Boston Red Sox,105,1
25,153,508,23.09,.274,.309,48,0,7,.350,26,133,11,109,0.71,hitting,8,139,22,1,214,2314,.343,.806,569,681624,Andy Pages,81,74,0,5,2026,.463,.650,13,112,119,Los Angeles Dodgers,235,2
28,147,578,26.27,.273,.338,69,0,1,1.000,26,154,14,119,0.81,hitting,11,158,22,3,233,2664,.357,.790,666,666018,Jonathan Aranda,92,73,0,8,2026,.433,.000,0,162,139,Tampa Bay Rays,250,0
30,88,432,86.40,.273,.336,25,0,9,.281,19,132,7,139,1.58,hitting,12,118,5,1,195,1723,.329,.690,475,663968,Jake Mangum,32,56,4,2,2026,.361,.719,23,93,134,Pittsburgh Pirates,156,2
24,3,22,11.00,.273,.333,3,0,0,.---,0,9,0,5,1.67,hitting,0,6,2,0,6,114,.360,.905,25,682729,Jonatan Clase,6,4,0,0,2026,.545,.---,0,8,141,Toronto Blue Jays,12,0
27,67,224,20.36,.272,.329,17,0,0,.---,13,99,3,35,0.52,hitting,4,61,11,0,107,993,.333,.820,246,679822,Justin Foscue,34,26,0,1,2026,.487,.---,0,62,140,Texas Rangers,109,1
28,135,423,32.54,.272,.300,21,0,0,.000,25,131,10,106,0.79,hitting,0,115,13,0,200,1642,.303,.731,452,686681,Michael Massey,50,49,3,5,2026,.428,1.000,3,75,118,Kansas City Royals,181,1
27,137,387,18.43,.271,.291,11,0,1,.100,17,98,6,68,0.50,hitting,7,105,21,1,155,1449,.301,.784,409,669477,Casey Schmitt,55,47,0,4,2026,.483,.900,9,81,137,San Francisco Giants,187,1
24,138,605,20.86,.271,.332,50,0,5,.185,33,157,14,134,0.97,hitting,4,164,29,1,297,2386,.329,.798,663,691023,Jordan Walker,101,96,0,4,2026,.469,.815,22,173,138,St. Louis Cardinals,284,0
31,12,48,48.00,.271,.308,2,0,1,1.000,1,19,3,15,1.25,hitting,0,13,1,0,19,168,.300,.654,50,606115,Orlando Arcia,2,6,0,0,2026,.354,.000,0,8,142,Minnesota Twins,17,0
25,30,144,13.09,.271,.315,15,0,0,.---,6,46,2,31,1.03,hitting,0,39,11,1,67,634,.340,.882,159,804668,Rafael Flores Jr.,25,17,0,0,2026,.542,.---,0,44,134,Pittsburgh Pirates,78,0
30,18,96,32.00,.271,.338,3,0,1,1.000,3,37,3,27,1.50,hitting,0,26,3,1,49,373,.290,.686,100,669720,Austin Hays,13,14,0,1,2026,.396,.000,0,26,135,San Diego Padres,38,0
28,185,566,31.44,.270,.292,61,0,2,.667,27,147,13,143,0.77,hitting,4,153,18,6,264,2278,.341,.758,640,661388,William Contreras,94,82,0,9,2026,.417,.333,1,94,158,Milwaukee Brewers,236,1
27,52,215,53.75,.270,.333,10,0,1,.333,20,88,6,59,1.13,hitting,2,58,4,0,89,835,.307,.735,231,675961,Alika Williams,16,29,3,1,2026,.428,.667,2,50,133,Athletics,92,1
31,138,545,20.96,.270,.330,81,0,0,.000,31,143,13,108,0.78,hitting,5,147,26,4,282,2735,.368,.841,634,673548,Seiya Suzuki,86,96,0,3,2026,.473,1.000,3,155,112,Chicago Cubs,258,1
27,95,371,41.22,.270,.319,35,0,5,.357,14,134,12,103,1.08,hitting,0,100,9,0,178,1604,.328,.730,415,687401,Joey Ortiz,47,49,4,5,2026,.402,.643,9,82,158,Milwaukee Brewers,149,4
20,59,308,61.60,.269,.350,20,0,4,.148,15,79,4,86,1.46,hitting,5,83,5,0,140,1313,.322,.715,335,804606,Konnor Griffin,31,42,0,2,2026,.393,.852,23,82,134,Pittsburgh Pirates,121,4
21,89,386,22.71,.269,.344,59,0,1,.500,23,107,0,77,0.87,hitting,0,104,17,1,170,1880,.364,.825,448,805811,Bryce Eldridge,57,50,0,3,2026,.461,.500,1,119,137,San Francisco Giants,178,0
33,138,572,20.43,.269,.311,107,0,6,.462,32,161,19,141,1.02,hitting,1,154,28,3,234,2711,.381,.864,688,547180,Bryce Harper,86,92,0,8,2026,.483,.538,7,147,143,Philadelphia Phillies,276,3
37,78,223,55.75,.269,.280,15,0,1,.500,16,106,9,68,0.87,hitting,2,60,4,0,107,866,.312,.707,249,500743,Miguel Rojas,23,22,2,7,2026,.395,.500,1,26,119,Los Angeles Dodgers,88,0
29,115,383,29.46,.269,.309,45,0,2,.500,23,122,10,87,0.76,hitting,4,103,13,1,122,1692,.352,.788,433,663616,Trevor Larnach,48,57,1,0,2026,.436,.500,2,79,142,Minnesota Twins,167,1
33,102,439,27.44,.269,.351,42,0,1,.167,18,124,13,87,0.85,hitting,4,118,16,2,206,1939,.336,.764,488,606192,Teoscar Hernández,64,66,0,3,2026,.428,.833,5,135,119,Los Angeles Dodgers,188,2
26,114,578,27.52,.268,.345,90,0,5,.208,37,150,9,145,1.27,hitting,1,155,21,3,229,2879,.367,.819,676,668930,Brice Turang,99,102,5,2,2026,.452,.792,19,171,158,Milwaukee Brewers,261,3
31,50,235,235.00,.268,.323,12,0,3,.375,5,99,5,92,1.84,hitting,7,63,1,1,101,981,.320,.631,268,670032,Nicky Lopez,24,25,12,2,2026,.311,.625,5,44,140,Texas Rangers,73,1
31,17,56,56.00,.268,.292,1,0,0,.---,3,36,5,19,1.12,hitting,0,15,1,0,27,224,.276,.651,60,669289,Santiago Espinal,7,5,2,1,2026,.375,.---,0,8,119,Los Angeles Dodgers,21,0
27,59,213,26.62,.268,.320,29,0,0,.---,12,70,6,45,0.76,hitting,3,57,8,0,100,989,.363,.800,245,669134,Luis Campusano,30,23,0,0,2026,.437,.---,0,52,135,San Diego Padres,93,0
31,142,602,14.00,.267,.299,81,0,1,.167,24,161,13,135,0.95,hitting,12,161,43,6,257,2861,.363,.885,700,624413,Pete Alonso,113,100,0,5,2026,.522,.833,5,169,110,Baltimore Orioles,314,0
32,100,404,22.44,.267,.308,35,0,0,.000,17,109,15,102,1.02,hitting,6,108,18,1,196,1723,.333,.776,448,656811,Ryan O'Hearn,76,58,0,3,2026,.443,1.000,1,97,134,Pittsburgh Pirates,179,0
23,87,326,32.60,.267,.329,30,0,2,.400,19,113,5,71,0.82,hitting,0,87,10,1,141,1372,.326,.755,360,701678,Hao-Yu Lee,46,40,1,3,2026,.429,.600,3,85,116,Detroit Tigers,140,2
26,34,135,19.29,.267,.333,23,1,1,.143,6,45,4,24,0.71,hitting,0,36,7,0,70,612,.373,.840,159,682848,Endy Rodríguez,20,20,0,0,2026,.467,.857,6,41,134,Pittsburgh Pirates,63,0
23,90,510,17.00,.267,.345,101,0,4,.160,30,134,5,111,1.23,hitting,4,136,30,10,175,2587,.389,.895,619,695578,James Wood,77,105,0,4,2026,.506,.840,21,177,120,Washington Nationals,258,1
30,98,473,18.19,.266,.339,94,0,6,.353,22,143,6,97,0.99,hitting,4,126,26,4,226,2395,.390,.876,574,641343,Jake Bauers,86,92,0,3,2026,.486,.647,11,155,158,Milwaukee Brewers,230,2
26,96,308,102.67,.266,.307,30,0,4,.444,20,81,10,82,0.85,hitting,0,82,3,0,116,1297,.329,.709,340,672580,Maikel Garcia,38,39,0,2,2026,.380,.556,5,50,118,Kansas City Royals,117,3
30,82,308,34.22,.266,.305,25,0,1,.250,17,103,4,84,1.02,hitting,6,82,9,0,125,1330,.330,.759,342,676724,Jared Young,39,46,0,3,2026,.429,.750,3,63,121,New York Mets,132,3
26,131,436,36.33,.266,.310,37,0,2,.200,31,155,0,105,0.80,hitting,11,116,12,0,182,1763,.337,.775,490,671976,Tristan Peters,56,63,4,2,2026,.438,.800,8,90,145,Chicago White Sox,191,4
34,160,474,52.67,.266,.285,31,1,2,.200,23,143,13,134,0.84,hitting,5,126,9,1,183,1786,.315,.686,516,643446,Jeff McNeil,59,52,1,4,2026,.371,.800,8,59,133,Athletics,176,0
24,84,320,45.71,.266,.284,12,0,0,.000,16,80,7,114,1.36,hitting,3,85,7,0,135,1136,.298,.686,337,805779,Jacob Wilson,37,37,1,1,2026,.388,1.000,4,39,133,Athletics,124,1
22,153,619,19.34,.265,.299,63,0,8,.348,25,161,16,157,1.03,hitting,4,164,32,5,256,2726,.332,.792,696,701398,Sal Stewart,111,87,0,10,2026,.460,.652,15,155,113,Cincinnati Reds,285,0
28,58,280,15.56,.264,.331,34,0,0,.000,8,93,3,55,0.95,hitting,5,74,18,0,131,1216,.354,.840,319,665052,Griffin Conine,42,44,0,0,2026,.486,1.000,4,93,146,Miami Marlins,136,0
28,114,473,20.56,.264,.297,47,0,1,.333,28,145,8,127,1.11,hitting,5,125,23,2,190,1990,.335,.821,528,686527,Dominic Canzone,77,59,0,3,2026,.486,.667,2,110,136,Seattle Mariners,230,4
30,169,496,29.18,.264,.287,59,0,6,.333,25,132,5,114,0.67,hitting,0,131,17,0,180,2099,.338,.767,562,641355,Cody Bellinger,73,73,0,7,2026,.429,.667,12,89,147,New York Yankees,213,3
22,89,421,140.33,.264,.318,27,0,4,.190,19,148,7,149,1.67,hitting,3,111,3,0,163,1669,.310,.664,461,702222,Justin Crawford,41,48,6,4,2026,.354,.810,17,82,143,Philadelphia Phillies,149,5
29,216,626,78.25,.264,.276,43,0,5,.179,29,158,14,195,0.90,hitting,10,165,8,0,260,2441,.317,.668,687,663538,Nico Hoerner,72,62,0,8,2026,.351,.821,23,58,112,Chicago Cubs,220,1
27,136,573,13.98,.264,.295,85,0,1,.250,24,154,12,127,0.93,hitting,6,151,41,4,190,2677,.363,.897,667,700250,Ben Rice,97,105,0,3,2026,.534,.750,3,162,147,New York Yankees,306,4
32,62,228,25.33,.263,.293,28,0,2,.400,14,91,9,64,1.03,hitting,7,60,9,0,98,1015,.361,.813,266,622268,Donovan Walton,32,36,3,0,2026,.452,.600,3,45,133,Athletics,103,1
27,101,346,38.44,.263,.317,17,0,6,.261,24,111,11,79,0.78,hitting,0,91,9,0,175,1325,.298,.708,366,676356,Jonny DeLuca,48,42,3,0,2026,.410,.739,17,78,139,Tampa Bay Rays,142,0
27,231,559,22.36,.263,.269,70,0,0,.---,27,154,16,100,0.43,hitting,19,147,25,0,274,2904,.360,.809,655,670623,Isaac Paredes,94,69,0,7,2026,.449,.---,0,88,117,Houston Astros,251,1
23,52,202,202.00,.262,.313,19,0,2,.286,6,83,3,63,1.21,hitting,9,53,1,0,95,828,.352,.659,231,696030,Alejandro Osuna,25,27,1,0,2026,.307,.714,5,35,140,Texas Rangers,62,0
26,18,61,61.00,.262,.306,4,0,0,.000,3,20,4,17,0.94,hitting,0,16,1,0,34,260,.308,.669,66,682927,Ronny Simon,4,11,1,0,2026,.361,1.000,4,11,134,Pittsburgh Pirates,22,0
27,62,458,41.64,.262,.388,59,0,10,.417,30,144,4,113,1.82,hitting,6,120,11,3,208,2120,.353,.770,527,669003,Garrett Mitchell,65,73,3,1,2026,.417,.583,14,167,158,Milwaukee Brewers,191,4
29,85,294,49.00,.262,.289,12,0,0,.---,17,108,6,94,1.11,hitting,8,77,6,0,124,1105,.308,.689,319,663743,Nick Fortes,35,33,4,1,2026,.381,.---,0,43,139,Tampa Bay Rays,112,0
27,126,535,31.47,.262,.320,46,0,4,.250,27,152,7,136,1.08,hitting,5,140,17,0,215,2328,.323,.745,593,677649,Ezequiel Duran,83,71,1,6,2026,.422,.750,12,140,140,Texas Rangers,226,4
29,177,593,59.30,.261,.287,45,1,9,.231,22,151,18,184,1.04,hitting,5,155,10,3,279,2139,.318,.667,646,647304,Josh Naylor,56,58,0,2,2026,.349,.769,30,79,136,Seattle Mariners,207,0
26,185,559,62.11,.261,.290,95,0,10,.323,20,156,12,159,0.86,hitting,5,146,9,0,254,2868,.369,.746,676,672695,Geraldo Perdomo,59,75,9,8,2026,.377,.677,21,86,109,Arizona Diamondbacks,211,9
31,135,594,34.94,.261,.329,88,1,0,.000,40,161,9,146,1.08,hitting,11,155,17,3,247,2715,.365,.789,697,668804,Bryan Reynolds,72,102,0,3,2026,.424,1.000,9,161,134,Pittsburgh Pirates,252,3
25,159,575,17.42,.261,.300,57,0,6,.150,30,151,9,114,0.72,hitting,12,150,33,4,234,2513,.337,.833,650,682928,CJ Abrams,105,93,0,6,2026,.496,.850,34,158,120,Washington Nationals,285,3
28,168,633,35.17,.261,.296,49,0,2,.500,25,159,19,181,1.08,hitting,2,165,18,0,244,2586,.313,.705,691,666182,Bo Bichette,78,76,0,7,2026,.392,.500,2,126,121,New York Mets,248,2
28,123,422,18.35,.261,.299,36,0,1,.250,21,105,9,81,0.66,hitting,5,110,23,2,182,1756,.325,.799,464,669127,Shea Langeliers,58,58,0,1,2026,.474,.750,3,109,133,Athletics,200,0
30,234,587,65.22,.261,.273,22,0,1,.125,33,157,14,149,0.64,hitting,2,153,9,0,252,1909,.286,.652,618,676391,Ernie Clement,48,60,0,7,2026,.366,.875,7,58,141,Toronto Blue Jays,215,1
28,135,522,29.00,.261,.322,34,0,3,.214,20,154,5,115,0.85,hitting,2,136,18,5,219,2100,.306,.716,564,669016,Brandon Marsh,61,71,2,4,2026,.410,.786,11,142,143,Philadelphia Phillies,214,2
24,43,169,33.80,.260,.325,11,0,0,.---,8,58,6,38,0.88,hitting,0,44,5,0,76,698,.306,.702,180,682818,Yohendrick Piñango,20,12,0,0,2026,.396,.---,0,44,141,Toronto Blue Jays,67,0
31,139,584,16.69,.260,.319,62,0,0,.000,29,150,8,111,0.80,hitting,3,152,35,1,254,2621,.331,.824,656,664040,Brandon Lowe,96,94,0,7,2026,.493,1.000,2,189,134,Pittsburgh Pirates,288,1
27,159,542,60.22,.260,.288,56,0,4,.364,25,144,20,167,1.05,hitting,5,141,9,5,236,2180,.332,.688,609,665489,Vladimir Guerrero Jr.,57,72,0,6,2026,.356,.636,7,81,141,Toronto Blue Jays,193,0
29,108,427,28.47,.260,.336,41,0,6,.375,20,120,4,82,0.76,hitting,6,111,15,0,167,1899,.331,.748,477,650489,Willi Castro,56,65,0,3,2026,.417,.625,10,129,115,Colorado Rockies,178,1
32,208,604,23.23,.260,.272,75,0,1,.250,32,154,19,143,0.69,hitting,12,157,26,2,299,2755,.350,.799,697,608324,Alex Bregman,89,89,0,6,2026,.449,.750,3,102,112,Chicago Cubs,271,2
29,89,358,44.75,.260,.314,57,0,0,.---,13,96,8,97,1.09,hitting,3,93,8,3,134,1774,.364,.727,420,650402,Gleyber Torres,38,57,0,2,2026,.363,.---,0,81,116,Detroit Tigers,130,0
33,150,589,42.07,.260,.323,51,0,1,.125,36,154,13,141,0.94,hitting,7,153,14,2,219,2552,.324,.730,651,607043,Brandon Nimmo,62,64,0,4,2026,.406,.875,7,149,140,Texas Rangers,239,4
24,83,231,16.50,.260,.275,23,0,4,.308,8,78,2,40,0.48,hitting,1,60,14,0,96,918,.328,.830,258,683748,Victor Mesa Jr.,33,37,2,1,2026,.502,.692,9,51,139,Tampa Bay Rays,116,3
31,95,235,23.50,.260,.277,34,0,0,.---,9,73,5,38,0.40,hitting,3,61,10,0,106,1179,.355,.781,276,669257,Will Smith,34,35,0,4,2026,.426,.---,0,45,119,Los Angeles Dodgers,100,0
31,55,239,47.80,.259,.291,11,0,2,.500,20,74,12,84,1.53,hitting,4,62,5,2,113,930,.303,.726,254,609280,Miguel Andujar,22,24,0,0,2026,.423,.500,2,38,135,San Diego Padres,101,2
26,93,390,17.73,.259,.299,31,0,3,.158,16,110,8,95,1.02,hitting,7,101,22,0,151,1679,.325,.804,431,680869,Zack Gelof,55,76,3,0,2026,.479,.842,16,104,133,Athletics,187,2
28,25,85,28.33,.259,.279,2,0,0,.000,5,34,2,26,1.04,hitting,0,22,3,0,30,297,.270,.694,91,669699,Braden Shewmake,10,12,2,2,2026,.424,1.000,1,16,158,Milwaukee Brewers,36,0
27,24,116,116.00,.259,.337,12,1,1,.167,3,43,2,33,1.38,hitting,0,30,1,0,52,515,.323,.651,131,808975,Hyeseong Kim,11,16,0,2,2026,.328,.833,5,31,119,Los Angeles Dodgers,38,1
24,24,147,36.75,.259,.425,10,1,4,.200,4,61,0,29,1.21,hitting,0,38,4,0,40,622,.306,.701,165,813841,Jonah Cox,16,26,7,0,2026,.395,.800,16,63,137,San Francisco Giants,58,2
33,187,476,20.70,.258,.251,47,0,3,.600,25,122,14,111,0.59,hitting,2,123,23,3,221,1938,.327,.783,526,605141,Mookie Betts,69,71,0,1,2026,.456,.400,2,56,119,Los Angeles Dodgers,217,0
29,133,558,15.08,.258,.294,69,0,0,.---,36,148,13,124,0.93,hitting,2,144,37,7,247,2590,.340,.865,633,646240,Rafael Devers,98,88,0,4,2026,.525,.---,0,161,137,San Francisco Giants,293,1
31,111,380,38.00,.258,.293,40,0,1,1.000,15,121,11,101,0.91,hitting,5,98,10,0,191,1645,.336,.712,425,608348,Carson Kelly,58,57,0,0,2026,.376,.000,0,70,112,Chicago Cubs,143,0
24,116,384,38.40,.258,.305,32,0,0,.000,19,140,8,87,0.75,hitting,5,99,10,0,157,1608,.322,.728,423,690993,Colt Keith,36,51,0,2,2026,.406,1.000,6,84,116,Detroit Tigers,156,4
27,51,194,17.64,.258,.300,25,0,0,.---,13,82,5,40,0.78,hitting,5,50,11,0,78,854,.357,.852,224,665953,Andrés Chaparro,37,34,0,0,2026,.495,.---,0,53,120,Washington Nationals,96,0
22,72,237,39.50,.257,.297,20,0,1,.100,12,79,4,59,0.82,hitting,1,61,6,2,105,973,.315,.716,261,699393,Pedro Ramírez,32,36,1,2,2026,.401,.900,9,48,112,Chicago Cubs,95,2
30,5,35,-.--,.257,.474,8,0,0,.---,5,19,0,5,1.00,hitting,0,9,0,0,12,167,.395,.795,43,676551,Brewer Hicklen,3,8,0,0,2026,.400,.---,0,16,144,Atlanta Braves,14,0
24,107,385,21.39,.257,.291,13,0,3,.214,24,113,9,96,0.90,hitting,7,99,18,0,179,1486,.293,.763,412,682657,Angel Martínez,62,49,6,1,2026,.470,.786,11,90,114,Cleveland Guardians,181,2
27,4,35,-.--,.257,.321,10,0,0,.---,1,16,2,15,3.75,hitting,0,9,0,1,13,176,.422,.708,45,695238,Will Wagner,0,5,0,0,2026,.286,.---,0,7,135,San Diego Padres,10,0
30,74,292,36.50,.257,.328,37,0,0,.000,11,117,4,63,0.85,hitting,3,75,8,0,117,1383,.344,.721,334,667472,Dane Myers,27,39,0,2,2026,.377,1.000,10,82,113,Cincinnati Reds,110,0
23,47,187,62.33,.257,.298,5,0,1,1.000,5,55,5,59,1.26,hitting,0,48,3,0,73,691,.275,.607,193,695720,Tommy White,10,19,0,1,2026,.332,.000,0,34,133,Athletics,62,0
24,7,39,-.--,.256,.385,4,0,2,1.000,1,14,1,9,1.29,hitting,0,10,0,0,19,165,.318,.600,44,691907,Tsung-Che Cheng,5,7,0,1,2026,.282,.000,0,14,111,Boston Red Sox,11,0
20,13,39,19.50,.256,.286,1,0,0,.---,0,16,0,7,0.54,hitting,0,10,2,0,23,149,.275,.737,40,806956,Ethan Salas,5,6,0,0,2026,.462,.---,0,9,135,San Diego Padres,18,1
23,32,121,20.17,.256,.329,5,0,1,.167,5,43,1,20,0.63,hitting,6,31,6,0,52,523,.318,.781,133,691783,Jordan Lawlar,16,17,1,0,2026,.463,.833,5,39,109,Arizona Diamondbacks,56,1
22,50,203,67.67,.256,.327,11,0,2,.182,9,72,3,56,1.12,hitting,2,52,3,0,78,863,.301,.646,221,699912,Jose Fernandez,16,26,5,0,2026,.345,.818,9,50,109,Arizona Diamondbacks,70,0
23,62,250,83.33,.256,.370,22,1,2,.222,15,81,5,45,0.73,hitting,5,64,3,0,120,1115,.325,.693,284,814439,Ryan Waldschmidt,22,30,3,3,2026,.368,.778,7,85,109,Arizona Diamondbacks,92,2
23,60,352,16.76,.256,.363,79,0,1,.125,15,99,5,61,1.02,hitting,3,90,21,9,109,1851,.396,.879,434,701762,Nick Kurtz,69,62,0,0,2026,.483,.875,7,141,133,Athletics,170,1
29,44,133,-.--,.256,.304,9,0,2,.167,3,66,4,37,0.84,hitting,3,34,0,0,62,519,.315,.623,149,645302,Victor Robles,9,15,3,1,2026,.308,.833,10,22,136,Seattle Mariners,41,2
36,23,90,30.00,.256,.345,6,0,0,.000,6,24,2,15,0.65,hitting,0,23,3,0,53,384,.302,.724,96,519317,Giancarlo Stanton,14,8,0,0,2026,.422,1.000,1,29,147,New York Yankees,38,0
24,27,94,47.00,.255,.324,7,0,0,.000,4,35,3,19,0.70,hitting,0,24,2,0,49,385,.304,.666,102,807727,Charles McAdoo,12,11,0,1,2026,.362,1.000,2,25,141,Toronto Blue Jays,34,0
24,7,47,11.75,.255,.286,0,0,0,.000,4,17,1,13,1.86,hitting,0,12,4,0,19,191,.255,.851,47,691002,Yohandy Morales,10,10,0,0,2026,.596,1.000,1,15,120,Washington Nationals,28,0
28,109,408,20.40,.255,.292,53,0,8,.276,18,107,7,95,0.87,hitting,5,104,20,2,144,1865,.345,.796,469,660670,Ronald Acuña Jr.,55,61,0,3,2026,.451,.724,21,103,144,Atlanta Braves,184,1
24,25,102,34.00,.255,.307,7,0,0,.000,6,32,3,27,1.08,hitting,1,26,3,0,43,455,.306,.708,111,682877,Juan Brito,14,13,0,1,2026,.402,1.000,1,25,113,Cincinnati Reds,41,0
35,158,530,17.67,.255,.274,52,1,0,.000,24,151,12,120,0.76,hitting,10,135,30,2,277,2376,.331,.805,596,571448,Nolan Arenado,86,79,0,3,2026,.474,1.000,4,120,109,Arizona Diamondbacks,251,1
31,83,267,29.67,.255,.274,23,0,0,.---,6,107,6,74,0.89,hitting,2,68,9,1,114,1149,.313,.699,298,642086,Dominic Smith,46,40,1,5,2026,.386,.---,0,48,144,Atlanta Braves,103,1
23,175,613,23.58,.254,.302,41,0,4,.129,26,158,8,129,0.74,hitting,3,156,26,4,253,2539,.303,.743,664,701538,Jackson Merrill,87,86,4,3,2026,.440,.871,27,160,135,San Diego Padres,270,5
33,151,566,28.30,.254,.290,51,1,0,.000,28,153,20,153,1.01,hitting,4,144,20,0,233,2502,.318,.731,627,605137,Josh Bell,93,77,0,5,2026,.413,1.000,2,123,142,Minnesota Twins,234,1
28,68,236,47.20,.254,.313,30,0,1,.500,14,65,3,58,0.85,hitting,1,60,5,0,103,1114,.340,.726,273,686765,Nick Sogard,19,28,5,1,2026,.386,.500,1,56,111,Boston Red Sox,91,1
32,119,370,14.80,.254,.279,30,0,1,.125,18,93,4,59,0.50,hitting,6,94,25,2,164,1500,.319,.830,408,621439,Byron Buxton,46,65,0,2,2026,.511,.875,7,100,142,Minnesota Twins,189,1
21,107,433,39.36,.254,.328,45,0,8,.242,19,119,3,100,0.93,hitting,2,110,11,1,164,1909,.324,.703,488,805999,A.J. Ewing,43,55,4,4,2026,.379,.758,25,124,121,New York Mets,164,1
34,151,453,50.33,.254,.267,27,1,1,.250,19,141,7,141,0.93,hitting,2,115,9,2,196,1704,.298,.675,486,545121,Ildemaro Vargas,67,62,1,2,2026,.377,.750,3,49,109,Arizona Diamondbacks,171,5
28,71,284,35.50,.254,.311,18,0,2,.667,18,105,8,71,1.00,hitting,8,72,8,1,116,1183,.311,.712,315,660821,Jesús Sánchez,35,24,0,5,2026,.401,.333,1,75,109,Arizona Diamondbacks,114,0
23,107,407,31.31,.253,.301,54,0,0,.000,21,130,5,102,0.95,hitting,7,103,13,2,179,1885,.348,.763,471,691720,Kyle Karros,49,63,0,3,2026,.415,1.000,5,98,115,Colorado Rockies,169,3
25,176,534,35.60,.253,.274,38,0,7,.259,25,153,12,147,0.84,hitting,11,135,15,0,250,2255,.313,.704,592,677587,Brayan Rocchio,73,66,5,4,2026,.391,.741,20,85,114,Cleveland Guardians,209,2
25,88,285,16.76,.253,.268,39,0,2,.250,17,88,7,62,0.70,hitting,5,72,17,0,127,1403,.353,.851,329,678554,Curtis Mead,48,49,0,0,2026,.498,.750,6,63,111,Boston Red Sox,142,1
25,192,582,24.25,.253,.268,37,0,5,.385,25,155,10,145,0.76,hitting,4,147,24,1,236,2367,.300,.730,627,686797,Brooks Lee,83,72,1,3,2026,.430,.615,8,102,142,Minnesota Twins,250,3
29,95,341,34.10,.252,.280,31,0,1,.333,16,123,14,100,1.05,hitting,4,86,10,0,158,1520,.319,.718,379,666126,Carlos Cortes,43,30,0,3,2026,.399,.667,2,63,133,Athletics,136,2
38,87,345,19.17,.252,.283,29,0,0,.000,13,105,6,88,1.01,hitting,3,87,18,2,124,1496,.313,.765,380,502671,Paul Goldschmidt,52,44,0,3,2026,.452,1.000,1,86,147,New York Yankees,156,1
26,25,119,23.80,.252,.316,17,0,0,.000,5,59,0,29,1.16,hitting,2,30,5,0,55,528,.353,.773,139,701162,Ben Malgeri,20,18,0,1,2026,.420,1.000,5,36,116,Detroit Tigers,50,0
32,173,623,15.20,.252,.278,64,0,0,.000,34,161,14,129,0.75,hitting,3,157,41,5,266,2904,.322,.826,696,621566,Matt Olson,93,99,0,6,2026,.504,1.000,4,170,144,Atlanta Braves,314,0
30,105,377,22.18,.252,.290,38,0,0,.---,22,125,3,86,0.82,hitting,2,95,17,1,153,1754,.318,.764,425,663993,Nathaniel Lowe,64,38,0,8,2026,.446,.---,0,99,114,Cleveland Guardians,168,0
26,136,417,41.70,.252,.285,33,1,4,.182,22,139,6,106,0.78,hitting,9,105,10,0,181,1729,.318,.709,467,696285,Jacob Young,49,57,4,3,2026,.391,.818,18,77,120,Washington Nationals,163,3
29,95,314,22.43,.252,.275,45,0,0,.000,18,91,5,77,0.81,hitting,3,79,14,2,137,1513,.349,.804,365,680777,Ryan Jeffers,55,49,0,2,2026,.455,1.000,1,66,142,Minnesota Twins,143,2
28,161,533,53.30,.251,.291,61,0,0,.000,34,154,14,145,0.90,hitting,3,134,10,0,243,2506,.330,.724,604,681082,Bryson Stott,66,70,4,3,2026,.394,1.000,26,100,143,Philadelphia Phillies,210,6
30,57,191,19.10,.251,.266,27,0,1,1.000,9,67,3,49,0.86,hitting,5,48,10,0,76,860,.357,.823,225,681508,Mickey Gasper,24,26,1,1,2026,.466,.000,0,39,111,Boston Red Sox,89,1
27,112,323,53.83,.251,.273,30,2,0,.000,17,117,9,90,0.80,hitting,2,81,6,0,135,1520,.312,.671,366,665877,José Fermín,41,33,2,7,2026,.359,1.000,8,49,138,St. Louis Cardinals,116,0
36,135,519,32.44,.250,.289,41,0,4,.444,24,134,19,146,1.08,hitting,3,130,16,1,240,2016,.307,.704,568,514888,Jose Altuve,49,70,1,4,2026,.397,.556,5,113,117,Houston Astros,206,2
35,3,16,-.--,.250,.308,0,0,0,.---,1,13,0,6,2.00,hitting,0,4,0,0,8,54,.235,.548,17,571657,Kyle Farmer,3,2,0,1,2026,.313,.---,0,4,144,Atlanta Braves,5,0
25,25,84,84.00,.250,.294,8,0,1,.500,1,35,2,26,1.04,hitting,1,21,1,0,30,396,.323,.644,96,683227,Cody Freeman,6,8,3,0,2026,.321,.500,1,15,140,Texas Rangers,27,1
22,1,8,-.--,.250,.333,2,0,0,.---,0,7,0,3,3.00,hitting,1,2,0,0,4,43,.455,.705,11,694224,Gabriel Gonzalez,0,2,0,0,2026,.250,.---,0,2,142,Minnesota Twins,2,0
25,3,8,-.--,.250,.333,2,0,0,.---,0,5,0,1,0.33,hitting,0,2,0,0,6,39,.400,.650,10,690291,Jace Jung,0,2,0,0,2026,.250,.---,0,2,116,Detroit Tigers,2,0
32,2,4,-.--,.250,.250,0,0,0,.000,0,8,0,1,0.50,hitting,0,1,0,0,6,15,.250,.500,4,664068,Scott Kingery,0,2,0,0,2026,.250,1.000,1,0,112,Chicago Cubs,1,0
25,3,8,-.--,.250,.333,0,0,0,.---,1,3,0,1,0.33,hitting,0,2,0,0,4,38,.250,.625,8,678760,Eddys Leonard,0,0,0,0,2026,.375,.---,0,2,137,San Francisco Giants,3,0
26,9,36,-.--,.250,.346,2,0,0,.000,1,12,0,8,0.89,hitting,1,9,0,0,21,163,.308,.641,39,678009,Parker Meadows,2,3,0,0,2026,.333,1.000,3,10,116,Detroit Tigers,12,1
30,0,4,-.--,.250,.500,2,0,0,.---,1,3,0,1,1.00,hitting,0,1,0,0,0,28,.500,1.000,6,682515,Logan Porter,0,2,0,0,2026,.500,.---,0,2,108,Los Angeles Angels,2,0
29,18,60,60.00,.250,.275,1,0,0,.000,1,37,6,19,1.06,hitting,0,15,1,0,33,218,.258,.575,62,650968,Yohel Pozo,7,4,0,1,2026,.317,1.000,1,9,110,Baltimore Orioles,19,0
29,17,52,17.33,.250,.250,6,0,0,.---,3,26,2,13,0.76,hitting,0,13,3,0,18,230,.322,.803,59,649966,Luis Urías,8,5,0,1,2026,.481,.---,0,10,141,Toronto Blue Jays,25,0
26,213,588,17.82,.250,.261,101,1,2,.083,31,159,12,109,0.51,hitting,7,147,33,5,255,2782,.363,.837,704,678246,Miguel Vargas,93,106,0,7,2026,.474,.917,22,126,145,Chicago White Sox,279,1
29,154,565,37.67,.250,.270,46,0,0,.000,29,154,19,187,1.21,hitting,9,141,15,1,232,2299,.314,.698,625,664761,Alec Bohm,88,58,0,5,2026,.384,1.000,2,88,143,Philadelphia Phillies,217,1
35,127,485,16.72,.249,.290,63,0,0,.000,26,148,8,98,0.77,hitting,7,121,29,4,250,2262,.344,.831,556,571970,Max Muncy,76,80,0,1,2026,.487,1.000,3,140,119,Los Angeles Dodgers,236,1
27,202,594,24.75,.249,.284,70,2,4,.333,38,156,9,112,0.55,hitting,3,148,24,3,278,2734,.328,.776,677,677800,Wilyer Abreu,76,81,1,7,2026,.448,.667,8,140,111,Boston Red Sox,266,4
32,183,558,25.36,.249,.257,51,0,0,.000,31,140,6,155,0.85,hitting,6,139,22,5,185,2251,.316,.750,620,606466,Ketel Marte,75,78,0,5,2026,.434,1.000,4,86,109,Arizona Diamondbacks,242,3
25,134,430,43.00,.249,.280,25,0,5,.333,17,141,6,116,0.87,hitting,4,107,10,0,183,1779,.292,.659,466,701675,Nathan Church,50,53,1,6,2026,.367,.667,10,80,138,St. Louis Cardinals,158,2
33,56,213,35.50,.249,.285,25,0,1,.500,10,81,5,66,1.18,hitting,1,53,6,0,96,925,.328,.708,245,595978,Austin Hedges,25,25,4,2,2026,.380,.500,1,44,114,Cleveland Guardians,81,0
25,168,591,26.86,.249,.291,47,0,3,.120,26,149,10,136,0.81,hitting,7,147,22,3,247,2412,.310,.714,649,677594,Julio Rodríguez,71,69,0,4,2026,.404,.880,22,144,136,Seattle Mariners,239,0
26,146,504,38.77,.248,.269,51,1,6,.231,25,152,7,165,1.13,hitting,15,125,13,1,203,2145,.333,.712,582,702332,Caleb Durbin,64,74,7,4,2026,.379,.769,20,79,111,Boston Red Sox,191,1
36,127,460,30.67,.248,.280,47,3,2,.143,22,125,10,127,1.00,hitting,3,114,15,0,199,2023,.320,.722,515,543807,George Springer,54,59,0,2,2026,.402,.857,12,94,141,Toronto Blue Jays,185,2
25,57,222,18.50,.248,.314,23,0,0,.---,12,79,2,37,0.65,hitting,5,55,12,0,116,945,.331,.795,251,687221,Dalton Rushing,36,37,0,1,2026,.464,.---,0,74,119,Los Angeles Dodgers,103,0
22,36,210,42.00,.248,.333,29,0,0,.000,11,54,2,58,1.61,hitting,1,52,5,1,70,947,.342,.742,240,701350,Roman Anthony,15,24,0,0,2026,.400,1.000,2,64,111,Boston Red Sox,84,3
23,208,598,27.18,.247,.276,40,0,7,.318,28,159,6,123,0.59,hitting,6,148,22,3,279,2366,.298,.729,651,695734,Daylen Lile,89,81,0,7,2026,.431,.682,15,126,120,Washington Nationals,258,8
23,54,186,62.00,.247,.274,7,0,0,.---,8,58,8,60,1.11,hitting,2,46,3,0,85,718,.276,.658,199,691458,Blaze Jordan,28,16,0,4,2026,.382,.---,0,30,138,St. Louis Cardinals,71,4
23,127,445,29.67,.247,.290,56,0,6,.240,22,123,4,106,0.83,hitting,7,110,15,1,192,2061,.337,.748,513,683953,Travis Bazzana,57,56,0,5,2026,.411,.760,19,107,114,Cleveland Guardians,183,3
27,72,255,85.00,.247,.275,11,0,4,.400,6,79,15,93,1.29,hitting,15,63,3,0,117,1024,.317,.631,288,671289,Tyler Freeman,23,29,7,0,2026,.314,.600,6,34,115,Colorado Rockies,80,1
28,163,417,27.80,.247,.265,51,0,0,.000,20,113,6,81,0.50,hitting,4,103,15,3,190,1890,.331,.743,477,686469,Vinnie Pasquantino,61,52,0,5,2026,.412,1.000,5,75,118,Kansas City Royals,172,2
27,68,243,22.09,.247,.288,26,0,1,.250,8,95,4,54,0.79,hitting,3,60,11,1,126,1093,.324,.756,276,668723,Ryan Vilade,43,28,1,3,2026,.432,.750,3,65,139,Tampa Bay Rays,105,2
27,47,150,50.00,.247,.281,18,0,0,.000,12,49,3,42,0.89,hitting,1,37,3,0,53,648,.327,.727,173,678011,Anthony Seigler,13,21,2,2,2026,.400,1.000,2,28,111,Boston Red Sox,60,1
26,132,515,12.56,.247,.282,45,0,5,.500,20,137,9,87,0.66,hitting,5,127,41,3,248,2145,.311,.843,570,696100,Hunter Goodman,88,84,0,5,2026,.532,.500,5,174,115,Colorado Rockies,274,2
28,122,382,38.20,.246,.275,53,0,0,.000,14,113,14,99,0.81,hitting,7,94,10,0,159,1794,.345,.711,447,687462,Spencer Horwitz,49,44,0,5,2026,.366,1.000,1,72,134,Pittsburgh Pirates,140,1
21,42,191,191.00,.246,.315,18,0,2,.400,8,61,2,58,1.38,hitting,1,47,1,0,88,882,.311,.636,212,800325,Luis Lara,26,25,0,2,2026,.325,.600,3,46,158,Milwaukee Brewers,62,2
32,40,191,31.83,.246,.291,11,0,1,.167,9,96,2,60,1.50,hitting,1,47,6,0,89,802,.289,.687,204,642201,Eli White,29,27,0,1,2026,.398,.833,5,45,111,Boston Red Sox,76,1
23,67,317,31.70,.246,.311,28,0,0,.000,18,94,5,84,1.25,hitting,3,78,10,0,142,1271,.311,.708,351,691781,Brady House,45,43,0,3,2026,.397,1.000,3,91,120,Washington Nationals,126,0
25,58,220,110.00,.245,.319,25,0,4,.250,12,70,2,53,0.91,hitting,0,54,2,0,88,979,.321,.657,246,683011,Anthony Volpe,28,24,0,1,2026,.336,.750,12,56,147,New York Yankees,74,1
27,15,53,-.--,.245,.317,3,0,0,.---,2,24,1,14,0.93,hitting,0,13,0,0,22,232,.286,.569,57,665861,Sebastián Rivero,8,5,1,0,2026,.283,.---,0,12,108,Los Angeles Angels,15,0
22,180,575,33.82,.245,.274,42,0,5,.556,19,159,9,149,0.83,hitting,13,141,17,0,227,2409,.310,.691,634,702284,Cole Young,66,74,1,3,2026,.381,.444,4,109,136,Seattle Mariners,219,4
25,66,261,23.73,.245,.363,25,1,3,.231,13,86,0,27,0.41,hitting,1,64,11,1,93,1232,.313,.742,289,682987,Spencer Jones,40,36,0,1,2026,.429,.769,10,105,147,New York Yankees,112,1
26,80,404,31.08,.245,.316,31,0,1,.200,20,112,10,106,1.33,hitting,5,99,13,2,169,1738,.305,.716,442,671218,Heliot Ramos,46,48,0,2,2026,.411,.800,4,121,147,New York Yankees,166,4
24,93,396,20.84,.245,.272,53,0,1,.333,27,109,9,116,1.25,hitting,3,97,19,4,179,1739,.338,.810,453,691016,Tyler Soderstrom,56,58,0,1,2026,.472,.667,2,91,133,Athletics,187,3
27,128,466,51.78,.245,.285,17,0,4,.167,25,147,7,137,1.07,hitting,15,114,9,2,200,1859,.290,.651,505,665926,Andrés Giménez,59,38,2,5,2026,.361,.833,20,94,141,Toronto Blue Jays,168,1
26,17,139,27.80,.245,.392,8,0,0,.000,3,50,1,28,1.65,hitting,0,34,5,1,69,555,.286,.660,147,672356,Gabriel Arias,13,14,0,0,2026,.374,1.000,4,60,112,Chicago Cubs,52,0
29,22,86,86.00,.244,.328,1,0,1,1.000,2,51,2,20,0.91,hitting,3,21,1,0,39,310,.275,.577,92,645305,Ali Sánchez,8,7,1,1,2026,.302,.000,0,25,147,New York Yankees,26,0
28,94,336,84.00,.244,.317,32,1,7,.189,13,120,1,87,0.93,hitting,2,82,4,0,149,1532,.314,.650,384,666152,David Hamilton,26,48,13,0,2026,.336,.811,30,86,158,Milwaukee Brewers,113,3
25,121,419,32.23,.243,.273,31,1,0,.000,22,118,19,117,0.97,hitting,12,102,13,0,223,1796,.310,.699,470,687093,Vaughn Grissom,71,47,1,6,2026,.389,1.000,1,86,108,Los Angeles Angels,163,0
26,7,37,37.00,.243,.276,3,0,0,.---,1,19,0,15,2.14,hitting,0,9,1,0,14,132,.300,.651,41,669384,Raynel Delgado,4,4,1,0,2026,.351,.---,0,7,117,Houston Astros,13,0
27,158,551,20.41,.243,.274,34,2,0,.---,27,145,12,125,0.79,hitting,15,134,27,0,265,2344,.302,.748,607,693307,Dillon Dingler,91,72,0,5,2026,.446,.---,0,139,116,Detroit Tigers,246,2
31,104,292,97.33,.243,.273,27,0,2,.222,19,146,4,81,0.78,hitting,1,71,3,0,132,1257,.307,.653,327,664702,Myles Straw,26,44,4,3,2026,.346,.778,7,43,141,Toronto Blue Jays,101,1
31,76,288,36.00,.243,.290,21,0,3,.333,11,83,4,79,1.04,hitting,14,70,8,0,114,1199,.324,.702,327,669242,Tommy Edman,42,44,3,1,2026,.378,.667,6,67,119,Los Angeles Dodgers,109,2
25,44,144,48.00,.243,.294,8,0,2,.500,8,53,4,35,0.80,hitting,3,35,3,0,68,590,.289,.664,161,691740,Daniel Susac,22,11,2,4,2026,.375,.500,2,36,137,San Francisco Giants,54,1
28,157,597,29.85,.243,.300,92,0,2,.400,27,159,10,135,0.86,hitting,13,145,20,3,287,2799,.354,.749,707,683737,Michael Busch,77,78,0,5,2026,.395,.600,3,165,112,Chicago Cubs,236,2
26,143,602,31.68,.243,.282,75,0,0,.000,26,160,19,181,1.27,hitting,31,146,19,5,249,2856,.353,.737,713,671056,Iván Herrera,69,97,0,5,2026,.384,1.000,8,137,138,St. Louis Cardinals,231,1
30,57,227,28.38,.242,.278,7,2,0,.000,10,83,6,66,1.16,hitting,6,55,8,0,99,892,.280,.690,246,624641,Edmundo Sosa,43,29,1,3,2026,.410,1.000,4,53,143,Philadelphia Phillies,93,2
31,45,161,80.50,.242,.280,19,0,2,.200,5,66,3,53,1.18,hitting,0,39,2,0,85,663,.322,.633,183,643396,Isiah Kiner-Falefa,16,23,3,0,2026,.311,.800,8,27,111,Boston Red Sox,50,0
23,151,537,31.59,.242,.270,64,0,1,.067,15,139,6,154,1.02,hitting,16,130,17,2,159,2448,.339,.704,619,802139,JJ Wetherholt,51,89,0,2,2026,.365,.933,14,104,138,St. Louis Cardinals,196,0
37,35,153,76.50,.242,.313,9,0,2,.500,5,59,4,42,1.20,hitting,4,37,2,0,71,647,.298,.612,168,516782,Starling Marte,14,15,0,2,2026,.314,.500,2,41,118,Kansas City Royals,48,0
34,136,513,23.32,.242,.311,107,1,1,.083,26,142,11,90,0.66,hitting,11,124,22,12,200,2723,.382,.803,634,545361,Mike Trout,54,86,0,2,2026,.421,.917,11,165,108,Los Angeles Angels,216,0
26,84,327,46.71,.242,.336,40,0,3,.231,23,104,6,58,0.69,hitting,10,79,7,0,132,1460,.340,.716,379,681393,Connor Norby,33,36,0,2,2026,.376,.769,10,108,115,Colorado Rockies,123,0
25,8,29,-.--,.241,.292,0,0,0,.---,0,12,0,10,1.25,hitting,0,7,0,0,8,97,.241,.482,30,807747,Rikuu Nishida,2,3,1,0,2026,.241,.---,0,5,145,Chicago White Sox,7,0
30,42,199,18.09,.241,.311,13,0,4,.235,5,116,3,43,1.02,hitting,1,48,11,0,103,831,.291,.733,216,656537,Derek Hill,31,30,3,0,2026,.442,.765,13,69,143,Philadelphia Phillies,88,1
29,116,411,27.40,.241,.308,49,0,1,1.000,22,130,8,73,0.63,hitting,3,99,15,1,182,1900,.323,.727,468,663886,Tyler Stephenson,54,41,0,5,2026,.404,.000,0,128,113,Cincinnati Reds,166,0
33,41,187,62.33,.241,.292,6,0,2,.667,12,58,7,61,1.49,hitting,2,45,3,0,105,691,.270,.634,196,595879,Javier Báez,20,25,0,1,2026,.364,.333,1,41,116,Detroit Tigers,68,1
33,184,640,33.68,.241,.282,48,0,4,.160,29,156,11,159,0.86,hitting,4,154,19,1,237,2634,.296,.674,695,607208,Trea Turner,58,100,0,3,2026,.378,.840,21,146,143,Philadelphia Phillies,242,1
34,50,237,13.17,.241,.289,43,2,3,.375,10,66,9,46,0.92,hitting,2,57,18,5,85,1217,.360,.871,285,592450,Aaron Judge,41,45,0,1,2026,.511,.625,5,85,147,New York Yankees,121,0
29,82,312,78.00,.240,.272,34,0,4,.400,12,95,4,111,1.35,hitting,3,75,4,1,167,1366,.319,.636,354,650859,Luis Rengifo,36,38,3,2,2026,.317,.600,6,49,135,San Diego Padres,99,0
28,119,362,30.17,.240,.261,38,0,1,1.000,26,98,8,93,0.78,hitting,2,87,12,0,185,1691,.312,.729,407,668939,Adley Rutschman,59,43,0,5,2026,.417,.000,0,68,111,Boston Red Sox,151,1
34,25,129,129.00,.240,.337,11,0,2,.400,9,67,1,38,1.52,hitting,3,31,1,2,48,558,.315,.664,147,624428,Adam Frazier,13,19,4,0,2026,.349,.600,3,39,108,Los Angeles Angels,45,1
25,168,616,22.82,.240,.321,68,0,12,.333,31,156,3,88,0.52,hitting,14,148,27,1,206,2785,.329,.767,699,687263,Zach Neto,77,101,0,1,2026,.438,.667,24,213,108,Los Angeles Angels,270,5
23,6,25,25.00,.240,.357,2,0,1,1.000,0,24,1,3,0.50,hitting,0,6,1,0,15,118,.286,.646,28,682634,Kevin Alcántara,6,6,0,1,2026,.360,.000,0,11,112,Chicago Cubs,9,0
31,125,421,28.07,.240,.287,39,0,0,.000,24,141,6,90,0.72,hitting,1,101,15,1,188,1769,.302,.715,468,643217,Andrew Benintendi,78,58,1,6,2026,.413,1.000,1,112,145,Chicago White Sox,174,2
27,120,371,46.38,.240,.276,41,0,1,.200,27,118,6,97,0.81,hitting,6,89,8,0,152,1609,.322,.710,426,679845,Nick Loftin,45,42,4,4,2026,.388,.800,4,73,118,Kansas City Royals,144,2
24,58,171,34.20,.240,.271,20,0,2,.333,9,76,2,42,0.72,hitting,3,41,5,0,92,787,.327,.742,199,807713,Matt Shaw,24,25,3,2,2026,.415,.667,4,35,112,Chicago Cubs,71,3
25,96,338,30.73,.240,.269,38,0,4,.667,14,133,10,96,1.00,hitting,9,81,11,2,139,1542,.330,.726,390,687551,Drew Gilbert,43,53,2,3,2026,.396,.333,2,70,137,San Francisco Giants,134,3
27,83,309,28.09,.239,.289,27,0,4,.333,13,103,8,79,0.95,hitting,0,74,11,0,142,1380,.297,.692,347,694374,Tim Tawa,41,40,7,4,2026,.395,.667,8,84,109,Arizona Diamondbacks,122,1
25,56,259,86.33,.239,.292,22,0,1,.111,10,88,6,88,1.57,hitting,2,62,3,0,104,1105,.304,.624,284,810938,Ben Williamson,26,32,1,0,2026,.320,.889,8,54,139,Tampa Bay Rays,83,1
28,106,447,21.29,.239,.322,52,0,1,.500,27,121,9,76,0.72,hitting,10,107,21,5,208,1922,.331,.790,512,669065,Kyle Stowers,65,57,1,2,2026,.459,.500,1,161,146,Miami Marlins,205,4
30,158,527,19.52,.239,.263,39,0,2,.167,22,144,10,122,0.77,hitting,7,126,27,1,229,2234,.299,.760,579,665019,Kody Clemens,80,74,3,3,2026,.461,.833,10,127,142,Minnesota Twins,243,7
22,160,527,19.52,.239,.294,65,0,1,.333,35,149,4,78,0.49,hitting,4,126,27,1,183,2482,.323,.790,603,695600,Carter Jensen,81,80,0,7,2026,.467,.667,2,170,118,Kansas City Royals,246,2
24,47,222,44.40,.239,.304,26,0,1,.200,10,71,10,63,1.34,hitting,2,53,5,1,101,995,.323,.683,251,682663,Agustín Ramírez,24,31,0,1,2026,.360,.800,4,60,146,Miami Marlins,80,1
23,17,88,88.00,.239,.364,3,0,1,.100,6,27,2,18,1.06,hitting,0,21,1,0,33,339,.264,.605,91,696135,Kahlil Watson,11,6,0,0,2026,.341,.900,9,32,114,Cleveland Guardians,30,0
28,70,281,35.12,.238,.285,46,0,1,.333,14,89,6,79,1.13,hitting,0,67,8,3,120,1371,.343,.724,330,663457,Lars Nootbaar,32,39,1,2,2026,.381,.667,2,68,109,Arizona Diamondbacks,107,1
28,78,323,107.67,.238,.296,28,2,1,.071,12,124,8,100,1.28,hitting,5,77,3,0,157,1338,.308,.611,361,669707,Jared Triolo,29,34,2,1,2026,.303,.929,13,71,134,Pittsburgh Pirates,98,0
25,166,579,26.32,.238,.280,73,0,3,.125,32,155,8,132,0.80,hitting,8,138,22,4,239,2620,.328,.794,668,682998,Corbin Carroll,77,90,0,8,2026,.466,.875,21,151,109,Arizona Diamondbacks,270,17
27,161,600,27.27,.238,.284,33,0,0,.000,26,158,17,144,0.89,hitting,18,143,22,1,265,2560,.296,.691,656,666176,Jo Adell,93,69,0,5,2026,.395,1.000,5,157,114,Cleveland Guardians,237,1
24,130,407,23.94,.238,.282,55,0,4,.211,20,109,8,74,0.57,hitting,4,97,17,1,152,1869,.334,.757,467,694671,Wyatt Langford,44,64,0,1,2026,.423,.789,15,107,140,Texas Rangers,172,2
28,92,340,21.25,.238,.271,35,1,0,.000,14,98,10,83,0.90,hitting,6,81,16,0,159,1521,.319,.740,384,668715,Spencer Steer,40,54,0,2,2026,.421,1.000,3,86,113,Cincinnati Reds,143,0
29,231,613,27.86,.238,.248,46,0,4,.500,27,161,8,146,0.63,hitting,8,146,22,1,254,2536,.294,.687,681,645277,Ozzie Albies,73,85,0,14,2026,.393,.500,4,104,144,Atlanta Braves,241,1
30,57,252,28.00,.238,.274,17,0,0,.000,14,92,3,81,1.42,hitting,4,60,9,0,99,1078,.296,.697,277,620443,Luis Torrens,41,36,3,1,2026,.401,1.000,1,58,121,New York Mets,101,0
26,111,416,37.82,.238,.307,44,1,1,.167,22,142,5,88,0.79,hitting,3,99,11,0,162,1887,.312,.687,469,683146,Brett Baty,56,53,0,5,2026,.375,.833,5,123,121,New York Mets,156,1
25,94,311,103.67,.238,.274,41,1,1,.333,15,123,3,97,1.03,hitting,4,74,3,0,138,1316,.331,.653,364,678391,Jorbit Vivas,31,32,3,4,2026,.322,.667,2,53,120,Washington Nationals,100,1
30,60,227,22.70,.238,.270,14,0,1,.250,6,87,1,59,0.98,hitting,0,54,10,0,83,880,.279,.684,244,642708,Amed Rosario,34,28,0,3,2026,.405,.750,3,57,147,New York Yankees,92,1
30,50,227,25.22,.238,.324,15,0,1,.100,10,107,9,47,0.94,hitting,3,54,9,2,109,962,.293,.694,249,642350,Jose Siri,31,35,3,1,2026,.401,.900,9,80,108,Los Angeles Angels,91,0
28,123,404,17.56,.238,.272,22,0,1,.500,17,117,4,72,0.59,hitting,3,96,23,0,163,1516,.278,.758,436,666160,Mickey Moniak,65,49,0,7,2026,.480,.500,1,120,115,Colorado Rockies,194,6
29,100,341,34.10,.238,.268,46,0,7,.292,14,123,7,96,0.96,hitting,4,81,10,0,158,1520,.333,.711,395,680700,Richie Palacios,57,51,2,2,2026,.378,.708,17,68,139,Tampa Bay Rays,129,2
33,53,249,49.80,.237,.338,11,0,0,.000,14,63,7,53,1.00,hitting,1,59,5,1,118,975,.270,.623,263,596115,Trevor Story,29,24,0,2,2026,.353,1.000,5,86,111,Boston Red Sox,88,0
33,69,266,17.73,.237,.274,35,0,0,.000,16,112,7,58,0.84,hitting,4,63,15,3,125,1235,.330,.796,309,624424,Michael Conforto,44,32,0,4,2026,.466,1.000,1,80,112,Chicago Cubs,124,0
21,35,152,21.71,.237,.282,10,0,1,.333,4,42,1,40,1.14,hitting,1,36,7,0,71,652,.285,.699,166,806146,George Lombard Jr.,22,23,1,2,2026,.414,.667,2,44,147,New York Yankees,63,1
24,26,110,22.00,.236,.284,3,0,2,.667,5,40,3,27,1.04,hitting,0,26,5,0,44,435,.257,.675,113,682674,Victor Bericoto,15,9,0,0,2026,.418,.333,1,31,137,San Francisco Giants,46,0
24,31,140,140.00,.236,.348,18,0,0,.000,4,58,4,33,1.06,hitting,0,33,1,0,54,641,.323,.623,162,701852,Drew Cavanaugh,12,9,4,0,2026,.300,1.000,1,47,137,San Francisco Giants,42,1
22,29,140,23.33,.236,.284,7,0,2,1.000,4,40,0,39,1.34,hitting,1,33,6,0,51,539,.277,.698,148,699302,Héctor Rodríguez,17,16,0,0,2026,.421,.000,0,39,113,Cincinnati Reds,59,2
29,112,310,51.67,.235,.278,26,0,4,.500,23,106,8,63,0.56,hitting,3,73,6,0,171,1484,.297,.671,344,655316,Andruw Monasterio,42,35,1,4,2026,.374,.500,4,67,111,Boston Red Sox,116,1
34,99,374,14.38,.235,.249,49,1,0,.000,12,136,11,88,0.89,hitting,5,88,26,2,122,1727,.329,.816,432,592626,Joc Pederson,53,56,0,3,2026,.487,1.000,2,102,140,Texas Rangers,182,2
24,10,51,25.50,.235,.244,5,0,1,.500,3,22,2,22,2.20,hitting,1,12,2,0,15,209,.316,.728,58,683679,Jesus Rodriguez,8,7,1,0,2026,.412,.500,1,8,137,San Francisco Giants,21,0
34,74,438,36.50,.235,.306,49,0,1,.083,23,117,7,133,1.80,hitting,4,103,12,4,215,2070,.315,.694,496,592885,Christian Yelich,58,69,1,4,2026,.379,.917,11,133,158,Milwaukee Brewers,166,2
25,91,468,27.53,.235,.295,61,0,7,.412,19,153,7,133,1.46,hitting,2,110,17,1,189,2236,.325,.718,535,671732,Lawrence Butler,62,64,2,2,2026,.393,.588,10,138,133,Athletics,184,2
25,15,98,19.60,.235,.316,6,0,0,.000,5,38,3,25,1.67,hitting,5,23,5,0,61,404,.309,.748,111,677592,Everson Pereira,12,10,1,1,2026,.439,1.000,1,37,138,St. Louis Cardinals,43,0
33,189,473,39.42,.235,.248,60,1,4,.098,27,125,6,111,0.59,hitting,3,111,12,8,217,2199,.320,.688,544,608070,José Ramírez,53,71,0,7,2026,.368,.902,37,69,114,Cleveland Guardians,174,0
33,79,307,43.86,.235,.293,37,0,2,1.000,18,84,6,78,0.99,hitting,5,72,7,1,124,1419,.324,.692,352,656305,Matt Chapman,42,35,0,3,2026,.368,.000,0,81,137,San Francisco Giants,113,1
30,50,209,52.25,.234,.302,17,0,1,.250,12,76,7,58,1.16,hitting,6,49,4,0,84,898,.309,.658,237,657136,Connor Wong,25,22,4,1,2026,.349,.750,3,57,111,Boston Red Sox,73,0
23,67,303,21.64,.234,.273,19,0,0,.---,9,105,6,89,1.33,hitting,2,71,14,0,133,1282,.282,.685,330,691788,Joe Mack,52,40,4,2,2026,.403,.---,0,82,146,Miami Marlins,122,0
24,43,158,39.50,.234,.306,13,0,2,.333,5,56,4,32,0.74,hitting,2,37,4,0,66,699,.295,.649,176,695336,Thomas Saggese,14,25,0,3,2026,.354,.667,4,49,138,St. Louis Cardinals,56,1
24,49,231,57.75,.234,.323,32,0,0,.000,9,89,8,59,1.20,hitting,1,54,4,0,110,1108,.327,.652,269,690976,Alex Freeland,21,32,3,2,2026,.325,1.000,4,74,119,Los Angeles Dodgers,75,0
29,180,535,31.47,.234,.258,78,0,0,.000,23,153,7,131,0.73,hitting,3,125,17,1,256,2447,.331,.718,622,663656,Kyle Tucker,70,89,0,6,2026,.387,1.000,12,105,119,Los Angeles Dodgers,207,4
24,43,137,137.00,.234,.292,16,0,0,.000,3,56,1,34,0.79,hitting,1,32,1,0,70,619,.316,.593,157,687231,Darell Hernaiz,9,13,2,1,2026,.277,1.000,3,31,133,Athletics,38,0
24,71,373,23.31,.233,.309,39,2,0,.---,14,113,17,88,1.24,hitting,4,87,16,1,168,1745,.311,.710,420,682626,Francisco Alvarez,43,38,0,2,2026,.399,.---,0,129,121,New York Mets,149,0
30,152,566,17.15,.233,.279,58,0,1,.500,26,155,15,104,0.68,hitting,6,132,33,0,281,2658,.310,.764,633,672960,Kazuma Okamoto,92,81,0,3,2026,.454,.500,1,181,141,Toronto Blue Jays,257,0
28,43,206,41.20,.233,.333,12,0,4,.222,7,86,2,44,1.02,hitting,0,48,5,0,98,760,.275,.625,219,686668,Brenton Doyle,14,34,1,0,2026,.350,.778,14,72,145,Chicago White Sox,72,1
28,35,142,23.67,.232,.276,17,0,1,.111,8,52,2,38,1.09,hitting,0,33,6,0,66,638,.314,.744,161,670231,John Rave,13,26,2,0,2026,.430,.889,8,38,118,Kansas City Royals,61,1
22,47,241,14.18,.232,.328,42,0,1,1.000,14,72,6,33,0.70,hitting,1,56,17,0,119,1267,.345,.855,287,699013,Esmerlyn Valdez,47,40,0,3,2026,.510,.000,0,108,134,Pittsburgh Pirates,123,1
27,60,211,35.17,.232,.309,23,1,0,.---,11,82,8,39,0.65,hitting,11,49,6,0,102,1002,.337,.707,250,665804,Miguel Amaya,28,35,3,1,2026,.370,.---,0,67,112,Chicago Cubs,78,0
26,104,336,84.00,.232,.248,31,6,3,.300,18,110,5,122,1.17,hitting,2,78,4,1,168,1445,.298,.619,381,686217,Sal Frelick,40,36,2,4,2026,.321,.700,7,38,158,Milwaukee Brewers,108,0
24,136,470,94.00,.232,.292,48,0,3,.231,21,136,9,116,0.85,hitting,7,109,5,0,210,2138,.308,.625,532,691026,Masyn Winn,56,54,0,7,2026,.317,.769,10,116,138,St. Louis Cardinals,149,2
25,14,69,34.50,.232,.304,5,0,0,.---,4,27,3,18,1.29,hitting,3,16,2,0,35,312,.312,.689,77,694514,Sterlin Thompson,10,7,0,0,2026,.377,.---,0,21,115,Colorado Rockies,26,0
24,13,69,23.00,.232,.371,7,0,0,.000,3,36,0,11,0.85,hitting,1,16,3,0,32,303,.312,.747,79,691728,Zac Veen,13,10,2,0,2026,.435,1.000,2,31,115,Colorado Rockies,30,1
28,115,471,24.79,.231,.301,56,0,9,.180,16,137,5,94,0.82,hitting,1,109,19,3,205,2168,.312,.711,532,665862,Jazz Chisholm Jr.,55,69,0,4,2026,.399,.820,41,157,147,New York Yankees,188,3
29,109,411,29.36,.231,.278,29,0,11,.244,13,136,10,105,0.96,hitting,7,95,14,0,184,1847,.290,.655,456,676609,José Caballero,51,50,4,5,2026,.365,.756,34,111,147,New York Yankees,150,0
33,131,520,40.00,.231,.266,77,0,1,.043,18,153,12,165,1.26,hitting,4,120,13,2,216,2368,.332,.676,606,593428,Xander Bogaerts,57,68,0,5,2026,.344,.957,22,109,135,San Diego Padres,179,1
33,8,26,-.--,.231,.316,2,0,0,.---,1,14,1,8,1.00,hitting,0,6,0,0,12,128,.276,.545,32,664731,P.J. Higgins,4,1,3,1,2026,.269,.---,0,8,113,Cincinnati Reds,7,0
27,84,299,99.67,.231,.284,44,0,7,.368,17,117,6,82,0.98,hitting,8,69,3,0,114,1379,.342,.660,354,668885,Austin Martin,24,42,0,3,2026,.318,.632,12,67,142,Minnesota Twins,95,0
33,17,65,-.--,.231,.333,8,0,0,.000,3,28,1,13,0.76,hitting,0,15,0,0,25,292,.311,.588,74,596103,Austin Slater,3,6,0,1,2026,.277,1.000,4,21,139,Tampa Bay Rays,18,0
25,167,516,46.91,.231,.284,78,0,12,.343,19,155,4,111,0.66,hitting,15,119,11,1,211,2379,.348,.707,616,805300,Jakob Marsee,41,83,6,1,2026,.359,.657,23,126,146,Miami Marlins,185,7
33,138,577,12.82,.231,.276,104,1,1,.250,19,155,3,93,0.67,hitting,8,133,45,6,196,2976,.353,.854,696,656941,Kyle Schwarber,95,94,0,6,2026,.501,.750,3,219,143,Philadelphia Phillies,289,1
26,139,525,20.19,.230,.306,71,1,1,.500,28,158,14,76,0.55,hitting,9,121,26,0,239,2585,.330,.766,610,679529,Spencer Torkelson,77,66,0,4,2026,.436,.500,1,193,116,Detroit Tigers,229,1
23,65,256,28.44,.230,.314,21,0,2,.400,9,82,6,44,0.68,hitting,4,59,9,0,106,1110,.296,.683,284,691777,Max Muncy,30,31,0,3,2026,.387,.600,3,91,133,Athletics,99,2
35,69,217,31.00,.230,.276,9,0,0,.---,13,86,2,48,0.70,hitting,2,50,7,1,96,935,.263,.650,236,553869,Elias Díaz,34,20,4,4,2026,.387,.---,0,58,140,Texas Rangers,84,0
30,136,465,22.14,.230,.281,37,0,2,.286,25,121,3,84,0.62,hitting,2,107,21,0,202,1979,.289,.713,505,642715,Willy Adames,51,62,0,1,2026,.424,.714,5,139,137,San Francisco Giants,197,1
30,138,552,19.71,.230,.273,56,0,2,.333,23,154,8,126,0.91,hitting,4,127,28,0,259,2315,.304,.728,616,669394,Jake Burger,90,71,0,4,2026,.424,.667,4,165,140,Texas Rangers,234,0
23,30,100,14.29,.230,.262,4,0,1,.333,7,29,0,15,0.50,hitting,3,23,7,0,51,382,.278,.788,108,695491,Joshua Báez,18,18,0,1,2026,.510,.667,2,33,138,St. Louis Cardinals,51,0
31,50,161,161.00,.230,.283,23,0,1,.500,8,87,2,41,0.82,hitting,7,37,1,0,83,841,.347,.645,193,669743,Alex Call,19,24,0,2,2026,.298,.500,1,35,119,Los Angeles Dodgers,48,0
28,46,166,41.50,.229,.272,18,0,0,.000,1,74,0,46,1.00,hitting,2,38,4,0,71,756,.309,.640,189,663494,Bryan Torres,19,17,1,2,2026,.331,1.000,2,39,138,St. Louis Cardinals,55,2
36,185,577,27.48,.229,.250,25,2,0,.000,24,151,20,148,0.80,hitting,13,132,21,3,255,2332,.273,.656,624,521692,Salvador Perez,77,50,0,7,2026,.383,1.000,1,119,118,Kansas City Royals,221,1
22,88,315,45.00,.229,.285,34,0,3,.273,12,98,6,76,0.86,hitting,0,72,7,2,128,1340,.300,.640,354,702616,Jackson Holliday,30,45,1,4,2026,.340,.727,8,84,110,Baltimore Orioles,107,1
32,41,105,52.50,.229,.250,5,0,0,.000,4,43,0,27,0.66,hitting,1,24,2,0,46,407,.268,.592,114,668942,Josh Rojas,14,11,2,1,2026,.324,1.000,1,16,118,Kansas City Royals,34,0
24,96,324,36.00,.228,.300,35,0,5,.500,20,104,3,57,0.59,hitting,2,74,9,1,134,1503,.307,.680,363,687637,Dylan Beavers,44,41,1,1,2026,.373,.500,5,99,110,Baltimore Orioles,121,0
24,110,412,17.17,.228,.279,36,0,0,.000,18,132,4,71,0.65,hitting,5,94,24,0,183,1880,.297,.758,454,691723,Coby Mayo,63,64,0,1,2026,.461,1.000,4,138,110,Baltimore Orioles,190,3
34,20,88,22.00,.227,.286,6,0,0,.---,4,40,1,20,1.00,hitting,0,20,4,0,45,339,.277,.686,94,571771,Enrique Hernández,12,12,0,0,2026,.409,.---,0,28,119,Los Angeles Dodgers,36,0
24,46,207,103.50,.227,.274,9,0,6,.261,4,103,5,75,1.63,hitting,1,47,2,0,95,768,.260,.535,221,682668,Luisangel Acuña,13,22,2,2,2026,.275,.739,17,43,145,Chicago White Sox,57,0
35,104,357,29.75,.227,.276,41,0,0,.000,18,138,5,77,0.74,hitting,4,81,12,0,148,1716,.312,.696,404,573262,Mike Yastrzemski,41,51,0,2,2026,.384,1.000,1,97,144,Atlanta Braves,137,1
32,98,375,53.57,.227,.287,36,0,2,.182,13,108,3,99,1.01,hitting,6,85,7,0,163,1719,.305,.628,420,630105,Jake Cronenworth,40,46,3,0,2026,.323,.818,9,96,135,San Diego Padres,121,1
25,173,623,25.96,.226,.263,67,0,5,.333,27,158,9,155,0.90,hitting,10,141,24,3,245,2785,.311,.715,702,683002,Gunnar Henderson,60,88,0,2,2026,.404,.667,10,156,110,Baltimore Orioles,252,6
32,96,380,20.00,.226,.257,45,0,0,.000,16,101,15,98,1.02,hitting,4,86,19,4,172,1594,.313,.731,432,608369,Corey Seager,49,56,0,3,2026,.418,1.000,2,103,140,Texas Rangers,159,0
26,79,341,26.23,.226,.305,46,0,4,.286,10,142,2,68,0.86,hitting,1,77,13,0,153,1677,.317,.687,392,681297,Colton Cowser,40,41,1,3,2026,.370,.714,10,121,110,Baltimore Orioles,126,0
23,63,319,53.17,.226,.272,38,0,3,.750,16,92,5,114,1.81,hitting,3,72,6,0,139,1399,.313,.664,361,695731,Braden Montgomery,38,47,0,1,2026,.351,.250,1,71,145,Chicago White Sox,112,3
26,68,337,48.14,.226,.311,17,0,2,.143,12,122,8,86,1.26,hitting,10,76,7,0,158,1397,.282,.617,366,672724,Oswald Peraza,25,33,1,1,2026,.335,.857,12,109,108,Los Angeles Angels,113,2
30,49,173,43.25,.225,.313,10,0,0,.000,5,66,2,29,0.59,hitting,1,39,4,0,94,730,.267,.591,188,656484,Tristan Gray,29,16,1,3,2026,.324,1.000,2,60,142,Minnesota Twins,56,0
29,65,213,71.00,.225,.296,27,0,0,.---,9,92,2,46,0.71,hitting,1,48,3,0,96,1000,.314,.633,246,676439,Hunter Feduccia,19,21,4,1,2026,.319,.---,0,59,119,Los Angeles Dodgers,68,1
26,116,444,18.50,.225,.264,52,0,5,.278,16,129,6,96,0.83,hitting,4,100,24,1,220,1995,.311,.743,501,681715,Heriberto Hernández,66,49,0,1,2026,.432,.722,13,133,146,Miami Marlins,192,2
31,64,262,17.47,.225,.284,15,0,2,.667,9,95,1,49,0.77,hitting,7,59,15,1,124,1104,.284,.723,287,670042,Luke Raley,39,28,2,1,2026,.439,.333,1,93,136,Seattle Mariners,115,1
32,142,498,71.14,.225,.288,99,0,4,.500,20,143,9,117,0.82,hitting,7,112,7,2,182,2520,.359,.670,607,621493,Taylor Ward,37,71,0,3,2026,.311,.500,4,130,136,Seattle Mariners,155,1
23,65,209,34.83,.225,.265,10,1,1,.111,12,57,1,49,0.75,hitting,2,47,6,0,86,829,.267,.635,222,691176,Jasson Domínguez,14,22,0,0,2026,.368,.889,8,48,147,New York Yankees,77,0
32,83,218,31.14,.225,.241,13,0,2,.667,13,84,4,51,0.61,hitting,1,49,7,0,107,829,.268,.658,237,664954,Brett Sullivan,33,23,2,3,2026,.390,.333,1,40,115,Colorado Rockies,85,1
27,148,459,32.79,.224,.277,38,0,0,.000,24,124,5,84,0.57,hitting,3,103,14,1,223,1979,.285,.658,505,668904,Royce Lewis,56,50,0,5,2026,.373,1.000,15,129,142,Minnesota Twins,171,1
24,65,174,43.50,.224,.257,9,0,1,.091,4,82,1,41,0.63,hitting,2,39,4,0,87,650,.269,.597,191,690984,Petey Halpin,14,27,5,1,2026,.328,.909,10,35,114,Cleveland Guardians,57,1
30,94,326,29.64,.224,.277,44,0,3,.250,19,118,4,68,0.72,hitting,2,73,11,0,125,1531,.318,.701,374,657041,Lane Thomas,40,37,0,2,2026,.383,.750,9,93,144,Atlanta Braves,125,0
25,60,237,29.62,.224,.278,28,0,0,.000,9,90,4,58,0.97,hitting,1,53,8,0,106,1097,.307,.670,268,678218,Brandon Valenzuela,22,28,1,1,2026,.363,1.000,2,68,141,Toronto Blue Jays,86,0
35,161,568,20.29,.224,.250,49,0,0,.---,26,155,14,136,0.84,hitting,10,127,28,2,305,2462,.295,.716,630,572233,Christian Walker,86,70,0,3,2026,.421,.---,0,147,117,Houston Astros,239,1
24,62,206,29.43,.223,.247,11,0,1,.333,9,80,5,58,0.94,hitting,4,46,7,0,76,868,.275,.644,223,694378,Jacob Gonzalez,31,21,1,1,2026,.369,.667,2,42,134,Pittsburgh Pirates,76,0
27,37,103,103.00,.223,.256,13,0,1,.333,7,33,1,27,0.73,hitting,2,23,1,0,51,483,.311,.631,122,806367,Turner Hill,16,13,0,4,2026,.320,.667,2,20,137,San Francisco Giants,33,0
22,41,148,-.--,.223,.297,6,0,1,.500,4,50,0,39,0.95,hitting,3,33,0,0,71,574,.266,.530,160,695490,Edwin Arroyo,5,14,2,1,2026,.264,.500,1,38,113,Cincinnati Reds,39,1
24,120,400,30.77,.223,.270,30,0,0,.000,19,108,8,86,0.72,hitting,8,89,13,0,170,1616,.289,.662,439,686611,Dylan Crews,44,54,0,1,2026,.373,1.000,12,106,120,Washington Nationals,149,1
21,82,360,20.00,.222,.259,32,0,0,.---,10,112,7,95,1.16,hitting,4,80,18,2,170,1453,.291,.697,399,694212,Samuel Basallo,54,40,0,3,2026,.406,.---,0,106,110,Baltimore Orioles,146,1
32,134,414,20.70,.222,.241,45,0,2,.400,12,104,4,93,0.69,hitting,5,92,20,0,152,1956,.306,.721,464,596019,Francisco Lindor,48,61,0,0,2026,.415,.600,3,95,121,New York Mets,172,4
27,3,9,9.00,.222,.200,2,0,0,.000,0,14,0,1,0.33,hitting,0,2,1,0,3,49,.364,.920,11,700652,Kenny Piper,2,4,0,0,2026,.556,1.000,1,3,139,Tampa Bay Rays,5,0
29,112,369,184.50,.222,.301,45,0,3,.125,18,124,4,86,0.77,hitting,3,82,2,0,153,1697,.309,.607,433,670764,Taylor Walls,36,60,12,4,2026,.298,.875,21,105,139,Tampa Bay Rays,110,2
25,45,257,36.71,.222,.311,27,0,2,.250,13,115,7,66,1.47,hitting,3,57,7,0,123,1171,.302,.672,288,677588,José Tena,25,36,0,1,2026,.370,.750,6,90,120,Washington Nationals,95,2
28,45,199,49.75,.221,.288,9,0,0,.000,6,70,3,61,1.36,hitting,2,44,4,0,86,749,.262,.574,217,683766,Christian Koss,12,27,7,0,2026,.312,1.000,5,56,137,San Francisco Giants,62,0
29,163,484,40.33,.221,.260,39,0,0,.000,23,140,4,108,0.66,hitting,2,107,12,2,222,1998,.281,.636,526,662139,Daulton Varsho,40,51,0,1,2026,.355,1.000,12,107,117,Houston Astros,172,3
29,82,290,48.33,.221,.272,15,0,0,.000,9,99,8,82,1.00,hitting,3,64,6,0,135,1134,.265,.586,319,664728,Kyle Isbel,24,32,9,2,2026,.321,1.000,6,73,118,Kansas City Royals,93,1
28,54,204,18.54,.221,.243,24,0,3,.600,5,61,6,52,0.96,hitting,0,45,11,0,101,884,.300,.707,230,673357,Luis Robert Jr.,26,26,0,2,2026,.407,.400,2,55,110,Baltimore Orioles,83,0
29,151,563,29.63,.220,.301,47,0,2,.182,21,158,11,93,0.62,hitting,11,124,19,1,254,2517,.291,.657,626,663586,Austin Riley,72,64,0,5,2026,.366,.818,9,200,144,Atlanta Braves,206,2
32,95,327,46.71,.220,.262,34,0,0,.---,10,106,8,88,0.93,hitting,13,72,7,1,161,1460,.312,.627,382,605170,Victor Caratini,44,28,0,8,2026,.315,.---,0,80,142,Minnesota Twins,103,0
31,116,409,29.21,.220,.251,64,0,3,.750,12,115,6,113,0.97,hitting,8,90,14,1,142,2057,.335,.687,486,641487,J.P. Crawford,40,54,2,3,2026,.352,.250,1,95,136,Seattle Mariners,144,0
31,124,541,22.54,.220,.286,81,0,1,.200,28,155,11,114,0.92,hitting,7,119,24,4,277,2707,.329,.745,631,664023,Ian Happ,68,89,1,1,2026,.416,.800,4,186,112,Chicago Cubs,225,3
23,69,291,20.79,.220,.309,27,0,1,.167,14,108,3,43,0.62,hitting,4,64,14,0,123,1362,.288,.700,330,683357,Owen Caissie,58,45,0,8,2026,.412,.833,5,123,146,Miami Marlins,120,0
28,11,41,-.--,.220,.375,2,0,1,.250,1,18,0,5,0.45,hitting,0,9,0,0,18,184,.256,.500,44,670224,Kameron Misner,4,2,1,0,2026,.244,.750,3,17,118,Kansas City Royals,10,0
26,16,73,73.00,.219,.366,10,0,1,1.000,2,36,0,10,0.63,hitting,0,16,1,0,26,326,.313,.601,83,672284,Jarred Kelenic,6,5,0,0,2026,.288,.000,0,31,140,Texas Rangers,21,0
31,29,73,36.50,.219,.246,4,0,0,.---,4,29,3,14,0.48,hitting,3,16,2,0,28,291,.288,.644,80,668800,Andrew Knizner,4,8,0,0,2026,.356,.---,0,14,137,San Francisco Giants,26,0
26,84,251,62.75,.219,.280,17,0,0,.---,9,85,6,48,0.57,hitting,3,55,4,0,115,988,.275,.578,274,681351,Logan O'Hoppe,24,25,1,2,2026,.303,.---,0,67,140,Texas Rangers,76,0
27,125,429,53.62,.219,.288,41,0,4,.267,18,139,8,97,0.78,hitting,1,94,8,0,173,1882,.288,.633,482,665750,Leody Taveras,56,58,9,2,2026,.345,.733,11,124,110,Baltimore Orioles,148,6
22,73,279,34.88,.219,.272,17,1,1,.333,9,86,4,71,0.97,hitting,1,61,8,0,116,1117,.266,.603,300,694203,Denzer Guzman,33,33,2,0,2026,.337,.667,2,76,108,Los Angeles Angels,94,0
24,136,462,35.54,.219,.268,29,0,1,.111,23,145,8,106,0.78,hitting,2,101,13,0,237,1873,.263,.616,503,678662,Ezequiel Tovar,44,57,2,8,2026,.353,.889,8,129,115,Colorado Rockies,163,0
36,48,165,23.57,.218,.261,19,0,0,.---,4,58,5,34,0.71,hitting,2,36,7,0,73,765,.306,.676,186,543309,Kyle Higashioka,18,20,0,0,2026,.370,.---,0,47,140,Texas Rangers,61,0
28,13,55,18.33,.218,.257,5,0,0,.---,4,20,2,13,1.00,hitting,0,12,3,0,33,252,.283,.738,60,669899,Ryan Ward,12,8,0,0,2026,.455,.---,0,17,119,Los Angeles Dodgers,25,0
28,62,243,30.38,.218,.259,21,0,4,.500,9,105,6,68,1.10,hitting,2,53,8,0,119,1001,.286,.665,267,668952,Ryan Kreidler,29,33,1,0,2026,.379,.500,4,61,142,Minnesota Twins,92,3
24,21,69,69.00,.217,.318,6,0,0,.---,3,32,0,9,0.43,hitting,1,15,1,0,43,265,.286,.619,77,814430,Brett Callahan,8,4,0,1,2026,.333,.---,0,25,116,Detroit Tigers,23,1
33,39,152,30.40,.217,.235,1,0,1,1.000,3,52,3,54,1.38,hitting,0,33,5,0,65,544,.221,.557,156,624431,Jose Trevino,19,12,2,1,2026,.336,.000,0,29,113,Cincinnati Reds,51,0
24,32,129,32.25,.217,.264,13,0,0,.000,3,45,0,36,1.13,hitting,0,28,4,0,52,576,.289,.638,143,694371,Tommy Troy,9,23,1,0,2026,.349,1.000,1,34,109,Arizona Diamondbacks,45,1
26,66,277,27.70,.217,.249,10,0,2,.500,11,102,11,86,1.30,hitting,2,60,10,1,151,1061,.247,.612,293,669236,Jeremiah Jackson,45,29,1,3,2026,.365,.500,2,69,110,Baltimore Orioles,101,0
22,85,314,34.89,.217,.260,29,0,1,.500,10,103,6,83,0.98,hitting,1,68,9,0,148,1333,.282,.616,348,694208,Moisés Ballesteros,35,26,0,4,2026,.334,.500,1,82,108,Los Angeles Angels,105,0
33,175,587,19.57,.216,.229,76,0,4,.444,22,157,22,153,0.87,hitting,1,127,30,3,261,2663,.303,.710,675,592518,Manny Machado,90,82,1,10,2026,.407,.556,5,143,135,San Diego Padres,239,0
25,9,37,-.--,.216,.276,1,0,0,.---,3,13,1,12,1.33,hitting,0,8,0,0,18,119,.237,.534,38,671655,George Valera,6,1,0,0,2026,.297,.---,0,8,114,Cleveland Guardians,11,0
31,24,88,44.00,.216,.298,9,0,0,.000,7,31,1,16,0.67,hitting,0,19,2,0,45,411,.289,.653,97,641584,Jake Fraley,5,6,0,0,2026,.364,1.000,3,29,139,Tampa Bay Rays,32,0
25,76,312,24.00,.215,.289,36,0,0,.---,10,102,5,57,0.75,hitting,6,67,13,0,158,1459,.306,.684,356,700932,Kyle Manzardo,39,40,0,2,2026,.378,.---,0,114,114,Cleveland Guardians,118,1
29,30,112,28.00,.214,.270,7,0,0,.---,4,44,1,24,0.80,hitting,8,24,4,0,57,490,.305,.662,128,663698,Joey Bart,13,13,0,1,2026,.357,.---,0,35,145,Chicago White Sox,40,0
28,170,462,19.25,.214,.234,72,1,5,.455,16,132,6,76,0.45,hitting,3,99,24,1,219,2131,.322,.735,541,668709,JJ Bleday,58,61,0,3,2026,.413,.545,6,120,113,Cincinnati Reds,191,2
26,11,28,28.00,.214,.238,2,0,0,.---,0,13,0,6,0.55,hitting,1,6,1,1,10,103,.281,.602,33,695020,Tanner Murray,3,2,1,1,2026,.321,.---,0,7,145,Chicago White Sox,9,0
27,61,210,35.00,.214,.315,25,1,8,.195,12,108,0,26,0.43,hitting,12,45,6,0,103,1005,.331,.698,251,665923,Esteury Ruiz,16,37,2,1,2026,.367,.805,33,81,146,Miami Marlins,77,1
35,179,490,32.67,.214,.239,45,0,3,.231,14,138,10,109,0.61,hitting,2,105,15,0,225,2050,.280,.619,543,543760,Marcus Semien,49,55,1,5,2026,.339,.769,10,103,121,New York Mets,166,1
32,117,425,22.37,.214,.242,50,0,1,.056,16,125,5,109,0.93,hitting,2,91,19,0,221,1868,.297,.697,482,621020,Dansby Swanson,69,82,1,4,2026,.400,.944,17,113,112,Chicago Cubs,170,3
27,22,103,103.00,.214,.296,14,1,1,.500,7,40,2,29,1.32,hitting,1,22,1,1,47,478,.311,.641,121,694388,Joey Loperfido,12,13,1,1,2026,.330,.500,1,32,117,Houston Astros,34,1
31,80,328,29.82,.213,.278,28,0,2,.400,14,124,7,74,0.93,hitting,2,70,11,0,143,1485,.279,.636,360,641857,Ryan McMahon,41,33,1,1,2026,.357,.600,3,106,147,New York Yankees,117,0
26,12,75,75.00,.213,.349,7,0,0,.000,4,35,1,16,1.33,hitting,0,16,1,0,32,333,.280,.587,82,701305,Zach Dezenzo,3,11,0,0,2026,.307,1.000,1,31,117,Houston Astros,23,0
30,45,141,47.00,.213,.250,10,0,2,.667,7,57,3,36,0.80,hitting,1,30,3,0,58,546,.268,.594,153,676694,Jake Meyers,11,15,0,1,2026,.326,.333,1,31,117,Houston Astros,46,0
27,51,188,47.00,.213,.277,12,0,0,.000,6,83,5,47,0.92,hitting,2,40,4,0,83,866,.265,.574,208,686780,Pedro Pagés,12,14,4,2,2026,.309,1.000,2,56,138,St. Louis Cardinals,58,0
21,22,80,20.00,.213,.228,7,0,1,.500,2,25,2,23,1.05,hitting,1,17,4,0,33,328,.284,.672,89,805805,Walker Jenkins,10,13,1,0,2026,.388,.500,1,19,142,Minnesota Twins,31,0
31,71,231,23.10,.212,.262,27,0,0,.000,8,85,5,39,0.55,hitting,2,49,10,0,100,1049,.300,.677,260,641933,Tyler O'Neill,23,31,0,0,2026,.377,1.000,1,72,110,Baltimore Orioles,87,0
34,103,434,16.69,.212,.273,52,0,1,.500,18,125,6,73,0.71,hitting,9,92,26,1,221,2034,.307,.740,498,553993,Eugenio Suárez,74,50,0,3,2026,.433,.500,1,169,113,Cincinnati Reds,188,0
28,126,439,73.17,.212,.275,63,0,5,.385,24,144,8,106,0.84,hitting,7,93,6,0,211,2052,.318,.639,515,686555,Isaac Collins,40,47,3,3,2026,.321,.615,8,120,118,Kansas City Royals,141,3
26,79,274,21.08,.212,.233,15,0,0,.---,11,87,12,69,0.87,hitting,3,58,13,0,141,1068,.258,.652,295,668901,Mark Vientos,41,28,0,3,2026,.394,.---,0,71,121,New York Mets,108,0
21,11,52,13.00,.212,.292,7,0,0,.---,2,21,3,6,0.55,hitting,0,11,4,1,30,252,.305,.786,59,703155,Lazaro Montes,11,7,0,0,2026,.481,.---,0,24,136,Seattle Mariners,25,0
24,23,104,104.00,.212,.269,9,0,0,.000,4,40,3,35,1.52,hitting,2,22,1,0,59,463,.284,.563,117,694377,Nick Yorke,12,7,1,1,2026,.279,1.000,1,26,134,Pittsburgh Pirates,29,0
22,20,123,61.50,.211,.240,11,0,0,.000,4,42,3,56,2.80,hitting,1,26,2,0,53,511,.281,.574,135,694197,Angel Genao,6,15,0,0,2026,.293,1.000,1,21,114,Cleveland Guardians,36,0
26,29,95,31.67,.211,.309,9,0,0,.000,4,40,0,10,0.34,hitting,1,20,3,0,48,424,.283,.672,107,682997,Tyler Callihan,15,13,1,1,2026,.389,1.000,1,38,134,Pittsburgh Pirates,37,2
29,139,418,23.22,.211,.222,61,1,3,.250,19,121,8,106,0.76,hitting,0,88,18,0,170,1966,.308,.703,484,663757,Trent Grisham,59,67,0,4,2026,.395,.750,9,89,147,New York Yankees,165,2
27,3,19,-.--,.211,.400,0,0,0,.---,1,11,0,3,1.00,hitting,0,4,0,0,8,65,.211,.474,19,677008,Heston Kjerstad,2,1,0,0,2026,.263,.---,0,9,110,Baltimore Orioles,5,0
30,97,361,22.56,.211,.229,49,0,0,.000,16,124,12,105,1.08,hitting,5,76,16,0,147,1799,.312,.700,417,657757,Gavin Sheets,47,46,0,2,2026,.388,1.000,4,85,135,San Diego Padres,140,0
25,42,138,34.50,.210,.255,8,0,1,.500,9,61,4,33,0.79,hitting,1,29,4,0,65,610,.257,.634,150,688363,Graham Pauley,25,15,2,1,2026,.377,.500,1,37,146,Miami Marlins,52,1
24,25,119,23.80,.210,.313,19,0,0,.---,3,39,2,20,0.80,hitting,4,25,5,0,61,612,.336,.697,144,691019,Kyle Teel,26,21,1,1,2026,.361,.---,0,51,145,Chicago White Sox,43,0
32,62,186,93.00,.210,.248,10,0,0,.000,9,51,2,50,0.81,hitting,2,39,2,0,84,727,.254,.544,201,666971,Lourdes Gurriel Jr.,22,13,0,3,2026,.290,1.000,1,38,109,Arizona Diamondbacks,54,0
28,41,158,26.33,.209,.287,17,0,2,.400,6,93,3,26,0.63,hitting,4,33,6,0,86,687,.302,.675,179,663330,Jahmai Jones,16,20,0,0,2026,.373,.600,3,58,111,Boston Red Sox,59,1
28,90,307,25.58,.208,.268,25,0,1,.091,11,113,0,54,0.60,hitting,3,64,12,1,131,1449,.273,.635,339,666139,Josh Lowe,29,32,2,2,2026,.362,.909,10,103,108,Los Angeles Angels,111,0
25,111,427,427.00,.208,.267,49,0,10,.169,5,146,8,139,1.25,hitting,2,89,1,0,203,1953,.292,.533,489,683083,Nasim Nuñez,36,55,9,2,2026,.241,.831,49,99,120,Washington Nationals,103,3
29,8,24,24.00,.208,.235,0,0,0,.---,1,8,0,5,0.63,hitting,0,5,1,0,7,95,.200,.575,25,663662,Daz Cameron,3,3,0,1,2026,.375,.---,0,7,141,Toronto Blue Jays,9,0
23,57,216,72.00,.208,.253,18,1,0,.000,10,75,5,67,1.18,hitting,3,45,3,0,106,895,.275,.571,241,691785,Marcelo Mayer,22,19,0,3,2026,.296,1.000,3,50,137,San Francisco Giants,64,0
33,60,221,20.09,.208,.229,46,0,0,.---,10,86,8,58,0.97,hitting,3,46,11,1,127,1131,.351,.763,271,596142,Gary Sánchez,36,36,0,1,2026,.412,.---,0,58,158,Milwaukee Brewers,91,1
27,78,308,30.80,.208,.256,28,0,0,.000,8,111,6,82,1.05,hitting,1,64,10,0,135,1354,.274,.612,343,672275,Patrick Bailey,37,31,3,3,2026,.338,1.000,3,90,114,Cleveland Guardians,104,1
28,70,231,17.77,.208,.240,18,2,0,.---,5,81,2,41,0.59,hitting,5,48,13,0,104,1017,.276,.692,259,681481,Kerry Carpenter,36,27,0,3,2026,.416,.---,0,75,116,Detroit Tigers,96,2
29,137,549,27.45,.208,.253,41,0,4,.160,15,150,5,143,1.04,hitting,6,114,20,3,235,2234,.267,.629,606,680776,Jarren Duran,69,66,3,7,2026,.362,.840,21,165,111,Boston Red Sox,199,5
27,52,236,78.67,.208,.284,39,0,3,.375,9,88,6,64,1.23,hitting,1,49,3,0,89,1138,.322,.614,276,666397,Edouard Julien,20,37,0,0,2026,.292,.625,5,71,115,Colorado Rockies,69,1
23,9,53,13.25,.208,.259,4,0,2,1.000,2,18,0,11,1.22,hitting,1,11,4,0,22,226,.276,.748,58,828599,Lucas Spence,10,8,0,0,2026,.472,.000,0,22,117,Houston Astros,25,0
23,130,506,24.10,.208,.244,43,1,2,.143,17,156,9,130,1.00,hitting,7,105,21,0,226,2336,.276,.665,563,701358,Cam Smith,55,66,0,6,2026,.389,.857,12,147,117,Houston Astros,197,6
25,24,111,111.00,.207,.253,8,0,1,1.000,5,38,0,45,1.88,hitting,1,23,1,0,45,457,.267,.564,124,805347,Jim Jarvis,11,10,4,0,2026,.297,.000,0,23,144,Atlanta Braves,33,1
23,16,58,58.00,.207,.262,5,0,0,.000,3,34,2,16,1.00,hitting,1,12,1,0,19,237,.281,.626,65,695508,Cam Cauley,1,10,1,0,2026,.345,1.000,1,15,140,Texas Rangers,20,1
29,100,266,53.20,.207,.230,19,0,2,.333,13,92,5,68,0.68,hitting,0,55,5,0,131,1098,.255,.590,291,663837,Matt Vierling,31,24,1,5,2026,.335,.667,4,49,116,Detroit Tigers,89,3
26,80,450,12.86,.207,.262,92,0,3,.750,15,126,3,83,1.04,hitting,6,93,35,8,177,2405,.348,.826,549,808959,Munetaka Murakami,77,81,0,1,2026,.478,.250,1,195,145,Chicago White Sox,215,1
35,80,242,34.57,.207,.235,18,0,0,.000,7,86,3,65,0.81,hitting,0,50,7,1,96,1027,.261,.583,266,543877,Christian Vázquez,25,22,5,1,2026,.322,1.000,1,53,117,Houston Astros,78,0
32,40,126,31.50,.206,.256,19,0,0,.---,6,55,0,24,0.60,hitting,0,26,4,0,39,666,.310,.659,145,664774,LaMonte Wade Jr.,19,18,0,0,2026,.349,.---,0,36,117,Houston Astros,44,0
31,35,160,40.00,.206,.293,18,0,1,.143,5,74,2,35,1.00,hitting,1,33,4,0,82,765,.291,.604,179,642215,Weston Wilson,13,23,0,0,2026,.313,.857,6,57,136,Seattle Mariners,50,0
29,60,258,43.00,.205,.280,24,0,2,.250,11,90,5,61,1.02,hitting,0,53,6,0,110,1126,.273,.591,282,682177,Daniel Schneemann,29,29,0,0,2026,.318,.750,6,84,114,Cleveland Guardians,82,0
35,119,410,37.27,.205,.239,37,0,0,.000,18,122,9,114,0.96,hitting,10,84,11,0,205,1837,.283,.612,463,592663,J.T. Realmuto,50,51,0,6,2026,.329,1.000,3,99,143,Philadelphia Phillies,135,0
31,181,435,29.00,.205,.225,43,3,10,.323,10,136,3,80,0.44,hitting,7,89,15,0,211,1954,.284,.629,498,656775,Cedric Mullins,48,56,6,4,2026,.345,.677,21,95,139,Tampa Bay Rays,150,3
33,52,132,66.00,.205,.250,11,0,0,.---,7,41,3,23,0.44,hitting,0,27,2,1,70,532,.262,.565,145,596146,Max Kepler,15,11,0,2,2026,.303,.---,0,32,109,Arizona Diamondbacks,40,0
31,107,358,27.54,.204,.216,27,0,0,.---,19,105,11,111,1.04,hitting,2,73,13,0,188,1457,.262,.628,390,641680,Jonah Heim,43,34,0,3,2026,.366,.---,0,70,133,Athletics,131,0
28,67,211,35.17,.204,.245,25,0,1,.200,5,79,4,49,0.73,hitting,2,43,6,1,85,967,.292,.614,242,669701,Josh Smith,15,23,2,2,2026,.322,.800,4,56,141,Toronto Blue Jays,68,1
23,17,59,29.50,.203,.270,3,0,0,.---,2,24,0,11,0.65,hitting,1,12,2,0,12,281,.250,.589,65,815873,Sean Keys,9,8,0,1,2026,.339,.---,0,21,141,Toronto Blue Jays,20,0
31,42,182,26.00,.203,.268,20,0,2,.222,6,53,1,40,0.95,hitting,2,37,7,0,61,847,.286,.660,206,657656,Ramón Laureano,21,23,0,2,2026,.374,.778,7,65,135,San Diego Padres,68,2
23,53,187,62.33,.203,.240,18,0,0,.000,1,69,5,60,1.13,hitting,5,38,3,0,95,836,.284,.541,217,700337,Edgar Quero,19,14,2,5,2026,.257,1.000,1,43,145,Chicago White Sox,48,0
35,72,251,31.38,.203,.264,27,0,0,.---,7,70,5,48,0.67,hitting,2,51,8,1,137,1240,.286,.613,280,542303,Marcell Ozuna,29,22,0,0,2026,.327,.---,0,80,134,Pittsburgh Pirates,82,0
34,71,316,26.33,.203,.274,35,0,0,.---,16,86,10,67,0.94,hitting,6,64,12,0,159,1456,.291,.664,361,624585,Jorge Soler,49,36,0,4,2026,.373,.---,0,118,108,Los Angeles Angels,118,1
25,37,114,28.50,.202,.260,4,0,1,.500,3,55,3,19,0.51,hitting,1,23,4,0,55,442,.235,.568,121,687515,Colby Thomas,11,11,2,0,2026,.333,.500,1,37,133,Athletics,38,0
27,34,114,28.50,.202,.253,4,0,1,.500,3,48,2,24,0.71,hitting,0,23,4,0,56,445,.229,.562,120,694376,Shay Whitcomb,13,8,2,0,2026,.333,.500,1,35,137,San Francisco Giants,38,0
25,40,129,25.80,.202,.219,9,0,2,.500,3,46,0,36,0.90,hitting,3,26,5,0,53,555,.268,.609,143,678545,Osleivis Basabe,13,13,1,1,2026,.341,.500,2,29,137,San Francisco Giants,44,0
31,129,368,92.00,.201,.235,42,0,5,.625,15,128,4,102,0.79,hitting,5,74,4,1,161,1606,.290,.586,420,656716,Zach McKinstry,26,42,3,2,2026,.296,.375,3,68,116,Detroit Tigers,109,4
31,62,194,27.71,.201,.242,18,0,1,.500,9,66,6,42,0.68,hitting,8,39,7,1,102,878,.295,.661,224,643376,Danny Jansen,25,20,4,0,2026,.366,.500,1,55,140,Texas Rangers,71,1
31,58,204,40.80,.201,.275,11,0,4,.174,7,98,3,38,0.66,hitting,1,41,5,0,87,830,.244,.553,218,622761,Jorge Mateo,18,40,1,1,2026,.309,.826,19,69,139,Tampa Bay Rays,63,0
24,49,214,30.57,.201,.269,16,0,4,.500,5,84,3,51,1.04,hitting,0,43,7,0,90,959,.255,.587,233,694728,Brice Matthews,22,23,2,1,2026,.332,.500,4,74,117,Houston Astros,71,1
29,1,5,-.--,.200,.500,0,0,0,.---,0,3,0,0,0.00,hitting,0,1,0,0,2,24,.200,.400,5,663609,Luken Baker,0,0,0,0,2026,.200,.---,0,3,109,Arizona Diamondbacks,1,0
30,1,5,-.--,.200,.333,1,0,0,.---,0,2,0,1,1.00,hitting,0,1,0,0,4,22,.333,.533,6,681146,Jonah Bride,0,0,0,0,2026,.200,.---,0,2,140,Texas Rangers,1,0
24,5,20,-.--,.200,.308,1,0,0,.---,0,9,1,4,0.80,hitting,0,4,0,0,10,72,.238,.438,21,682641,Luis Matos,0,1,0,0,2026,.200,.---,0,7,158,Milwaukee Brewers,4,0
31,55,180,18.00,.200,.243,19,0,0,.000,4,48,3,26,0.47,hitting,2,36,10,1,81,729,.281,.670,203,667670,Brent Rooker,29,20,0,2,2026,.389,1.000,2,65,133,Athletics,70,0
26,1,5,5.00,.200,.000,0,0,0,.---,0,2,0,1,1.00,hitting,0,1,1,0,2,21,.200,1.000,5,676566,Shawn Ross,2,1,0,0,2026,.800,.---,0,2,134,Pittsburgh Pirates,4,0
31,5,10,10.00,.200,.167,1,0,0,.---,0,7,0,0,0.00,hitting,0,2,1,0,8,52,.273,.773,11,642133,Rowdy Tellez,4,2,0,0,2026,.500,.---,0,3,144,Atlanta Braves,5,0
27,1,5,5.00,.200,.000,1,0,0,.---,0,2,0,2,2.00,hitting,0,1,1,0,1,25,.333,1.133,6,669717,Will Wilson,2,1,0,0,2026,.800,.---,0,1,136,Seattle Mariners,4,0
25,39,166,83.00,.199,.244,18,0,0,.000,4,66,7,58,1.49,hitting,8,33,2,0,78,775,.306,.565,194,677870,Leo Jiménez,14,18,1,1,2026,.259,1.000,1,38,146,Miami Marlins,43,0
24,147,564,18.19,.199,.261,54,0,1,.500,24,152,8,82,0.56,hitting,14,112,31,3,320,2436,.284,.690,634,695657,Colson Montgomery,87,71,0,2,2026,.406,.500,1,225,145,Chicago White Sox,229,0
25,45,162,162.00,.198,.290,13,0,1,.333,8,62,5,31,0.69,hitting,0,32,1,0,89,688,.256,.546,176,687597,Jordan Beck,11,16,0,1,2026,.290,.667,2,55,115,Colorado Rockies,47,2
31,75,228,57.00,.197,.238,21,2,1,.500,13,95,4,60,0.80,hitting,3,45,4,0,109,1005,.271,.578,261,666023,Freddy Fermin,21,22,4,3,2026,.307,.500,1,55,135,San Diego Padres,70,0
27,14,66,-.--,.197,.325,5,0,1,.167,2,42,1,14,1.00,hitting,0,13,0,0,35,247,.254,.481,72,669326,Bryce Teodosio,6,7,1,0,2026,.227,.833,5,26,108,Los Angeles Angels,15,0
26,19,61,-.--,.197,.316,10,0,2,1.000,3,30,0,7,0.37,hitting,0,12,0,0,31,286,.306,.585,72,801126,Brock Rodden,4,8,0,1,2026,.279,.000,0,24,136,Seattle Mariners,17,1
25,13,56,18.67,.196,.235,1,0,0,.---,1,19,1,13,1.00,hitting,1,11,3,0,29,202,.224,.599,58,677595,Ronny Mauricio,6,6,0,0,2026,.375,.---,0,19,121,New York Mets,21,0
29,46,128,128.00,.195,.245,18,0,4,.235,4,77,3,31,0.67,hitting,0,25,1,1,54,610,.293,.543,150,823550,Sung-Mun Song,17,21,3,1,2026,.250,.765,13,30,135,San Diego Padres,32,0
23,8,41,-.--,.195,.320,3,0,2,.667,2,19,0,9,1.13,hitting,2,8,0,0,17,173,.283,.527,46,703492,Nick Morabito,4,4,0,0,2026,.244,.333,1,16,121,New York Mets,10,0
23,123,390,43.33,.195,.249,47,0,3,.150,14,140,1,88,0.72,hitting,5,76,9,0,198,1828,.288,.603,453,694497,Evan Carter,40,52,9,2,2026,.315,.850,17,114,140,Texas Rangers,123,3
33,61,231,33.00,.195,.266,21,0,0,.000,8,67,2,44,0.72,hitting,4,45,7,0,98,1082,.270,.599,259,666969,Adolis García,21,21,0,3,2026,.329,1.000,3,84,143,Philadelphia Phillies,76,1
26,39,113,113.00,.195,.239,1,0,0,.---,7,40,2,29,0.74,hitting,1,22,1,0,52,439,.207,.490,117,672820,Lenyn Sosa,9,11,1,1,2026,.283,.---,0,25,141,Toronto Blue Jays,32,0
25,39,144,72.00,.194,.268,17,0,0,.000,12,104,1,41,1.05,hitting,2,28,2,0,52,741,.287,.620,173,678489,Jorge Barrosa,12,30,9,1,2026,.333,1.000,3,46,117,Houston Astros,48,1
26,49,180,36.00,.194,.250,13,0,0,.000,6,63,5,43,0.88,hitting,0,35,5,0,80,784,.247,.558,196,680728,Adrian Del Castillo,24,18,2,1,2026,.311,1.000,1,56,109,Arizona Diamondbacks,56,0
30,50,180,22.50,.194,.237,28,0,0,.---,6,90,4,37,0.74,hitting,2,35,8,1,85,896,.310,.671,210,681807,David Fry,20,23,0,0,2026,.361,.---,0,58,114,Cleveland Guardians,65,0
29,24,72,36.00,.194,.245,12,0,2,.400,6,43,0,13,0.54,hitting,3,14,2,0,28,358,.333,.694,87,680474,Max Schuemann,8,17,0,0,2026,.361,.600,3,21,147,New York Yankees,26,0
28,66,252,31.50,.194,.266,28,0,3,.429,10,98,3,48,0.73,hitting,4,49,8,1,99,1095,.285,.630,285,666211,Taylor Trammell,22,29,1,0,2026,.345,.571,4,90,117,Houston Astros,87,2
25,39,166,83.00,.193,.252,16,0,5,.294,4,80,4,60,1.54,hitting,2,32,2,0,66,716,.270,.523,195,687363,Victor Scott II,9,19,10,1,2026,.253,.706,12,46,138,St. Louis Cardinals,42,0
24,4,26,-.--,.192,.500,1,0,0,.000,1,12,0,1,0.25,hitting,0,5,0,0,9,113,.222,.453,27,814154,Scott Bandura,0,2,0,0,2026,.231,1.000,1,16,137,San Francisco Giants,6,0
30,7,26,-.--,.192,.294,2,0,0,.---,0,13,0,6,0.86,hitting,0,5,0,0,5,107,.241,.433,30,670156,Miles Mastrobuoni,1,3,1,1,2026,.192,.---,0,10,136,Seattle Mariners,5,0
39,25,73,73.00,.192,.255,9,0,0,.---,2,37,0,13,0.52,hitting,0,14,1,0,31,356,.277,.537,83,457705,Andrew McCutchen,5,8,0,1,2026,.260,.---,0,22,140,Texas Rangers,19,0
27,38,120,30.00,.192,.284,17,0,1,1.000,5,56,0,11,0.29,hitting,5,23,4,0,53,615,.315,.665,144,669004,MJ Melendez,11,14,1,1,2026,.350,.000,0,50,121,New York Mets,42,1
28,10,47,23.50,.191,.212,4,0,0,.---,0,26,1,16,1.60,hitting,1,9,2,0,23,221,.269,.588,52,676572,Eric Wagaman,5,5,0,0,2026,.319,.---,0,12,121,New York Mets,15,0
34,35,115,28.75,.191,.228,5,0,0,.000,5,39,1,26,0.74,hitting,0,22,4,1,54,477,.221,.560,122,592206,Nick Castellanos,20,9,0,2,2026,.339,1.000,2,34,135,San Diego Padres,39,0
23,28,131,65.50,.191,.277,10,0,3,.750,4,37,4,32,1.14,hitting,1,25,2,0,71,584,.252,.534,143,695681,Christian Moore,18,5,0,1,2026,.282,.250,1,47,108,Los Angeles Angels,37,1
22,11,42,42.00,.190,.250,4,0,1,.333,0,17,0,10,0.91,hitting,0,8,1,0,11,172,.261,.571,46,699115,Carlos Jorge,1,5,0,0,2026,.310,.667,2,13,113,Cincinnati Reds,13,1
26,3,21,-.--,.190,.400,1,0,0,.---,0,9,1,3,1.00,hitting,0,4,0,0,6,89,.227,.417,22,680716,Jonathan Ornelas,1,1,0,0,2026,.190,.---,0,11,158,Milwaukee Brewers,4,0
25,2,21,-.--,.190,.400,0,0,0,.000,2,10,0,4,2.00,hitting,0,4,0,0,7,90,.190,.571,21,805346,Ben Ross,1,5,0,0,2026,.381,1.000,1,11,142,Minnesota Twins,8,1
30,34,105,35.00,.190,.215,12,0,0,.000,3,39,2,28,0.82,hitting,0,20,3,0,62,478,.271,.576,118,656976,Pavin Smith,12,12,0,1,2026,.305,1.000,2,24,109,Arizona Diamondbacks,32,0
20,46,221,27.62,.190,.258,15,0,1,.250,6,69,3,53,1.15,hitting,2,42,8,0,101,963,.246,.581,241,806068,Colt Emerson,23,24,1,2,2026,.335,.750,3,83,136,Seattle Mariners,74,1
24,48,190,31.67,.189,.226,10,0,2,.222,7,63,4,55,1.15,hitting,0,36,6,0,92,761,.229,.550,201,682622,Noelvi Marte,15,19,0,1,2026,.321,.778,7,52,113,Cincinnati Reds,61,0
31,26,111,37.00,.189,.286,17,0,0,.000,1,41,2,19,0.73,hitting,2,21,3,0,54,552,.308,.605,130,660162,Yoán Moncada,10,9,0,0,2026,.297,1.000,1,45,108,Los Angeles Angels,33,1
31,26,85,-.--,.188,.235,6,0,0,.---,5,32,1,26,1.00,hitting,0,16,0,0,46,352,.239,.510,92,641555,J.C. Escarra,7,8,0,1,2026,.271,.---,0,18,147,New York Yankees,23,1
27,31,101,16.83,.188,.220,9,0,0,.---,4,52,0,15,0.48,hitting,1,19,6,0,68,454,.257,.663,113,676369,Nelson Velázquez,18,12,0,2,2026,.406,.---,0,38,117,Houston Astros,41,0
28,28,96,32.00,.188,.273,16,1,1,.500,3,51,0,12,0.43,hitting,1,18,3,1,54,472,.310,.643,114,666181,Will Benson,6,11,0,0,2026,.333,.500,1,38,113,Cincinnati Reds,32,1
24,40,128,25.60,.188,.216,7,0,0,.---,5,44,1,29,0.73,hitting,0,24,5,1,48,592,.228,.572,136,694673,Abimelec Ortiz,14,16,0,1,2026,.344,.---,0,36,120,Washington Nationals,44,0
26,81,262,29.11,.187,.248,33,0,1,1.000,6,84,1,40,0.49,hitting,0,49,9,2,120,1230,.275,.588,298,669357,Nolan Gorman,33,26,0,3,2026,.313,.000,0,95,138,St. Louis Cardinals,82,0
26,131,434,28.93,.187,.233,48,0,4,.167,18,133,3,89,0.68,hitting,6,81,15,1,189,1996,.276,.612,493,680574,Matt McLain,40,59,3,2,2026,.336,.833,20,138,113,Cincinnati Reds,146,1
26,36,113,56.50,.186,.226,4,0,0,.000,10,35,5,30,0.83,hitting,2,21,2,0,57,414,.227,.554,120,677950,Alek Thomas,13,13,1,0,2026,.327,1.000,4,27,119,Los Angeles Dodgers,37,0
26,105,334,23.86,.186,.219,48,0,0,.000,7,122,11,67,0.64,hitting,3,62,14,2,142,1582,.292,.624,388,669224,Austin Wells,32,39,1,2,2026,.332,1.000,4,103,147,New York Yankees,111,0
23,22,97,32.33,.186,.227,16,0,0,.000,6,37,2,29,1.32,hitting,1,18,3,0,48,512,.307,.647,114,695670,Harry Ford,10,16,0,0,2026,.340,1.000,3,28,120,Washington Nationals,33,0
28,8,27,-.--,.185,.278,0,0,0,.---,0,16,0,6,0.75,hitting,0,5,0,0,12,100,.185,.370,28,666163,Ben Rortvedt,1,0,1,0,2026,.185,.---,0,9,119,Los Angeles Dodgers,5,0
29,11,65,65.00,.185,.256,5,0,1,.500,3,19,3,22,2.00,hitting,2,12,1,0,41,288,.264,.572,73,663853,Romy Gonzalez,7,7,1,0,2026,.308,.500,1,21,111,Boston Red Sox,20,1
28,34,130,65.00,.185,.239,14,2,1,1.000,4,50,1,38,1.12,hitting,3,24,2,0,73,585,.277,.539,152,686452,Drew Millas,11,18,2,1,2026,.262,.000,0,37,120,Washington Nationals,34,0
24,7,22,22.00,.182,.231,2,0,0,.---,1,9,0,3,0.43,hitting,1,4,1,0,9,108,.280,.644,25,692216,CJ Kayfus,2,4,0,0,2026,.364,.---,0,8,114,Cleveland Guardians,8,0
26,3,11,-.--,.182,.333,3,0,0,.---,1,7,1,1,0.33,hitting,0,2,0,0,7,76,.333,.606,15,671286,Johnathan Rodríguez,2,0,0,1,2026,.273,.---,0,6,110,Baltimore Orioles,3,0
26,60,161,23.00,.180,.176,14,0,1,.250,4,53,1,43,0.72,hitting,0,29,7,0,81,653,.246,.594,175,672761,Wenceel Pérez,17,22,0,0,2026,.348,.750,3,29,116,Detroit Tigers,56,1
26,10,50,-.--,.180,.257,7,0,0,.000,2,21,1,16,1.60,hitting,2,9,0,0,16,249,.305,.525,59,681047,Christian Franklin,1,6,0,0,2026,.220,1.000,3,15,110,Baltimore Orioles,11,0
33,10,39,39.00,.179,.261,6,0,0,.000,2,21,1,7,0.70,hitting,0,7,1,0,22,210,.289,.597,45,656582,Connor Joe,3,2,0,0,2026,.308,1.000,2,15,136,Seattle Mariners,12,0
31,20,78,15.60,.179,.173,3,0,0,.---,1,28,2,23,1.15,hitting,1,14,5,0,37,313,.220,.605,82,661531,Brian Serven,14,8,0,0,2026,.385,.---,0,21,133,Athletics,30,0
24,41,134,26.80,.179,.232,9,0,0,.---,6,52,2,22,0.54,hitting,5,24,5,0,64,565,.255,.591,149,699625,Jimmy Crooks,14,10,0,1,2026,.336,.---,0,48,138,St. Louis Cardinals,45,0
33,84,263,20.23,.179,.221,47,0,0,.000,13,95,4,36,0.43,hitting,3,47,13,0,131,1336,.306,.682,317,656555,Rhys Hoskins,38,33,0,4,2026,.376,1.000,1,100,114,Cleveland Guardians,99,0
26,10,28,-.--,.179,.200,0,0,0,.---,2,13,0,10,1.00,hitting,0,5,0,0,13,94,.179,.429,28,672613,Eliezer Alfonzo,4,3,0,0,2026,.250,.---,0,3,119,Los Angeles Dodgers,7,0
30,8,45,-.--,.178,.296,3,0,1,.167,2,32,1,12,1.50,hitting,0,8,0,0,17,188,.229,.451,49,669369,Bryce Johnson,2,5,1,0,2026,.222,.833,5,18,135,San Diego Padres,10,0
23,14,45,22.50,.178,.222,3,0,1,1.000,2,13,0,7,0.50,hitting,0,8,2,0,18,178,.229,.629,48,691181,Emmanuel Rodriguez,5,3,0,0,2026,.400,.000,0,16,142,Minnesota Twins,18,1
29,144,446,19.39,.177,.212,72,0,1,.333,15,125,5,64,0.44,hitting,3,79,23,1,221,2262,.293,.658,525,663728,Cal Raleigh,68,49,0,4,2026,.365,.667,2,163,136,Seattle Mariners,163,0
26,7,17,-.--,.176,.231,0,0,0,.---,1,10,0,3,0.43,hitting,0,3,0,0,4,55,.167,.402,18,677943,Will Banfield,1,1,0,1,2026,.235,.---,0,5,113,Cincinnati Reds,4,0
28,10,34,-.--,.176,.231,1,0,0,.---,1,17,1,10,1.00,hitting,0,6,0,0,10,159,.200,.406,35,666464,Jerar Encarnacion,0,1,0,0,2026,.206,.---,0,8,137,San Francisco Giants,7,0
27,19,74,74.00,.176,.293,8,0,0,.000,4,46,0,10,0.53,hitting,1,13,1,0,23,352,.259,.529,85,690924,Braxton Fulford,7,12,0,2,2026,.270,1.000,4,34,115,Colorado Rockies,20,0
35,50,177,177.00,.175,.205,5,0,0,.000,3,79,8,78,1.56,hitting,6,31,1,0,73,693,.223,.443,200,623168,Tyler Heineman,10,15,12,0,2026,.220,1.000,1,30,108,Los Angeles Angels,39,1
35,34,126,31.50,.175,.247,22,0,0,.000,3,50,2,21,0.62,hitting,1,22,4,0,66,632,.302,.596,149,641598,Mitch Garver,15,17,0,0,2026,.294,1.000,1,49,136,Seattle Mariners,37,0
27,23,98,98.00,.173,.258,6,0,0,.000,4,36,0,23,1.00,hitting,1,17,1,0,53,387,.229,.474,105,666624,Christopher Morel,6,6,0,0,2026,.245,1.000,1,35,121,New York Mets,24,0
27,15,52,-.--,.173,.290,1,0,1,.143,1,86,0,7,0.47,hitting,1,9,0,0,21,193,.204,.435,54,695257,Billy Cook,2,12,0,0,2026,.231,.857,6,21,134,Pittsburgh Pirates,12,1
31,9,29,-.--,.172,.250,2,0,0,.---,0,11,0,7,0.78,hitting,2,5,0,0,10,110,.273,.445,34,624512,Reese McGuire,3,1,1,0,2026,.172,.---,0,9,145,Chicago White Sox,5,0
29,34,157,31.40,.172,.272,10,0,3,.333,4,94,0,25,0.74,hitting,3,27,5,0,80,691,.235,.553,170,681546,James Outman,17,23,0,0,2026,.318,.667,6,71,116,Detroit Tigers,50,2
26,95,256,25.60,.172,.184,28,1,1,.250,6,97,6,59,0.62,hitting,8,44,10,0,131,1121,.272,.585,298,680779,Henry Davis,38,33,3,2,2026,.313,.750,3,63,134,Pittsburgh Pirates,80,0
30,76,239,59.75,.172,.214,22,0,1,.167,6,91,3,65,0.86,hitting,5,41,4,0,90,1010,.255,.510,272,670770,TJ Friedl,13,20,5,1,2026,.255,.833,5,63,113,Cincinnati Reds,61,1
24,11,35,11.67,.171,.167,1,0,1,1.000,0,22,0,4,0.36,hitting,0,6,3,0,23,139,.194,.623,36,678577,Junior Perez,6,5,0,0,2026,.429,.000,0,14,145,Chicago White Sox,15,0
35,12,41,41.00,.171,.231,4,0,0,.---,2,18,2,8,0.67,hitting,0,7,1,0,28,165,.244,.537,45,571912,Luke Maile,5,2,0,0,2026,.293,.---,0,14,118,Kansas City Royals,12,0
26,8,41,20.50,.171,.227,0,0,0,.---,4,18,1,9,1.13,hitting,0,7,2,0,22,150,.171,.586,41,669398,Gage Workman,8,3,0,0,2026,.415,.---,0,17,135,San Diego Padres,17,0
32,26,106,21.20,.170,.191,4,0,0,.---,5,30,3,29,1.12,hitting,0,18,5,0,57,421,.198,.556,111,664056,Harrison Bader,14,10,0,1,2026,.358,.---,0,34,137,San Francisco Giants,38,0
31,19,106,35.33,.170,.224,11,0,0,.---,4,32,1,33,1.74,hitting,0,18,3,0,49,441,.248,.540,117,669221,Sean Murphy,10,11,0,0,2026,.292,.---,0,36,144,Atlanta Braves,31,0
23,23,65,-.--,.169,.220,9,0,1,.167,1,23,2,16,0.70,hitting,2,11,0,0,31,271,.286,.471,77,807726,John Peck,7,3,0,1,2026,.185,.833,5,16,116,Detroit Tigers,12,0
28,2,6,-.--,.167,.333,0,0,0,.---,0,2,0,0,0.00,hitting,0,1,0,0,4,20,.167,.334,6,676480,José Barrero,0,0,0,0,2026,.167,.---,0,3,110,Baltimore Orioles,1,0
23,11,48,-.--,.167,.250,1,0,0,.---,1,20,1,13,1.18,hitting,1,8,0,0,29,179,.200,.388,50,691373,Jhostynxon Garcia,2,2,0,0,2026,.188,.---,0,16,134,Pittsburgh Pirates,9,0
24,14,48,48.00,.167,.194,5,0,0,.---,2,15,3,15,1.07,hitting,1,8,1,0,29,208,.259,.530,54,694410,LuJames Groover,4,4,0,0,2026,.271,.---,0,11,109,Arizona Diamondbacks,13,0
30,13,30,30.00,.167,.167,1,0,0,.---,1,16,0,8,0.62,hitting,2,5,1,0,12,113,.235,.535,35,680737,Michael Helman,2,2,1,1,2026,.300,.---,0,6,140,Texas Rangers,9,0
29,18,48,24.00,.167,.182,8,0,0,.---,1,17,0,9,0.50,hitting,2,8,2,0,21,237,.310,.623,58,663697,Jonathan India,8,8,0,0,2026,.313,.---,0,13,118,Kansas City Royals,15,0
26,2,12,-.--,.167,.333,1,0,0,.---,1,7,0,2,1.00,hitting,0,2,0,0,6,53,.231,.481,13,805672,Collin Price,0,1,0,0,2026,.250,.---,0,6,117,Houston Astros,3,0
25,23,84,42.00,.167,.222,2,0,0,.---,4,29,2,19,0.83,hitting,2,14,2,0,35,344,.202,.488,89,687282,Gabriel Rincones Jr.,7,7,0,1,2026,.286,.---,0,29,143,Philadelphia Phillies,24,0
28,18,120,30.00,.167,.254,10,0,1,1.000,3,34,2,29,1.61,hitting,5,20,4,0,71,562,.259,.551,135,670242,Matt Wallner,10,14,0,0,2026,.292,.000,0,53,142,Minnesota Twins,35,0
31,15,49,-.--,.163,.216,0,0,0,.---,1,21,3,15,1.00,hitting,0,8,0,0,28,182,.160,.344,51,644433,Chadwick Tromp,4,2,1,1,2026,.184,.---,0,13,110,Baltimore Orioles,9,0
33,17,74,18.50,.162,.190,6,0,0,.---,3,29,1,20,1.18,hitting,1,12,4,0,42,318,.235,.600,84,606992,Eric Haase,9,8,3,0,2026,.365,.---,0,28,137,San Francisco Giants,27,0
27,73,248,82.67,.161,.234,19,0,0,.000,7,95,7,55,0.75,hitting,8,40,3,0,123,1143,.241,.467,285,665966,Carlos Narváez,10,22,7,3,2026,.226,1.000,2,90,110,Baltimore Orioles,56,0
31,42,143,35.75,.161,.209,23,0,0,.000,4,60,4,31,0.74,hitting,1,23,4,0,62,688,.276,.563,171,668670,Jake Rogers,14,17,1,3,2026,.287,1.000,1,51,145,Chicago White Sox,41,1
32,11,44,-.--,.159,.250,2,0,0,.000,1,36,1,10,0.91,hitting,1,7,0,0,23,167,.213,.395,47,664059,Sam Haggerty,1,3,0,0,2026,.182,1.000,2,16,140,Texas Rangers,8,0
30,2,19,-.--,.158,.600,7,0,0,.000,0,15,0,0,0.00,hitting,1,3,0,0,15,110,.407,.565,27,656413,Stuart Fairchild,1,4,0,0,2026,.158,1.000,2,14,136,Seattle Mariners,3,0
33,7,19,19.00,.158,.167,0,0,0,.---,0,8,0,3,0.43,hitting,0,3,1,0,10,64,.158,.474,19,605244,Aramis Garcia,2,2,0,0,2026,.316,.---,0,6,109,Arizona Diamondbacks,6,0
25,12,38,38.00,.158,.179,0,0,0,.---,1,12,1,11,0.92,hitting,0,6,1,0,14,118,.158,.421,38,694025,Felix Reyes,2,2,0,0,2026,.263,.---,0,9,143,Philadelphia Phillies,10,0
25,4,19,-.--,.158,.273,1,0,0,.---,0,16,1,5,1.25,hitting,0,3,0,0,8,76,.200,.358,21,690022,Ryan Ritter,1,2,1,0,2026,.158,.---,0,8,115,Colorado Rockies,3,0
37,20,76,76.00,.158,.216,6,0,0,.---,3,32,1,20,1.00,hitting,2,12,1,0,26,317,.238,.475,84,518595,Travis d'Arnaud,3,7,0,0,2026,.237,.---,0,24,108,Los Angeles Angels,18,0
29,27,89,89.00,.157,.197,10,0,1,.250,6,55,1,27,1.00,hitting,1,14,1,0,50,419,.250,.508,101,663368,Blake Perkins,11,14,1,0,2026,.258,.750,3,22,158,Milwaukee Brewers,23,0
25,11,51,17.00,.157,.185,1,0,0,.---,1,19,0,11,1.00,hitting,1,8,3,0,17,219,.189,.542,53,805904,Zach Cole,8,4,0,0,2026,.353,.---,0,21,117,Houston Astros,18,0
26,34,91,30.33,.154,.172,7,0,0,.---,2,31,2,19,0.56,hitting,0,14,3,0,46,426,.214,.489,98,666310,Bo Naylor,10,5,0,0,2026,.275,.---,0,24,158,Milwaukee Brewers,25,0
24,9,26,-.--,.154,.211,2,0,0,.---,2,16,2,6,0.67,hitting,0,4,0,0,14,108,.207,.438,29,691858,Jared Serna,2,3,0,1,2026,.231,.---,0,8,146,Miami Marlins,6,0
33,18,59,-.--,.153,.200,3,0,0,.---,0,37,0,18,1.00,hitting,2,9,0,0,23,236,.215,.368,65,596117,Garrett Stubbs,3,11,0,1,2026,.153,.---,0,15,143,Philadelphia Phillies,9,0
32,32,86,21.50,.151,.138,9,0,1,1.000,3,43,3,24,0.75,hitting,4,13,4,0,34,362,.260,.586,100,602104,Ramón Urías,9,14,0,1,2026,.326,.000,0,18,138,St. Louis Cardinals,28,0
25,21,93,46.50,.151,.231,3,0,1,.143,2,82,0,20,0.95,hitting,2,14,2,0,59,351,.194,.452,99,687749,Jase Bowen,7,14,1,0,2026,.258,.857,6,39,135,San Diego Padres,24,1
34,5,20,-.--,.150,.176,3,0,0,.---,0,9,3,9,1.80,hitting,1,3,0,0,9,76,.280,.430,25,608841,Joey Meneses,2,1,0,1,2026,.150,.---,0,4,133,Athletics,3,0
27,35,121,24.20,.149,.194,28,0,0,.000,6,68,1,20,0.57,hitting,1,18,5,0,54,685,.311,.633,152,676914,Davis Schneider,15,20,1,1,2026,.322,1.000,1,50,141,Toronto Blue Jays,39,0
26,9,74,-.--,.149,.239,8,0,0,.000,1,39,1,29,3.22,hitting,0,11,0,0,31,351,.232,.394,85,672016,Denzel Clarke,6,6,3,0,2026,.162,1.000,4,28,133,Athletics,12,0
32,45,135,67.50,.148,.186,9,0,0,.---,5,37,2,35,0.78,hitting,0,20,2,0,70,564,.201,.431,145,593871,Jorge Polanco,6,7,1,0,2026,.230,.---,0,36,121,New York Mets,31,0
28,39,122,-.--,.148,.217,16,0,0,.000,3,51,3,28,0.72,hitting,4,18,0,0,60,631,.264,.453,146,660844,Leo Rivas,11,10,2,2,2026,.189,1.000,2,41,136,Seattle Mariners,23,1
28,23,82,27.33,.146,.164,7,0,0,.---,4,39,3,24,1.04,hitting,1,12,3,0,39,353,.222,.527,91,660710,Rodolfo Durán,8,8,1,0,2026,.305,.---,0,24,135,San Diego Padres,25,0
35,28,82,82.00,.146,.193,5,0,0,.---,0,34,0,20,0.71,hitting,0,12,1,0,49,338,.195,.378,89,642851,Austin Wynns,1,4,2,0,2026,.183,.---,0,24,140,Texas Rangers,15,0
29,17,48,48.00,.146,.188,8,0,0,.000,2,23,0,9,0.53,hitting,2,7,1,0,17,248,.293,.543,58,681987,Nate Eaton,6,4,0,0,2026,.250,1.000,2,15,111,Boston Red Sox,12,0
25,19,76,38.00,.145,.191,11,0,0,.000,2,42,0,22,1.16,hitting,0,11,2,1,31,388,.253,.529,90,687529,Grant McCray,4,14,3,0,2026,.276,1.000,8,27,137,San Francisco Giants,21,1
27,2,7,-.--,.143,.333,0,0,0,.---,0,6,0,0,0.00,hitting,0,1,0,0,1,23,.143,.286,7,672642,Steward Berroa,1,0,0,0,2026,.143,.---,0,4,143,Philadelphia Phillies,1,0
25,14,63,-.--,.143,.273,5,0,0,.---,5,25,1,10,0.71,hitting,1,9,0,0,35,287,.211,.433,71,677956,Rece Hinds,6,2,0,2,2026,.222,.---,0,32,110,Baltimore Orioles,14,0
30,4,14,-.--,.143,.182,2,0,0,.---,0,8,1,5,1.25,hitting,1,2,0,0,7,53,.294,.437,17,669288,Daniel Johnson,0,1,0,0,2026,.143,.---,0,3,117,Houston Astros,2,0
25,3,14,-.--,.143,.250,1,0,0,.---,0,9,0,3,1.00,hitting,0,2,0,0,7,56,.200,.343,15,683090,Matthew Lugo,0,0,0,0,2026,.143,.---,0,6,118,Kansas City Royals,2,0
30,3,7,-.--,.143,.167,0,0,0,.000,0,7,1,2,0.67,hitting,0,1,0,0,3,27,.143,.286,7,666931,Jared Oliva,0,1,0,0,2026,.143,1.000,1,1,137,San Francisco Giants,1,0
31,4,7,-.--,.143,.125,1,0,0,.---,0,4,0,3,0.75,hitting,1,1,0,0,6,23,.300,.443,10,669256,Nick Solak,1,0,0,1,2026,.143,.---,0,0,135,San Diego Padres,1,0
24,58,177,25.29,.141,.145,20,0,0,.000,5,60,4,50,0.86,hitting,3,25,7,0,85,729,.239,.527,203,691011,Drew Romo,16,17,2,1,2026,.288,1.000,1,47,145,Chicago White Sox,51,0
29,90,227,45.40,.141,.155,13,0,0,.000,2,94,7,57,0.63,hitting,2,32,5,0,100,871,.194,.419,242,663647,Ke'Bryan Hayes,9,19,0,0,2026,.225,1.000,1,48,113,Cincinnati Reds,51,1
35,37,114,28.50,.140,.158,8,0,0,.---,1,53,2,28,0.76,hitting,3,16,4,1,58,519,.211,.465,129,608701,Rob Refsnyder,11,9,1,3,2026,.254,.---,0,37,136,Seattle Mariners,29,0
31,12,50,50.00,.140,.200,2,0,0,.---,3,31,0,15,1.25,hitting,2,7,1,0,20,234,.200,.460,58,640459,Brian Navarreto,3,8,3,1,2026,.260,.---,0,20,146,Miami Marlins,13,0
31,23,50,-.--,.140,.212,8,0,0,.---,2,29,0,4,0.17,hitting,1,7,0,0,21,272,.262,.442,62,670097,Zack Short,2,4,1,2,2026,.180,.---,0,19,121,New York Mets,9,0
28,10,43,-.--,.140,.222,3,0,0,.---,2,20,2,12,1.20,hitting,3,6,0,0,25,188,.245,.431,50,695391,Brett Harris,2,3,1,0,2026,.186,.---,0,16,137,San Francisco Giants,8,0
29,3,15,15.00,.133,.100,0,0,0,.---,0,7,0,8,2.67,hitting,0,2,1,0,11,54,.133,.466,17,663584,Hayden Senger,2,2,2,0,2026,.333,.---,0,4,121,New York Mets,5,0
23,12,38,-.--,.132,.179,0,0,0,.---,2,17,1,11,0.92,hitting,1,5,0,0,15,158,.154,.338,39,691277,Deyvison De Los Santos,0,0,0,0,2026,.184,.---,0,10,146,Miami Marlins,7,0
26,3,8,-.--,.125,.167,1,0,0,.---,0,3,0,2,0.67,hitting,0,1,0,0,1,45,.200,.325,10,669208,Ryan Bliss,1,0,0,1,2026,.125,.---,0,3,136,Seattle Mariners,1,0
24,5,32,-.--,.125,.182,5,0,0,.---,0,22,1,15,3.00,hitting,0,4,0,0,17,147,.243,.368,39,801501,Nate Furman,3,2,2,0,2026,.125,.---,0,10,137,San Francisco Giants,4,0
27,2,8,-.--,.125,.250,0,0,0,.---,0,15,0,1,0.50,hitting,0,1,0,0,1,42,.125,.250,8,665506,Cristian Pache,0,2,0,0,2026,.125,.---,0,4,121,New York Mets,1,0
23,2,8,-.--,.125,.167,1,0,0,.---,0,7,0,3,1.50,hitting,0,1,0,0,8,22,.222,.347,9,701649,James Triantos,0,2,0,0,2026,.125,.---,0,2,112,Chicago Cubs,1,0
28,6,33,-.--,.121,.286,1,0,0,.---,2,14,0,4,0.67,hitting,0,4,0,0,22,124,.147,.329,34,669087,Sam Huff,1,1,0,0,2026,.182,.---,0,19,110,Baltimore Orioles,6,0
30,44,127,-.--,.118,.167,14,0,0,.000,1,50,1,32,0.73,hitting,1,15,0,0,52,613,.211,.353,143,673490,Ha-Seong Kim,9,10,1,0,2026,.142,1.000,2,37,144,Atlanta Braves,18,1
27,18,43,-.--,.116,.179,5,0,0,.---,1,25,0,5,0.28,hitting,1,5,0,0,18,217,.224,.364,49,671083,Buddy Kennedy,1,4,0,0,2026,.140,.---,0,15,137,San Francisco Giants,6,0
38,4,26,26.00,.115,.143,5,0,0,.---,0,16,0,8,2.00,hitting,0,3,1,0,10,123,.258,.489,31,502054,Tommy Pham,3,5,0,0,2026,.231,.---,0,11,145,Chicago White Sox,6,0
27,7,26,-.--,.115,.214,2,0,0,.---,2,10,1,4,0.57,hitting,0,3,0,0,11,105,.179,.371,28,669911,Michael Toglia,1,2,0,0,2026,.192,.---,0,12,113,Cincinnati Reds,5,0
32,4,18,-.--,.111,.200,1,0,0,.---,2,7,1,4,1.00,hitting,1,2,0,0,6,83,.200,.422,20,600869,Jeimer Candelario,0,3,0,0,2026,.222,.---,0,8,108,Los Angeles Angels,4,0
23,15,37,37.00,.108,.130,2,0,0,.---,1,16,1,6,0.40,hitting,0,4,1,0,21,142,.154,.370,40,700246,Carson Williams,6,7,1,0,2026,.216,.---,0,13,139,Tampa Bay Rays,8,0
34,16,47,47.00,.106,.160,3,0,0,.---,1,19,0,5,0.31,hitting,0,5,1,1,25,186,.160,.351,50,621550,Patrick Wisdom,4,3,0,0,2026,.191,.---,0,21,136,Seattle Mariners,9,0
27,2,20,-.--,.100,.182,0,0,0,.000,1,6,0,9,4.50,hitting,0,2,0,0,10,87,.100,.250,22,665828,Oswaldo Cabrera,0,1,2,0,2026,.150,1.000,1,9,113,Cincinnati Reds,3,0
27,46,91,45.50,.099,.095,2,0,0,.---,0,34,2,21,0.46,hitting,2,9,2,0,52,370,.137,.302,95,665561,Rafael Marchán,6,5,0,0,2026,.165,.---,0,15,143,Philadelphia Phillies,15,0
24,1,21,-.--,.095,.222,3,0,0,.---,0,7,0,6,6.00,hitting,0,2,0,0,11,105,.208,.303,24,694876,Cooper Ingle,2,1,0,0,2026,.095,.---,0,12,114,Cleveland Guardians,2,0
28,5,11,-.--,.091,.100,1,0,1,1.000,0,9,0,5,1.00,hitting,0,1,0,0,5,39,.167,.258,13,660644,Vidal Bruján,1,4,1,0,2026,.091,.000,0,1,121,New York Mets,1,0
28,1,11,-.--,.091,.125,1,0,0,.---,0,9,0,6,6.00,hitting,0,1,0,0,2,42,.167,.258,12,686554,Oliver Dunn,1,4,0,0,2026,.091,.---,0,3,139,Tampa Bay Rays,1,0
37,12,44,-.--,.091,.154,0,0,0,.---,0,21,0,10,0.83,hitting,0,4,0,0,16,178,.091,.182,44,506702,Sandy León,0,0,0,0,2026,.091,.---,0,18,144,Atlanta Braves,4,0
26,5,11,-.--,.091,.143,0,0,0,.---,0,7,0,1,0.20,hitting,0,1,0,0,2,46,.091,.182,11,681230,BJ Murray Jr.,0,0,0,0,2026,.091,.---,0,4,112,Chicago Cubs,1,0
28,10,23,-.--,.087,.100,0,0,0,.---,0,11,1,8,0.80,hitting,0,2,0,0,10,77,.087,.174,23,686823,Will Brennan,0,0,0,0,2026,.087,.---,0,3,137,San Francisco Giants,2,0
33,13,23,-.--,.087,.091,1,0,0,.---,0,14,0,7,0.54,hitting,0,2,0,0,10,79,.115,.202,26,628451,Andy Ibáñez,5,1,0,2,2026,.087,.---,0,3,121,New York Mets,2,0
28,5,23,-.--,.087,.154,0,0,1,.500,0,12,0,7,1.40,hitting,0,2,0,0,17,81,.087,.174,24,675659,Greg Jones,1,0,1,0,2026,.087,.500,1,10,158,Milwaukee Brewers,2,0
31,9,23,-.--,.087,.111,0,0,0,.---,0,8,0,10,1.11,hitting,0,2,0,0,13,90,.087,.174,26,642020,Chuckie Robinson,1,1,3,0,2026,.087,.---,0,5,119,Los Angeles Dodgers,2,0
40,10,24,-.--,.083,.125,2,0,0,.---,1,8,0,4,0.40,hitting,0,2,0,0,10,106,.154,.279,26,467793,Carlos Santana,0,1,0,0,2026,.125,.---,0,8,109,Arizona Diamondbacks,3,0
26,9,25,-.--,.080,.133,1,0,0,.---,0,13,0,4,0.44,hitting,1,2,0,0,8,120,.148,.228,27,805249,Otto Kemp,0,0,0,0,2026,.080,.---,0,10,143,Philadelphia Phillies,2,0
31,6,15,-.--,.067,.077,0,0,0,.000,0,6,0,6,1.00,hitting,0,1,0,0,8,45,.067,.134,15,623205,Andrew Velazquez,0,0,0,0,2026,.067,1.000,1,2,118,Kansas City Royals,1,0
27,4,16,-.--,.063,.111,3,0,0,.000,0,16,0,4,1.00,hitting,0,1,0,0,7,72,.211,.274,19,671155,Ivan Johnson,0,0,0,0,2026,.063,1.000,2,7,113,Cincinnati Reds,1,0
27,10,34,-.--,.059,.067,1,0,0,.000,0,15,2,18,1.80,hitting,0,2,0,0,23,102,.086,.145,35,693409,César Prieto,0,1,0,0,2026,.059,1.000,1,4,138,St. Louis Cardinals,2,0
30,7,18,-.--,.056,.067,3,0,0,.---,0,9,0,7,1.00,hitting,1,1,0,0,6,95,.227,.283,22,663967,César Salazar,1,0,0,0,2026,.056,.---,0,3,117,Houston Astros,1,0
26,9,22,-.--,.045,.063,5,0,0,.---,1,9,1,6,0.67,hitting,0,1,0,0,17,119,.214,.305,28,680718,Addison Barger,2,2,0,1,2026,.091,.---,0,7,141,Toronto Blue Jays,2,0
27,9,28,-.--,.036,.063,5,0,0,.---,0,16,0,6,0.67,hitting,0,1,0,0,18,151,.176,.212,34,677060,Chad Stevens,3,1,0,1,2026,.036,.---,0,13,115,Colorado Rockies,1,0
28,0,0,-.--,.000,.---,0,0,0,.---,0,75,0,0,-.--,hitting,0,0,0,0,0,0,.000,.000,0,676879,Aaron Ashby,0,0,0,0,2026,.000,.---,0,0,158,Milwaukee Brewers,0,0
28,0,0,-.--,.000,.---,0,0,0,.---,0,28,0,0,-.--,hitting,0,0,0,0,0,0,.000,.000,0,665871,Javier Assad,0,0,0,0,2026,.000,.---,0,0,112,Chicago Cubs,0,0
31,0,0,-.--,.000,.---,0,0,0,.---,0,65,0,0,-.--,hitting,0,0,0,0,0,0,.000,.000,0,641329,Bryan Baker,0,0,0,0,2026,.000,.---,0,0,139,Tampa Bay Rays,0,0
31,0,0,-.--,.000,.---,0,0,0,.---,0,64,0,0,-.--,hitting,0,0,0,0,0,0,.000,.000,0,670280,David Bednar,0,0,0,0,2026,.000,.---,0,0,147,New York Yankees,0,0
27,0,0,-.--,.000,.---,0,0,0,.---,0,50,0,0,-.--,hitting,0,0,0,0,0,0,.000,.000,0,690925,Clayton Beeter,0,0,0,0,2026,.000,.---,0,0,120,Washington Nationals,0,0
30,0,0,-.--,.000,.---,0,0,0,.---,0,8,0,0,-.--,hitting,0,0,0,0,0,0,.000,.000,0,656234,Jake Bird,0,0,0,0,2026,.000,.---,0,0,120,Washington Nationals,0,0
32,0,0,-.--,.000,.---,0,0,0,.---,0,62,0,0,-.--,hitting,0,0,0,0,0,0,.000,.000,0,621112,Paul Blackburn,0,0,0,0,2026,.000,.---,0,0,147,New York Yankees,0,0
29,0,0,-.--,.000,.---,0,0,0,.---,0,29,0,0,-.--,hitting,0,0,0,0,0,0,.000,.000,0,680694,Kyle Bradish,0,0,0,0,2026,.000,.---,0,0,110,Baltimore Orioles,0,0
25,0,1,-.--,.000,.---,0,0,0,.---,0,2,0,0,-.--,hitting,0,0,0,0,2,3,.000,.000,1,687394,Jack Brannigan,0,0,0,0,2026,.000,.---,0,1,134,Pittsburgh Pirates,0,0
27,1,4,-.--,.000,.000,0,0,0,.---,0,3,0,1,1.00,hitting,0,0,0,0,2,20,.000,.000,4,666185,Dylan Carlson,0,1,0,0,2026,.000,.---,0,2,112,Chicago Cubs,0,0
27,0,0,-.--,.000,.---,0,0,0,.---,0,15,0,0,-.--,hitting,0,0,0,0,0,0,.000,.000,0,680604,Blas Castaño,0,0,0,0,2026,.000,.---,0,0,115,Colorado Rockies,0,0
38,0,0,-.--,.000,.---,0,0,0,.---,0,53,0,0,-.--,hitting,0,0,0,0,0,0,.000,.000,0,547973,Aroldis Chapman,0,0,0,0,2026,.000,.---,0,0,111,Boston Red Sox,0,0
31,0,0,-.--,.000,.---,0,0,0,.---,0,18,0,0,-.--,hitting,0,0,0,0,0,0,.000,.000,0,650644,Aaron Civale,0,0,0,0,2026,.000,.---,0,0,112,Chicago Cubs,0,0
33,0,0,-.--,.000,.---,0,0,0,.---,0,71,0,0,-.--,hitting,0,0,0,0,0,0,.000,.000,0,664199,Taylor Clarke,0,0,0,0,2026,.000,.---,0,0,109,Arizona Diamondbacks,0,0
36,0,0,-.--,.000,.---,0,0,0,.---,0,61,0,0,-.--,hitting,0,0,0,0,0,0,.000,.000,0,518585,Fernando Cruz,0,0,0,0,2026,.000,.---,0,0,147,New York Yankees,0,0
27,1,5,-.--,.000,.000,0,0,0,.---,0,2,0,1,1.00,hitting,0,0,0,0,3,21,.000,.000,5,669360,Trei Cruz,0,0,0,0,2026,.000,.---,0,3,116,Detroit Tigers,0,0
27,0,0,-.--,.000,.---,0,0,0,.---,0,66,0,0,-.--,hitting,0,0,0,0,0,0,.000,.000,0,676263,Jack Dreyer,0,0,0,0,2026,.000,.---,0,0,119,Los Angeles Dodgers,0,0
28,0,0,-.--,.000,.---,0,0,0,.---,0,60,0,0,-.--,hitting,0,0,0,0,0,0,.000,.000,0,661395,Jhoan Duran,0,0,0,0,2026,.000,.---,0,0,143,Philadelphia Phillies,0,0
28,0,0,-.--,.000,.---,0,0,0,.---,0,25,0,0,-.--,hitting,0,0,0,0,0,0,.000,.000,0,685126,Brandon Eisert,0,0,0,0,2026,.000,.---,0,0,145,Chicago White Sox,0,0
31,0,0,-.--,.000,.---,0,0,0,.---,0,51,0,0,-.--,hitting,0,0,0,0,0,0,.000,.000,0,668674,Lucas Erceg,0,0,0,0,2026,.000,.---,0,0,118,Kansas City Royals,0,0
33,0,0,-.--,.000,.---,0,0,0,.---,0,1,0,0,-.--,hitting,0,0,0,0,0,0,.000,.000,0,608032,Carlos Estévez,0,0,0,0,2026,.000,.---,0,0,118,Kansas City Royals,0,0
32,0,0,-.--,.000,.---,0,0,0,.---,0,46,0,0,-.--,hitting,0,0,0,0,0,0,.000,.000,0,664126,Pete Fairbanks,0,0,0,0,2026,.000,.---,0,0,146,Miami Marlins,0,0
26,6,16,-.--,.000,.000,2,0,1,1.000,0,14,0,3,0.50,hitting,0,0,0,0,13,78,.105,.105,19,693459,Kyler Fedko,1,1,0,1,2026,.000,.000,0,8,142,Minnesota Twins,0,0
27,0,0,-.--,.000,.---,0,0,0,.---,0,19,0,0,-.--,hitting,0,0,0,0,0,0,.000,.000,0,693308,Nick Frasso,0,0,0,0,2026,.000,.---,0,0,115,Colorado Rockies,0,0
33,0,0,-.--,.000,.---,0,0,0,.---,0,26,0,0,-.--,hitting,0,0,0,0,0,0,.000,.000,0,607536,Kyle Freeland,0,0,0,0,2026,.000,.---,0,0,115,Colorado Rockies,0,0
21,0,0,-.--,.000,.---,0,0,0,.---,0,58,0,0,-.--,hitting,0,0,0,0,0,0,.000,.000,0,800311,Didier Fuentes,0,0,0,0,2026,.000,.---,0,0,144,Atlanta Braves,0,0
26,0,0,-.--,.000,.---,0,0,0,.---,0,56,0,0,-.--,hitting,0,0,0,0,0,0,.000,.000,0,805299,Brandyn Garcia,0,0,0,0,2026,.000,.---,0,0,109,Arizona Diamondbacks,0,0
32,0,0,-.--,.000,.---,0,0,0,.---,0,75,0,0,-.--,hitting,0,0,0,0,0,0,.000,.000,0,670329,Rico Garcia,0,0,0,0,2026,.000,.---,0,0,110,Baltimore Orioles,0,0
28,0,0,-.--,.000,.---,0,0,0,.---,0,47,0,0,-.--,hitting,0,0,0,0,0,0,.000,.000,0,806188,Cade Gibson,0,0,0,0,2026,.000,.---,0,0,146,Miami Marlins,0,0
27,0,0,-.--,.000,.---,0,0,0,.---,0,27,0,0,-.--,hitting,0,0,0,0,0,0,.000,.000,0,669372,J.T. Ginn,0,0,0,0,2026,.000,.---,0,0,133,Athletics,0,0
32,0,0,-.--,.000,.---,0,0,0,.---,0,45,0,0,-.--,hitting,0,0,0,0,0,0,.000,.000,0,623352,Josh Hader,0,0,0,0,2026,.000,.---,0,0,117,Houston Astros,0,0
27,0,0,-.--,.000,.---,0,0,0,.---,0,46,0,0,-.--,hitting,0,0,0,0,0,0,.000,.000,0,669084,DL Hall,0,0,0,0,2026,.000,.---,0,0,158,Milwaukee Brewers,0,0
28,0,1,-.--,.000,.---,0,0,0,.---,0,1,0,0,-.--,hitting,0,0,0,0,1,4,.000,.000,1,668974,Maverick Handley,0,0,0,0,2026,.000,.---,0,1,110,Baltimore Orioles,0,0
24,0,0,-.--,.000,.---,0,0,0,.---,0,61,0,0,-.--,hitting,0,0,0,0,0,0,.000,.000,0,683618,Edgardo Henriquez,0,0,0,0,2026,.000,.---,0,0,119,Los Angeles Dodgers,0,0
29,0,0,-.--,.000,.---,0,0,0,.---,0,44,0,0,-.--,hitting,0,0,0,0,0,0,.000,.000,0,656529,Sam Hentges,0,0,0,0,2026,.000,.---,0,0,137,San Francisco Giants,0,0
32,0,0,-.--,.000,.---,0,0,0,.---,0,51,0,0,-.--,hitting,0,0,0,0,0,0,.000,.000,0,623474,Jimmy Herget,0,0,0,0,2026,.000,.---,0,0,115,Colorado Rockies,0,0
26,0,0,-.--,.000,.---,0,0,0,.---,0,45,0,0,-.--,hitting,0,0,0,0,0,0,.000,.000,0,677955,Jaden Hill,0,0,0,0,2026,.000,.---,0,0,115,Colorado Rockies,0,0
27,0,3,-.--,.000,.---,0,0,0,.---,0,2,0,0,-.--,hitting,0,0,0,0,1,17,.000,.000,3,675448,Blake Hunt,0,0,0,0,2026,.000,.---,0,3,135,San Diego Padres,0,0
27,0,0,-.--,.000,.---,0,0,0,.---,0,29,0,0,-.--,hitting,0,0,0,0,0,0,.000,.000,0,676428,Brant Hurter,0,0,0,0,2026,.000,.---,0,0,116,Detroit Tigers,0,0
36,0,0,-.--,.000,.---,0,0,0,.---,0,59,0,0,-.--,hitting,0,0,0,0,0,0,.000,.000,0,628452,Raisel Iglesias,0,0,0,0,2026,.000,.---,0,0,144,Atlanta Braves,0,0
38,0,0,-.--,.000,.---,0,0,0,.---,0,50,0,0,-.--,hitting,0,0,0,0,0,0,.000,.000,0,445276,Kenley Jansen,0,0,0,0,2026,.000,.---,0,0,116,Detroit Tigers,0,0
37,0,0,-.--,.000,.---,0,0,0,.---,0,29,0,0,-.--,hitting,0,0,0,0,0,0,.000,.000,0,518876,Merrill Kelly,0,0,0,0,2026,.000,.---,0,0,109,Arizona Diamondbacks,0,0
25,0,0,-.--,.000,.---,0,0,0,.---,0,9,0,0,-.--,hitting,0,0,0,0,0,0,.000,.000,0,687531,William Kempner,0,0,0,0,2026,.000,.---,0,0,146,Miami Marlins,0,0
28,0,0,-.--,.000,.---,0,0,0,.---,0,9,0,0,-.--,hitting,0,0,0,0,0,0,.000,.000,0,687849,Zak Kent,0,0,0,0,2026,.000,.---,0,0,120,Washington Nationals,0,0
25,0,0,-.--,.000,.---,0,0,0,.---,0,63,0,0,-.--,hitting,0,0,0,0,0,0,.000,.000,0,689147,Orion Kerkering,0,0,0,0,2026,.000,.---,0,0,143,Philadelphia Phillies,0,0
35,0,0,-.--,.000,.---,0,0,0,.---,0,49,0,0,-.--,hitting,0,0,0,0,0,0,.000,.000,0,641755,Tyler Kinley,0,0,0,0,2026,.000,.---,0,0,144,Atlanta Braves,0,0
30,0,0,-.--,.000,.---,0,0,0,.---,0,59,0,0,-.--,hitting,0,0,0,0,0,0,.000,.000,0,656638,Alex Lange,0,0,0,0,2026,.000,.---,0,0,118,Kansas City Royals,0,0
30,0,0,-.--,.000,.---,0,0,0,.---,0,58,0,0,-.--,hitting,0,0,0,0,0,0,.000,.000,0,656641,Jacob Latz,0,0,0,0,2026,.000,.---,0,0,140,Texas Rangers,0,0
26,0,0,-.--,.000,.---,0,0,0,.---,0,40,0,0,-.--,hitting,0,0,0,0,0,0,.000,.000,0,695418,Brad Lord,0,0,0,0,2026,.000,.---,0,0,120,Washington Nationals,0,0
31,0,0,-.--,.000,.---,0,0,0,.---,0,67,0,0,-.--,hitting,0,0,0,0,0,0,.000,.000,0,642528,Jonathan Loáisiga,0,0,0,0,2026,.000,.---,0,0,109,Arizona Diamondbacks,0,0
32,0,0,-.--,.000,.---,0,0,0,.---,0,26,0,0,-.--,hitting,0,0,0,0,0,0,.000,.000,0,625643,Reynaldo López,0,0,0,0,2026,.000,.---,0,0,144,Atlanta Braves,0,0
30,0,2,-.--,.000,.000,1,0,0,.---,0,2,1,1,1.00,hitting,0,0,0,0,2,10,.333,.333,3,657675,Rudy Martin Jr.,0,0,0,0,2026,.000,.---,0,1,141,Toronto Blue Jays,0,0
32,0,0,-.--,.000,.---,0,0,0,.---,0,63,0,0,-.--,hitting,0,0,0,0,0,0,.000,.000,0,656730,Trevor Megill,0,0,0,0,2026,.000,.---,0,0,158,Milwaukee Brewers,0,0
37,0,0,-.--,.000,.---,0,0,0,.---,0,26,0,1,1.00,hitting,0,0,0,0,0,3,.000,.000,1,571945,Miles Mikolas,1,1,1,0,2026,.000,.---,0,0,120,Washington Nationals,0,0
29,0,0,-.--,.000,.---,0,0,0,.---,0,1,0,0,-.--,hitting,0,0,0,0,0,0,.000,.000,0,680911,Owen Miller,0,0,0,0,2026,.000,.---,0,0,112,Chicago Cubs,0,0
33,0,0,-.--,.000,.---,0,0,0,.---,0,12,0,0,-.--,hitting,0,0,0,0,0,0,.000,.000,0,656756,Jordan Montgomery,0,0,0,0,2026,.000,.---,0,0,140,Texas Rangers,0,0
33,6,12,-.--,.000,.000,3,0,0,.000,0,15,0,0,0.00,hitting,0,0,0,0,6,81,.200,.200,15,664238,Dylan Moore,0,3,0,0,2026,.000,1.000,1,6,143,Philadelphia Phillies,0,0
22,0,0,-.--,.000,.---,0,0,0,.---,0,5,0,0,-.--,hitting,0,0,0,0,0,0,.000,.000,0,702566,Owen Murphy,0,0,0,0,2026,.000,.---,0,0,144,Atlanta Braves,0,0
31,0,0,-.--,.000,.---,0,0,0,.---,0,66,0,0,-.--,hitting,0,0,0,0,0,0,.000,.000,0,676617,Riley O'Brien,0,0,0,0,2026,.000,.---,0,0,138,St. Louis Cardinals,0,0
26,0,0,-.--,.000,.---,0,0,0,.---,0,32,0,0,-.--,hitting,0,0,0,0,0,0,.000,.000,0,694037,Daniel Palencia,0,0,0,0,2026,.000,.---,0,0,112,Chicago Cubs,0,0
24,3,15,-.--,.000,.000,3,0,0,.---,0,8,1,4,1.33,hitting,0,0,0,0,7,83,.167,.167,18,677347,Kyren Paris,0,0,0,0,2026,.000,.---,0,8,108,Los Angeles Angels,0,0
27,0,0,-.--,.000,.---,0,0,0,.---,0,56,0,0,-.--,hitting,0,0,0,0,0,0,.000,.000,0,694477,Chad Patrick,0,0,0,0,2026,.000,.---,0,0,158,Milwaukee Brewers,0,0
29,0,0,-.--,.000,.---,0,0,0,.---,0,25,0,0,-.--,hitting,0,0,0,0,0,0,.000,.000,0,663878,Nate Pearson,0,0,0,0,2026,.000,.---,0,0,118,Kansas City Royals,0,0
34,0,0,-.--,.000,.---,0,0,0,.---,0,65,0,0,-.--,hitting,0,0,0,0,0,0,.000,.000,0,593974,Wandy Peralta,0,0,0,0,2026,.000,.---,0,0,135,San Diego Padres,0,0
26,0,0,-.--,.000,.---,0,0,0,.---,0,37,0,0,-.--,hitting,0,0,0,0,0,0,.000,.000,0,678022,Jack Perkins,0,0,0,0,2026,.000,.---,0,0,133,Athletics,0,0
23,0,1,-.--,.000,.000,1,0,0,.---,0,1,0,1,1.00,hitting,0,0,0,0,1,8,.500,.500,2,691620,Jeferson Quero,0,0,0,0,2026,.000,.---,0,0,158,Milwaukee Brewers,0,0
28,0,0,-.--,.000,.---,0,0,0,.---,0,45,0,0,-.--,hitting,0,0,0,0,0,0,.000,.000,0,687377,Orlando Ribalta,0,0,0,0,2026,.000,.---,0,0,120,Washington Nationals,0,0
33,0,0,-.--,.000,.---,0,0,0,.---,0,51,0,0,-.--,hitting,0,0,0,0,0,0,.000,.000,0,670950,Trevor Richards,0,0,0,0,2026,.000,.---,0,0,145,Chicago White Sox,0,0
23,0,0,-.--,.000,.---,0,0,0,.---,0,16,0,0,-.--,hitting,0,0,0,0,0,0,.000,.000,0,702275,JR Ritchie,0,0,0,0,2026,.000,.---,0,0,144,Atlanta Braves,0,0
28,0,0,-.--,.000,.---,0,0,0,.---,0,60,0,0,-.--,hitting,0,0,0,0,0,0,.000,.000,0,669020,Ryan Rolison,0,0,0,0,2026,.000,.---,0,0,112,Chicago Cubs,0,0
27,1,6,-.--,.000,.000,0,0,0,.---,0,3,1,2,2.00,hitting,0,0,0,0,3,22,.000,.000,6,693306,Aaron Sabato,0,0,0,0,2026,.000,.---,0,3,142,Minnesota Twins,0,0
28,0,0,-.--,.000,.---,0,0,0,.---,0,60,0,0,-.--,hitting,0,0,0,0,0,0,.000,.000,0,681870,Erik Sabrowski,0,0,0,0,2026,.000,.---,0,0,114,Cleveland Guardians,0,0
28,0,0,-.--,.000,.---,0,0,0,.---,0,27,0,0,-.--,hitting,0,0,0,0,0,0,.000,.000,0,687606,Paxton Schultz,0,0,0,0,2026,.000,.---,0,0,120,Washington Nationals,0,0
30,0,0,-.--,.000,.---,0,0,0,.---,0,5,0,0,-.--,hitting,0,0,0,0,0,0,.000,.000,0,657756,Connor Seabold,0,0,0,0,2026,.000,.---,0,0,118,Kansas City Royals,0,0
33,0,0,-.--,.000,.---,0,0,0,.---,0,31,0,0,-.--,hitting,0,0,0,0,0,0,.000,.000,0,673540,Kodai Senga,0,0,0,0,2026,.000,.---,0,0,121,New York Mets,0,0
31,0,0,-.--,.000,.---,0,0,0,.---,0,34,0,0,-.--,hitting,0,0,0,0,0,0,.000,.000,0,622608,Antonio Senzatela,0,0,0,0,2026,.000,.---,0,0,115,Colorado Rockies,0,0
29,0,0,-.--,.000,.---,0,0,0,.---,0,46,0,0,-.--,hitting,0,0,0,0,0,0,.000,.000,0,663767,Chase Shugart,0,0,0,0,2026,.000,.---,0,0,143,Philadelphia Phillies,0,0
26,0,1,-.--,.000,.000,0,0,0,.---,0,1,0,1,1.00,hitting,0,0,0,0,0,4,.000,.000,1,672279,Michael Siani,0,0,0,0,2026,.000,.---,0,0,110,Baltimore Orioles,0,0
27,0,0,-.--,.000,.---,0,0,0,.---,0,69,0,0,-.--,hitting,0,0,0,0,0,0,.000,.000,0,671922,Cade Smith,0,0,0,0,2026,.000,.---,0,0,114,Cleveland Guardians,0,0
26,0,0,-.--,.000,.---,0,0,0,.---,0,41,0,0,-.--,hitting,0,0,0,0,0,0,.000,.000,0,681916,Dylan Smith,0,0,0,0,2026,.000,.---,0,0,137,San Francisco Giants,0,0
27,0,0,-.--,.000,.---,0,0,0,.---,0,70,0,0,-.--,hitting,0,0,0,0,0,0,.000,.000,0,666277,George Soriano,0,0,0,0,2026,.000,.---,0,0,138,St. Louis Cardinals,0,0
31,0,0,-.--,.000,.---,0,0,0,.---,0,54,0,0,-.--,hitting,0,0,0,0,0,0,.000,.000,0,642100,Gabe Speier,0,0,0,0,2026,.000,.---,0,0,136,Seattle Mariners,0,0
34,0,0,-.--,.000,.---,0,0,0,.---,0,70,0,0,-.--,hitting,0,0,0,0,0,0,.000,.000,0,592773,Ryne Stanek,0,0,0,0,2026,.000,.---,0,0,138,St. Louis Cardinals,0,0
35,0,0,-.--,.000,.---,0,0,0,.---,0,33,0,0,-.--,hitting,0,0,0,0,0,0,.000,.000,0,663158,Robert Suarez,0,0,0,0,2026,.000,.---,0,0,144,Atlanta Braves,0,0
39,0,0,-.--,.000,.---,0,0,0,.---,0,58,0,0,-.--,hitting,0,0,0,0,0,0,.000,.000,0,573204,Caleb Thielbar,0,0,0,0,2026,.000,.---,0,0,112,Chicago Cubs,0,0
32,0,0,-.--,.000,.---,0,0,0,.---,0,48,0,0,-.--,hitting,0,0,0,0,0,0,.000,.000,0,663423,Trent Thornton,0,0,0,0,2026,.000,.---,0,0,112,Chicago Cubs,0,0
26,0,0,-.--,.000,.---,0,0,0,.---,0,61,0,0,-.--,hitting,0,0,0,0,0,0,.000,.000,0,682842,Abner Uribe,0,0,0,0,2026,.000,.---,0,0,158,Milwaukee Brewers,0,0
27,0,0,-.--,.000,.---,0,0,0,.---,0,5,0,0,-.--,hitting,0,0,0,0,0,0,.000,.000,0,676568,Ricky Vanasco,0,0,0,0,2026,.000,.---,0,0,116,Detroit Tigers,0,0
29,0,0,-.--,.000,.---,0,0,0,.---,0,34,0,0,-.--,hitting,0,0,0,0,0,0,.000,.000,0,681402,Gus Varland,0,0,0,0,2026,.000,.---,0,0,120,Washington Nationals,0,0
30,0,0,-.--,.000,.---,0,0,0,.---,0,71,0,0,-.--,hitting,0,0,0,0,0,0,.000,.000,0,681911,Alex Vesia,0,0,0,0,2026,.000,.---,0,0,119,Los Angeles Dodgers,0,0
31,0,0,-.--,.000,.---,0,0,0,.---,0,27,0,0,-.--,hitting,0,0,0,0,0,0,.000,.000,0,676684,Will Vest,0,0,0,0,2026,.000,.---,0,0,116,Detroit Tigers,0,0
26,0,0,-.--,.000,.---,0,0,0,.---,0,33,0,0,-.--,hitting,0,0,0,0,0,0,.000,.000,0,680767,Victor Vodnik,0,0,0,0,2026,.000,.---,0,0,115,Colorado Rockies,0,0
27,0,1,-.--,.000,.000,0,0,0,.---,0,31,0,1,1.00,hitting,0,0,0,0,0,1,.000,.000,1,681190,Randy Vásquez,0,0,0,0,2026,.000,.---,0,0,135,San Diego Padres,0,0
26,0,0,-.--,.000,.---,0,0,0,.---,0,1,0,0,-.--,hitting,0,0,0,0,0,0,.000,.000,0,676679,Luis Vázquez,0,1,0,0,2026,.000,.---,0,0,110,Baltimore Orioles,0,0
32,0,0,-.--,.000,.---,0,0,0,.---,0,35,0,0,-.--,hitting,0,0,0,0,0,0,.000,.000,0,621097,Jacob Waguespack,0,0,0,0,2026,.000,.---,0,0,116,Detroit Tigers,0,0
30,0,0,-.--,.000,.---,0,0,0,.---,0,40,0,0,-.--,hitting,0,0,0,0,0,0,.000,.000,0,681810,Austin Warren,0,0,0,0,2026,.000,.---,0,0,121,New York Mets,0,0
32,0,0,-.--,.000,.---,0,0,0,.---,0,42,0,0,-.--,hitting,0,0,0,0,0,0,.000,.000,0,596133,Luke Weaver,0,0,0,0,2026,.000,.---,0,0,121,New York Mets,0,0
32,0,0,-.--,.000,.---,0,0,0,.---,0,67,0,0,-.--,hitting,0,0,0,0,0,0,.000,.000,0,657097,Jacob Webb,0,0,0,0,2026,.000,.---,0,0,112,Chicago Cubs,0,0
29,3,4,-.--,.000,.000,0,0,0,.---,0,2,0,1,0.33,hitting,0,0,0,0,1,24,.000,.000,4,673995,Davis Wendzel,0,0,0,0,2026,.000,.---,0,0,134,Pittsburgh Pirates,0,0
30,0,0,-.--,.000,.---,0,0,0,.---,0,54,0,0,-.--,hitting,0,0,0,0,0,0,.000,.000,0,676477,Garrett Whitlock,0,0,0,0,2026,.000,.---,0,0,111,Boston Red Sox,0,0
26,0,0,-.--,.000,.---,0,0,0,.---,0,4,0,0,-.--,hitting,0,0,0,0,0,0,.000,.000,0,696136,Jordan Wicks,0,0,0,0,2026,.000,.---,0,0,112,Chicago Cubs,0,0
31,0,0,-.--,.000,.---,0,0,0,.---,0,44,0,0,-.--,hitting,0,0,0,0,0,0,.000,.000,0,642207,Devin Williams,0,0,0,0,2026,.000,.---,0,0,121,New York Mets,0,0
29,0,0,-.--,.000,.---,1,0,0,.---,0,2,0,0,-.--,hitting,0,0,0,0,0,4,1.000,1.000,1,663897,Luke Williams,0,0,0,0,2026,.000,.---,0,0,144,Atlanta Braves,0,0
28,0,0,-.--,.000,.---,0,0,0,.---,0,44,0,0,-.--,hitting,0,0,0,0,0,0,.000,.000,0,676775,Keaton Winn,0,0,0,0,2026,.000,.---,0,0,137,San Francisco Giants,0,0
