age,assists,catcherERA,catchersInterference,caughtStealing,caughtStealingPercentage,chances,doublePlays,errors,fielding,games,gamesPlayed,gamesStarted,group,innings,passedBall,pickoffs,player_id,player_name,putOuts,rangeFactorPer9Inn,rangeFactorPerGame,season,stolenBasePercentage,stolenBases,team_id,team_name,throwingErrors,triplePlays,wildPitches
24,1,,,,,3,0,0,1.000,4,4,3,fielding,20.1,,,690953,Mick Abel,2,1.35,0.75,2026,,,142,Minnesota Twins,0,0,
24,1,,,,,1,0,0,1.000,13,13,0,fielding,19.0,,,691769,Philip Abner,0,0.47,0.08,2026,,,137,San Francisco Giants,0,0,
25,23,,,,,38,8,0,1.000,14,14,12,fielding,103.0,,,682928,CJ Abrams,15,3.32,2.71,2026,,,120,Washington Nationals,0,0,
28,0,,,,,1,0,0,1.000,7,7,0,fielding,11.0,,,670183,Garrett Acton,1,0.82,0.14,2026,,,142,Minnesota Twins,0,0,
24,1,,,,,1,0,0,1.000,1,1,0,fielding,1.0,,,682668,Luisangel Acuña,0,9.00,1.00,2026,,,145,Chicago White Sox,0,0,
24,0,,,,,1,0,0,1.000,1,1,1,fielding,3.0,,,682668,Luisangel Acuña,1,3.00,1.00,2026,,,145,Chicago White Sox,0,0,
34,0,,,,,6,0,0,1.000,38,38,0,fielding,34.1,,,592094,Jason Adam,6,1.59,0.16,2026,,,135,San Diego Padres,0,0,
26,3,,,,,4,0,0,1.000,6,6,6,fielding,29.0,,,690279,Mason Adams,1,1.24,0.67,2026,,,115,Colorado Rockies,0,0,
26,7,,,,,9,2,0,1.000,40,40,0,fielding,59.0,,,701519,Travis Adams,2,1.37,0.23,2026,,,142,Minnesota Twins,0,0,
27,0,,,,,15,0,0,1.000,16,16,12,fielding,96.0,,,666176,Jo Adell,15,1.41,0.94,2026,,,114,Cleveland Guardians,0,0,
27,0,,,,,2,0,0,1.000,3,3,1,fielding,10.0,,,666176,Jo Adell,2,1.80,0.67,2026,,,108,Los Angeles Angels,0,0,
25,11,,,,,20,1,0,1.000,41,41,3,fielding,91.0,,,688642,Zach Agnos,9,1.98,0.49,2026,,,115,Colorado Rockies,0,0,
27,1,,,,,6,0,0,1.000,42,42,0,fielding,37.0,,,695239,Robby Ahlstrom,5,1.46,0.14,2026,,,140,Texas Rangers,0,0,
23,0,,,,,2,0,0,1.000,6,6,2,fielding,21.0,,,682634,Kevin Alcántara,2,0.86,0.33,2026,,,112,Chicago Cubs,0,0,
23,0,,,,,2,0,0,1.000,3,3,0,fielding,6.0,,,682634,Kevin Alcántara,2,3.00,0.67,2026,,,112,Chicago Cubs,0,0,
23,0,,,,,4,0,0,1.000,2,2,2,fielding,10.0,,,682634,Kevin Alcántara,4,3.60,2.00,2026,,,112,Chicago Cubs,0,0,
24,5,,,,,6,0,0,1.000,9,9,6,fielding,33.2,,,691951,Sam Aldegheri,1,1.64,0.67,2026,,,108,Los Angeles Angels,0,0,
27,28,,,,,40,4,0,1.000,12,12,8,fielding,81.0,,,677942,Blaze Alexander,12,4.44,3.33,2026,,,110,Baltimore Orioles,0,0,
27,0,,,,,9,0,0,1.000,8,8,4,fielding,42.0,,,677942,Blaze Alexander,9,1.93,1.13,2026,,,110,Baltimore Orioles,0,0,
27,0,,,,,12,0,0,1.000,8,8,6,fielding,42.0,,,677942,Blaze Alexander,12,2.57,1.50,2026,,,110,Baltimore Orioles,0,0,
27,0,,,,,12,0,0,1.000,6,6,4,fielding,37.0,,,677942,Blaze Alexander,12,2.92,2.00,2026,,,110,Baltimore Orioles,0,0,
33,3,,,,,4,0,0,1.000,4,4,2,fielding,18.1,,,669920,Jason Alexander,1,2.00,1.00,2026,,,117,Houston Astros,0,0,
26,1,5.35,0,1,.167,85,0,0,1.000,12,12,9,fielding,74.0,2,0,672613,Eliezer Alfonzo,84,10.34,7.08,2026,.833,5,119,Los Angeles Dodgers,0,0,5
28,1,,,,,1,0,0,1.000,4,4,0,fielding,8.2,,,663465,Kolby Allard,0,1.13,0.25,2026,,,114,Cleveland Guardians,0,0,
27,0,,,,,1,0,0,1.000,1,1,0,fielding,2.0,,,665804,Miguel Amaya,1,4.50,1.00,2026,,,112,Chicago Cubs,0,0,
32,5,,,,,13,1,0,1.000,49,49,11,fielding,108.0,,,623454,Drew Anderson,8,1.08,0.27,2026,,,116,Detroit Tigers,0,0,
29,1,,,,,4,0,0,1.000,52,52,0,fielding,59.0,,,681982,Grant Anderson,3,0.61,0.08,2026,,,158,Milwaukee Brewers,0,0,
21,1,,,,,4,0,0,1.000,7,7,7,fielding,35.2,,,807739,Kade Anderson,3,1.03,0.57,2026,,,136,Seattle Mariners,0,0,
31,2,,,,,2,0,0,1.000,12,12,0,fielding,20.0,,,641312,Shaun Anderson,0,0.90,0.17,2026,,,108,Los Angeles Angels,0,0,
30,1,,,,,1,0,0,1.000,2,2,0,fielding,3.0,,,681084,Tanner Andrews,0,3.00,0.50,2026,,,141,Toronto Blue Jays,0,0,
31,1,,,,,5,1,0,1.000,3,3,0,fielding,4.0,,,609280,Miguel Andujar,4,11.25,1.67,2026,,,135,San Diego Padres,0,0,
22,0,,,,,10,0,0,1.000,4,4,4,fielding,36.0,,,701350,Roman Anthony,10,2.50,2.50,2026,,,111,Boston Red Sox,0,0,
23,38,,,,,61,8,0,1.000,32,32,13,fielding,153.0,,,803011,Sam Antonacci,23,3.59,1.91,2026,,,145,Chicago White Sox,0,0,
31,1,,,,,19,1,0,1.000,3,3,2,fielding,23.0,,,606115,Orlando Arcia,18,7.43,6.33,2026,,,142,Minnesota Twins,0,0,
31,6,,,,,10,1,0,1.000,6,6,3,fielding,29.0,,,606115,Orlando Arcia,4,3.10,1.67,2026,,,142,Minnesota Twins,0,0,
31,2,,,,,4,1,0,1.000,2,2,1,fielding,8.0,,,606115,Orlando Arcia,2,4.50,2.00,2026,,,142,Minnesota Twins,0,0,
31,5,,,,,8,2,0,1.000,10,10,5,fielding,42.0,,,606115,Orlando Arcia,3,1.71,0.80,2026,,,142,Minnesota Twins,0,0,
26,1,,,,,14,0,0,1.000,4,4,1,fielding,14.0,,,672356,Gabriel Arias,13,9.00,3.50,2026,,,112,Chicago Cubs,0,0,
26,7,,,,,13,3,0,1.000,3,3,3,fielding,25.0,,,672356,Gabriel Arias,6,4.68,4.33,2026,,,112,Chicago Cubs,0,0,
35,2,,,,,2,0,0,1.000,41,41,0,fielding,35.1,,,542888,Shawn Armstrong,0,0.51,0.05,2026,,,114,Cleveland Guardians,0,0,
22,2,,,,,2,0,0,1.000,5,5,4,fielding,34.0,,,695490,Edwin Arroyo,0,0.53,0.40,2026,,,113,Cincinnati Reds,0,0,
21,0,,,,,3,0,0,1.000,3,3,2,fielding,20.0,,,703197,Michael Arroyo,3,1.35,1.00,2026,,,136,Seattle Mariners,0,0,
28,4,,,,,4,1,0,1.000,35,35,0,fielding,35.1,,,668933,Graham Ashcraft,0,1.03,0.11,2026,,,113,Cincinnati Reds,0,0,
24,11,,,,,20,2,0,1.000,21,21,12,fielding,70.0,,,679883,Luinder Avila,9,2.57,0.95,2026,,,118,Kansas City Royals,0,0,
30,0,,,,,4,0,0,1.000,2,2,1,fielding,11.0,,,640492,José Azócar,4,3.27,2.00,2026,,,144,Atlanta Braves,0,0,
30,0,,,,,3,0,0,1.000,1,1,0,fielding,2.0,,,640492,José Azócar,3,13.50,3.00,2026,,,144,Atlanta Braves,0,0,
30,0,,,,,7,0,0,1.000,7,7,5,fielding,36.0,,,640492,José Azócar,7,1.75,1.00,2026,,,144,Atlanta Braves,0,0,
31,5,,,,,14,0,0,1.000,53,53,12,fielding,86.2,,,669199,Lake Bachar,9,1.47,0.26,2026,,,134,Pittsburgh Pirates,0,0,
32,0,,,,,65,0,0,1.000,30,30,27,fielding,239.2,,,664056,Harrison Bader,65,2.45,2.17,2026,,,137,San Francisco Giants,0,0,
29,1,,,,,9,0,0,1.000,2,2,1,fielding,11.0,,,663609,Luken Baker,8,7.36,4.50,2026,,,109,Arizona Diamondbacks,0,0,
22,6,,,,,50,4,0,1.000,7,7,6,fielding,50.0,,,694208,Moisés Ballesteros,44,9.00,7.14,2026,,,108,Los Angeles Angels,0,0,
24,2,,,,,12,0,0,1.000,6,6,5,fielding,40.0,,,814154,Scott Bandura,10,2.70,2.00,2026,,,137,San Francisco Giants,0,0,
26,0,8.69,0,0,.000,59,0,0,1.000,11,11,6,fielding,58.0,0,0,677943,Will Banfield,59,9.16,5.36,2026,1.000,1,113,Cincinnati Reds,0,0,4
34,10,,,,,10,2,0,1.000,32,32,1,fielding,36.1,,,621383,Tanner Banks,0,2.50,0.31,2026,,,143,Philadelphia Phillies,0,0,
25,1,,,,,2,0,0,1.000,7,7,0,fielding,17.2,,,682995,Hunter Barco,1,1.06,0.29,2026,,,134,Pittsburgh Pirates,0,0,
26,1,,,,,13,1,0,1.000,8,8,6,fielding,53.0,,,680718,Addison Barger,12,2.21,1.63,2026,,,141,Toronto Blue Jays,0,0,
33,2,,,,,4,0,0,1.000,36,36,0,fielding,33.1,,,605130,Scott Barlow,2,1.09,0.11,2026,,,133,Athletics,0,0,
30,3,,,,,3,0,0,1.000,5,5,0,fielding,13.0,,,656212,Charlie Barnes,0,2.08,0.60,2026,,,119,Los Angeles Dodgers,0,0,
25,5,,,,,9,0,0,1.000,20,20,6,fielding,50.0,,,686930,Mason Barnett,4,1.62,0.45,2026,,,133,Athletics,0,0,
28,4,,,,,5,2,0,1.000,1,1,1,fielding,8.0,,,676480,José Barrero,1,5.63,5.00,2026,,,110,Baltimore Orioles,0,0,
28,0,,,,,2,1,0,1.000,1,1,1,fielding,8.0,,,676480,José Barrero,2,2.25,2.00,2026,,,110,Baltimore Orioles,0,0,
25,0,,,,,20,0,0,1.000,18,18,11,fielding,100.0,,,678489,Jorge Barrosa,20,1.80,1.11,2026,,,117,Houston Astros,0,0,
25,0,,,,,80,0,0,1.000,63,63,19,fielding,251.2,,,678489,Jorge Barrosa,80,2.87,1.27,2026,,,117,Houston Astros,0,0,
25,0,,,,,1,0,0,1.000,2,2,0,fielding,2.0,,,678545,Osleivis Basabe,1,4.50,0.50,2026,,,137,San Francisco Giants,0,0,
21,0,,,,,40,3,0,1.000,12,12,4,fielding,50.1,,,694212,Samuel Basallo,40,7.20,3.33,2026,,,110,Baltimore Orioles,0,0,
24,1,,,,,99,1,0,1.000,38,38,32,fielding,288.0,,,703520,Brett Bateman,98,3.09,2.61,2026,,,141,Toronto Blue Jays,0,0,
24,0,,,,,10,0,0,1.000,11,11,8,fielding,59.0,,,703520,Brett Bateman,10,1.53,0.91,2026,,,141,Toronto Blue Jays,0,0,
26,50,,,,,81,7,0,1.000,25,25,23,fielding,184.0,,,683146,Brett Baty,31,3.96,3.24,2026,,,121,New York Mets,0,0,
26,1,,,,,33,0,0,1.000,23,23,20,fielding,158.0,,,683146,Brett Baty,32,1.88,1.43,2026,,,121,New York Mets,0,0,
30,0,,,,,27,0,0,1.000,16,16,12,fielding,87.0,,,641343,Jake Bauers,27,2.79,1.69,2026,,,158,Milwaukee Brewers,0,0,
24,1,,,,,2,0,0,1.000,4,4,0,fielding,5.2,,,691945,Carter Baumler,1,3.60,0.50,2026,,,140,Texas Rangers,0,0,
24,1,,,,,90,0,0,1.000,48,48,43,fielding,381.0,,,687637,Dylan Beavers,89,2.13,1.88,2026,,,110,Baltimore Orioles,0,0,
24,1,,,,,10,0,0,1.000,8,8,5,fielding,36.0,,,687637,Dylan Beavers,9,2.50,1.25,2026,,,110,Baltimore Orioles,0,0,
24,2,,,,,54,1,0,1.000,35,35,28,fielding,243.0,,,687637,Dylan Beavers,52,2.00,1.54,2026,,,110,Baltimore Orioles,0,0,
27,0,,,,,1,0,0,1.000,4,4,2,fielding,12.2,,,694341,Brendan Beck,1,0.75,0.25,2026,,,147,New York Yankees,0,0,
25,0,,,,,34,0,0,1.000,27,27,18,fielding,167.1,,,687597,Jordan Beck,34,1.83,1.26,2026,,,115,Colorado Rockies,0,0,
30,2,,,,,5,0,0,1.000,14,14,0,fielding,19.0,,,663941,Tristan Beck,3,2.37,0.36,2026,,,137,San Francisco Giants,0,0,
31,7,,,,,11,0,0,1.000,64,64,0,fielding,69.1,,,670280,David Bednar,4,1.43,0.17,2026,,,147,New York Yankees,0,0,
30,1,,,,,16,5,0,1.000,6,6,1,fielding,16.2,,,641355,Cody Bellinger,15,9.00,2.67,2026,,,147,New York Yankees,0,0,
30,0,,,,,15,0,0,1.000,17,17,14,fielding,107.0,,,641355,Cody Bellinger,15,1.26,0.88,2026,,,147,New York Yankees,0,0,
30,0,,,,,4,0,0,1.000,5,5,2,fielding,16.0,,,641355,Cody Bellinger,4,2.25,0.80,2026,,,147,New York Yankees,0,0,
27,10,,,,,27,0,0,1.000,26,26,11,fielding,116.1,,,678394,Brayan Bello,17,2.09,1.04,2026,,,111,Boston Red Sox,0,0,
26,1,,,,,2,0,0,1.000,3,3,0,fielding,10.2,,,678368,Valente Bellozo,1,1.80,0.67,2026,,,115,Colorado Rockies,0,0,
23,0,,,,,27,0,0,1.000,11,11,10,fielding,81.0,,,701807,Carson Benge,27,3.00,2.45,2026,,,121,New York Mets,0,0,
31,1,,,,,11,0,0,1.000,10,10,7,fielding,55.0,,,643217,Andrew Benintendi,10,1.80,1.10,2026,,,145,Chicago White Sox,0,0,
31,0,,,,,1,0,0,1.000,1,1,0,fielding,3.0,,,643217,Andrew Benintendi,1,3.00,1.00,2026,,,145,Chicago White Sox,0,0,
25,6,,,,,8,0,0,1.000,20,20,19,fielding,113.1,,,687562,Jake Bennett,2,0.64,0.40,2026,,,111,Boston Red Sox,0,0,
28,0,,,,,3,0,0,1.000,7,7,3,fielding,27.0,,,666181,Will Benson,3,1.00,0.43,2026,,,113,Cincinnati Reds,0,0,
28,0,,,,,5,0,0,1.000,3,3,1,fielding,12.0,,,666181,Will Benson,5,3.75,1.67,2026,,,113,Cincinnati Reds,0,0,
22,6,,,,,30,1,0,1.000,4,4,4,fielding,28.0,,,699024,Leo Bernal,24,9.64,7.50,2026,,,138,St. Louis Cardinals,0,0,
27,0,,,,,5,0,0,1.000,3,3,2,fielding,17.0,,,672642,Steward Berroa,5,2.65,1.67,2026,,,143,Philadelphia Phillies,0,0,
30,2,,,,,3,1,0,1.000,11,11,0,fielding,18.2,,,674370,Osvaldo Bido,1,1.50,0.27,2026,,,145,Chicago White Sox,0,0,
25,1,,,,,2,0,0,1.000,15,15,0,fielding,15.2,,,684049,Brandan Bidois,1,1.20,0.13,2026,,,134,Pittsburgh Pirates,0,0,
31,7,,,,,12,2,0,1.000,11,11,11,fielding,55.2,,,669456,Shane Bieber,5,1.96,1.09,2026,,,141,Toronto Blue Jays,0,0,
30,3,,,,,5,0,0,1.000,44,44,0,fielding,38.2,,,656234,Jake Bird,2,1.18,0.11,2026,,,120,Washington Nationals,0,0,
35,0,,,,,1,0,0,1.000,1,1,0,fielding,3.0,,,621389,Ty Blach,1,3.00,1.00,2026,,,112,Chicago Cubs,0,0,
26,3,,,,,4,0,0,1.000,17,17,0,fielding,31.1,,,696131,Mason Black,1,1.16,0.24,2026,,,118,Kansas City Royals,0,0,
25,0,,,,,2,0,0,1.000,1,1,0,fielding,2.0,,,672012,Tyler Black,2,9.00,2.00,2026,,,158,Milwaukee Brewers,0,0,
25,0,,,,,2,0,0,1.000,1,1,1,fielding,5.0,,,672012,Tyler Black,2,3.60,2.00,2026,,,158,Milwaukee Brewers,0,0,
32,7,,,,,21,1,0,1.000,62,62,2,fielding,85.0,,,621112,Paul Blackburn,14,2.22,0.34,2026,,,147,New York Yankees,0,0,
25,0,,,,,3,0,0,1.000,4,4,0,fielding,11.1,,,687134,Bradley Blalock,3,2.45,0.75,2026,,,146,Miami Marlins,0,0,
32,1,,,,,4,0,0,1.000,8,8,5,fielding,33.2,,,669854,Ronel Blanco,3,1.09,0.50,2026,,,117,Houston Astros,0,0,
28,1,,,,,13,0,0,1.000,19,19,5,fielding,65.0,,,668709,JJ Bleday,12,1.80,0.68,2026,,,113,Cincinnati Reds,0,0,
26,2,,,,,7,2,0,1.000,2,2,2,fielding,19.0,,,669208,Ryan Bliss,5,3.32,3.50,2026,,,136,Seattle Mariners,0,0,
25,2,,,,,9,1,0,1.000,64,64,0,fielding,96.0,,,805123,AJ Blubaugh,7,0.84,0.14,2026,,,117,Houston Astros,0,0,
22,0,,,,,7,0,0,1.000,2,2,1,fielding,10.0,,,703607,Henry Bolte,7,6.30,3.50,2026,,,133,Athletics,0,0,
28,1,,,,,1,0,0,1.000,8,8,3,fielding,20.0,,,675989,Cody Bolton,0,0.45,0.13,2026,,,117,Houston Astros,0,0,
25,1,,,,,33,1,0,1.000,43,43,8,fielding,132.0,,,687749,Jase Bowen,32,2.25,0.77,2026,,,135,San Diego Padres,0,0,
25,0,,,,,14,0,0,1.000,6,6,2,fielding,27.0,,,687749,Jase Bowen,14,4.67,2.33,2026,,,135,San Diego Padres,0,0,
25,1,,,,,37,1,0,1.000,25,25,12,fielding,124.1,,,687749,Jase Bowen,36,2.69,1.48,2026,,,135,San Diego Padres,0,0,
35,12,,,,,25,1,0,1.000,22,22,22,fielding,126.2,,,571510,Matthew Boyd,13,1.79,1.14,2026,,,112,Chicago Cubs,0,0,
26,1,,,,,1,0,0,1.000,4,4,3,fielding,19.0,,,671212,Joe Boyle,0,0.47,0.25,2026,,,139,Tampa Bay Rays,0,0,
25,9,,,,,20,0,0,1.000,31,31,31,fielding,178.1,,,671737,Taj Bradley,11,1.01,0.65,2026,,,142,Minnesota Twins,0,0,
25,1,,,,,1,0,0,1.000,2,2,0,fielding,3.0,,,687394,Jack Brannigan,0,3.00,0.50,2026,,,134,Pittsburgh Pirates,0,0,
28,1,,,,,1,0,0,1.000,20,20,0,fielding,16.2,,,666374,Matt Brash,0,0.56,0.05,2026,,,136,Seattle Mariners,0,0,
22,2,,,,,2,0,0,1.000,10,10,10,fielding,44.0,,,683352,Mitch Bratt,0,0.41,0.20,2026,,,109,Arizona Diamondbacks,0,0,
28,0,,,,,2,0,0,1.000,4,4,3,fielding,27.2,,,686823,Will Brennan,2,0.67,0.50,2026,,,137,San Francisco Giants,0,0,
30,1,,,,,2,1,0,1.000,2,2,2,fielding,15.0,,,681146,Jonah Bride,1,1.20,1.00,2026,,,140,Texas Rangers,0,0,
28,1,,,,,2,0,0,1.000,18,18,0,fielding,25.1,,,689225,Beau Brieske,1,0.72,0.11,2026,,,116,Detroit Tigers,0,0,
24,4,,,,,4,2,0,1.000,4,4,3,fielding,27.0,,,682877,Juan Brito,0,1.33,1.00,2026,,,113,Cincinnati Reds,0,0,
24,0,,,,,1,0,0,1.000,1,1,0,fielding,1.0,,,682877,Juan Brito,1,9.00,1.00,2026,,,113,Cincinnati Reds,0,0,
24,0,,,,,6,0,0,1.000,3,3,3,fielding,21.0,,,682877,Juan Brito,6,2.57,2.00,2026,,,113,Cincinnati Reds,0,0,
31,2,,,,,5,0,0,1.000,16,16,0,fielding,16.0,,,641401,Connor Brogdon,3,2.81,0.31,2026,,,114,Cleveland Guardians,0,0,
27,9,,,,,17,3,0,1.000,20,20,20,fielding,107.1,,,686613,Hunter Brown,8,1.43,0.85,2026,,,117,Houston Astros,0,0,
32,4,,,,,8,1,0,1.000,41,41,1,fielding,60.1,,,664141,JT Brubaker,4,1.20,0.20,2026,,,137,San Francisco Giants,0,0,
28,9,,,,,13,1,0,1.000,7,7,3,fielding,31.0,,,660644,Vidal Bruján,4,3.77,1.86,2026,,,121,New York Mets,0,0,
26,0,,,,,2,0,0,1.000,2,2,0,fielding,3.0,,,694350,Zach Brzykcy,2,6.00,1.00,2026,,,146,Miami Marlins,0,0,
28,6,,,,,7,0,0,1.000,14,14,9,fielding,55.0,,,663460,Kris Bubic,1,1.15,0.50,2026,,,119,Los Angeles Dodgers,0,0,
32,3,,,,,3,0,0,1.000,21,21,0,fielding,16.2,,,607481,Aaron Bummer,0,1.69,0.14,2026,,,118,Kansas City Royals,0,0,
26,1,,,,,1,0,0,1.000,4,4,0,fielding,4.1,,,686228,Juan Burgos,0,2.25,0.25,2026,,,109,Arizona Diamondbacks,0,0,
31,1,,,,,1,0,0,1.000,3,3,3,fielding,10.1,,,669203,Corbin Burnes,0,0.90,0.33,2026,,,109,Arizona Diamondbacks,0,0,
28,1,,,,,1,0,0,1.000,3,3,0,fielding,2.0,,,676130,José Buttó,0,4.50,0.33,2026,,,137,San Francisco Giants,0,0,
32,0,,,,,199,0,0,1.000,72,72,71,fielding,597.2,,,621439,Byron Buxton,199,3.00,2.76,2026,,,142,Minnesota Twins,0,0,
33,0,,,,,11,0,0,1.000,10,10,7,fielding,56.0,,,595879,Javier Báez,11,1.77,1.10,2026,,,116,Detroit Tigers,0,0,
33,0,,,,,3,0,0,1.000,2,2,1,fielding,9.0,,,595879,Javier Báez,3,3.00,1.50,2026,,,116,Detroit Tigers,0,0,
23,0,,,,,4,0,0,1.000,4,4,3,fielding,28.0,,,695491,Joshua Báez,4,1.29,1.00,2026,,,138,St. Louis Cardinals,0,0,
29,0,,,,,10,0,0,1.000,9,9,6,fielding,60.1,,,676609,José Caballero,10,1.50,1.11,2026,,,147,New York Yankees,0,0,
28,14,,,,,27,0,0,1.000,18,18,15,fielding,80.0,,,665795,Edward Cabrera,13,3.04,1.50,2026,,,112,Chicago Cubs,0,0,
27,0,,,,,2,0,0,1.000,2,2,2,fielding,17.0,,,665828,Oswaldo Cabrera,2,1.06,1.00,2026,,,113,Cincinnati Reds,0,0,
27,1,,,,,1,0,0,1.000,1,1,0,fielding,5.1,,,665828,Oswaldo Cabrera,0,1.80,1.00,2026,,,147,New York Yankees,0,0,
23,0,,,,,144,0,0,1.000,88,88,79,fielding,619.1,,,683357,Owen Caissie,144,2.09,1.64,2026,,,146,Miami Marlins,0,0,
31,1,,,,,18,0,0,1.000,10,10,6,fielding,54.0,,,669743,Alex Call,17,3.00,1.80,2026,,,119,Los Angeles Dodgers,0,0,
31,0,,,,,31,0,0,1.000,16,16,11,fielding,107.0,,,669743,Alex Call,31,2.61,1.94,2026,,,119,Los Angeles Dodgers,0,0,
24,0,,,,,9,0,0,1.000,8,8,4,fielding,35.0,,,814430,Brett Callahan,9,2.31,1.13,2026,,,116,Detroit Tigers,0,0,
26,1,,,,,1,0,0,1.000,4,4,0,fielding,3.0,,,682997,Tyler Callihan,0,3.00,0.25,2026,,,134,Pittsburgh Pirates,0,0,
26,1,,,,,30,3,0,1.000,8,8,5,fielding,45.0,,,682997,Tyler Callihan,29,6.00,3.75,2026,,,134,Pittsburgh Pirates,0,0,
26,9,,,,,13,3,0,1.000,5,5,2,fielding,26.0,,,682997,Tyler Callihan,4,4.50,2.60,2026,,,134,Pittsburgh Pirates,0,0,
26,0,,,,,7,0,0,1.000,8,8,7,fielding,49.0,,,682997,Tyler Callihan,7,1.29,0.88,2026,,,134,Pittsburgh Pirates,0,0,
26,0,,,,,6,0,0,1.000,10,10,7,fielding,64.0,,,682997,Tyler Callihan,6,0.84,0.60,2026,,,134,Pittsburgh Pirates,0,0,
26,0,9.00,0,0,.000,1,0,0,1.000,1,1,0,fielding,2.0,0,0,665856,Jair Camargo,1,4.50,1.00,2026,1.000,1,144,Atlanta Braves,0,0,0
29,1,,,,,12,0,0,1.000,8,8,6,fielding,50.0,,,663662,Daz Cameron,11,2.16,1.50,2026,,,141,Toronto Blue Jays,0,0,
28,0,,,,,6,0,0,1.000,4,4,4,fielding,25.0,,,672569,Gustavo Campero,6,2.16,1.50,2026,,,108,Los Angeles Angels,0,0,
32,1,,,,,16,1,0,1.000,2,2,2,fielding,17.0,,,600869,Jeimer Candelario,15,8.47,8.00,2026,,,108,Los Angeles Angels,0,0,
25,0,,,,,1,0,0,1.000,2,2,0,fielding,3.0,,,686563,Jonathan Cannon,1,3.00,0.50,2026,,,145,Chicago White Sox,0,0,
32,3,,,,,7,0,0,1.000,68,68,0,fielding,49.2,,,666974,Yennier Cano,4,1.29,0.10,2026,,,110,Baltimore Orioles,0,0,
27,0,,,,,1,0,0,1.000,1,1,1,fielding,8.0,,,666185,Dylan Carlson,1,1.13,1.00,2026,,,112,Chicago Cubs,0,0,
28,0,,,,,3,0,0,1.000,4,4,3,fielding,25.0,,,681481,Kerry Carpenter,3,1.08,0.75,2026,,,116,Detroit Tigers,0,0,
28,2,,,,,75,0,0,1.000,45,45,41,fielding,316.1,,,681481,Kerry Carpenter,73,2.14,1.67,2026,,,116,Detroit Tigers,0,0,
39,1,,,,,2,0,0,1.000,8,8,0,fielding,16.2,,,471911,Carlos Carrasco,1,1.13,0.25,2026,,,144,Atlanta Braves,0,0,
24,0,,,,,1,0,0,1.000,2,2,0,fielding,5.0,,,694249,Cole Carrigg,1,1.80,0.50,2026,,,115,Colorado Rockies,0,0,
27,1,,,,,3,0,0,1.000,13,13,0,fielding,17.1,,,672629,Gerardo Carrillo,2,1.59,0.23,2026,,,109,Arizona Diamondbacks,0,0,
25,0,,,,,1,1,0,1.000,1,1,0,fielding,3.0,,,682769,Eiberson Castellano,1,3.00,1.00,2026,,,115,Colorado Rockies,0,0,
34,1,,,,,16,0,0,1.000,3,3,2,fielding,14.0,,,592206,Nick Castellanos,15,10.29,5.33,2026,,,135,San Diego Padres,0,0,
34,0,,,,,6,0,0,1.000,4,4,4,fielding,32.0,,,592206,Nick Castellanos,6,1.69,1.50,2026,,,135,San Diego Padres,0,0,
34,0,,,,,32,0,0,1.000,19,19,18,fielding,147.0,,,592206,Nick Castellanos,32,1.96,1.68,2026,,,135,San Diego Padres,0,0,
27,0,,,,,1,0,0,1.000,5,5,0,fielding,6.1,,,665645,Kervin Castro,1,1.50,0.20,2026,,,147,New York Yankees,0,0,
29,2,,,,,42,3,0,1.000,11,11,6,fielding,51.1,,,650489,Willi Castro,40,7.41,3.82,2026,,,115,Colorado Rockies,0,0,
29,1,,,,,6,1,0,1.000,7,7,2,fielding,25.0,,,650489,Willi Castro,5,2.16,0.86,2026,,,115,Colorado Rockies,0,0,
23,2,,,,,2,1,0,1.000,2,2,0,fielding,2.0,,,695508,Cam Cauley,0,9.00,1.00,2026,,,140,Texas Rangers,0,0,
23,0,,,,,1,0,0,1.000,1,1,0,fielding,1.0,,,695508,Cam Cauley,1,9.00,1.00,2026,,,140,Texas Rangers,0,0,
23,1,,,,,19,0,0,1.000,11,11,9,fielding,69.0,,,695508,Cam Cauley,18,2.48,1.73,2026,,,140,Texas Rangers,0,0,
27,5,,,,,8,0,0,1.000,28,28,21,fielding,121.0,,,677944,Slade Cecconi,3,0.60,0.29,2026,,,114,Cleveland Guardians,0,0,
38,5,,,,,5,0,0,1.000,53,53,0,fielding,51.2,,,547973,Aroldis Chapman,0,0.88,0.09,2026,,,111,Boston Red Sox,0,0,
24,24,,,,,42,7,0,1.000,14,14,13,fielding,116.0,,,691907,Tsung-Che Cheng,18,3.26,3.00,2026,,,111,Boston Red Sox,0,0,
23,1,,,,,3,0,0,1.000,15,15,0,fielding,16.2,,,683409,Angel Chivilli,2,1.69,0.20,2026,,,147,New York Yankees,0,0,
22,8,,,,,207,0,0,1.000,123,123,112,fielding,1021.2,,,694192,Jackson Chourio,199,1.82,1.68,2026,,,158,Milwaukee Brewers,0,0,
22,0,,,,,19,0,0,1.000,13,13,9,fielding,65.2,,,694192,Jackson Chourio,19,2.63,1.46,2026,,,158,Milwaukee Brewers,0,0,
25,1,,,,,56,0,0,1.000,36,36,28,fielding,253.0,,,701675,Nathan Church,55,1.99,1.56,2026,,,138,St. Louis Cardinals,0,0,
25,1,,,,,8,0,0,1.000,3,3,3,fielding,23.0,,,701675,Nathan Church,7,3.13,2.67,2026,,,138,St. Louis Cardinals,0,0,
31,12,,,,,19,0,0,1.000,34,34,15,fielding,111.1,,,650644,Aaron Civale,7,1.54,0.56,2026,,,112,Chicago Cubs,0,0,
21,0,,,,,126,0,0,1.000,51,51,50,fielding,443.1,,,703601,Max Clark,126,2.56,2.47,2026,,,116,Detroit Tigers,0,0,
26,0,,,,,72,0,0,1.000,39,39,23,fielding,230.1,,,672016,Denzel Clarke,72,2.82,1.85,2026,,,133,Athletics,0,0,
24,0,,,,,14,0,0,1.000,8,8,7,fielding,55.0,,,682729,Jonatan Clase,14,2.29,1.75,2026,,,141,Toronto Blue Jays,0,0,
32,4,,,,,6,0,0,1.000,51,51,0,fielding,41.1,,,664076,Garrett Cleavinger,2,1.32,0.12,2026,,,139,Tampa Bay Rays,0,0,
30,29,,,,,318,27,0,1.000,52,52,40,fielding,366.1,,,665019,Kody Clemens,289,7.82,6.12,2026,,,142,Minnesota Twins,0,0,
30,0,,,,,25,0,0,1.000,32,32,5,fielding,88.0,,,665019,Kody Clemens,25,2.56,0.78,2026,,,142,Minnesota Twins,0,0,
30,1,,,,,19,0,0,1.000,10,10,6,fielding,49.1,,,665019,Kody Clemens,18,3.49,1.90,2026,,,142,Minnesota Twins,0,0,
35,4,,,,,15,0,0,1.000,22,22,22,fielding,127.0,,,543037,Gerrit Cole,11,1.06,0.68,2026,,,147,New York Yankees,0,0,
25,0,,,,,12,0,0,1.000,4,4,4,fielding,35.0,,,805904,Zach Cole,12,3.09,3.00,2026,,,117,Houston Astros,0,0,
25,0,,,,,7,0,0,1.000,3,3,3,fielding,23.0,,,805904,Zach Cole,7,2.74,2.33,2026,,,117,Houston Astros,0,0,
25,1,,,,,1,0,0,1.000,24,24,0,fielding,25.0,,,686560,Gavin Collyer,0,0.36,0.04,2026,,,140,Texas Rangers,0,0,
33,0,,,,,18,0,0,1.000,15,15,8,fielding,74.0,,,624424,Michael Conforto,18,2.19,1.20,2026,,,112,Chicago Cubs,0,0,
33,2,,,,,50,1,0,1.000,31,31,23,fielding,198.0,,,624424,Michael Conforto,48,2.27,1.61,2026,,,112,Chicago Cubs,0,0,
28,11,,,,,127,12,0,1.000,20,20,15,fielding,135.0,,,665052,Griffin Conine,116,8.47,6.35,2026,,,146,Miami Marlins,0,0,
28,0,,,,,22,0,0,1.000,13,13,11,fielding,83.1,,,665052,Griffin Conine,22,2.39,1.69,2026,,,146,Miami Marlins,0,0,
28,0,,,,,63,0,0,1.000,46,46,31,fielding,304.0,,,665052,Griffin Conine,63,1.87,1.37,2026,,,146,Miami Marlins,0,0,
28,48,3.32,0,25,.342,1242,1,0,1.000,128,128,121,fielding,1085.2,6,0,661388,William Contreras,1194,10.30,9.70,2026,.658,48,158,Milwaukee Brewers,0,0,35
27,0,,,,,6,0,0,1.000,1,1,1,fielding,6.0,,,695257,Billy Cook,6,9.00,6.00,2026,,,134,Pittsburgh Pirates,0,0,
27,0,,,,,6,0,0,1.000,15,15,1,fielding,28.1,,,695257,Billy Cook,6,1.93,0.40,2026,,,134,Pittsburgh Pirates,0,0,
27,1,,,,,34,1,0,1.000,43,43,11,fielding,138.1,,,695257,Billy Cook,33,2.22,0.79,2026,,,134,Pittsburgh Pirates,0,0,
27,0,,,,,17,0,0,1.000,23,23,2,fielding,47.1,,,695257,Billy Cook,17,3.26,0.74,2026,,,134,Pittsburgh Pirates,0,0,
36,11,,,,,17,0,0,1.000,19,19,15,fielding,80.0,,,571578,Patrick Corbin,6,1.91,0.89,2026,,,141,Toronto Blue Jays,0,0,
23,1,,,,,1,0,0,1.000,2,2,0,fielding,4.1,,,692030,Jose Corniell,0,2.25,0.50,2026,,,140,Texas Rangers,0,0,
31,39,,,,,77,16,0,1.000,23,23,20,fielding,180.1,,,621043,Carlos Correa,38,3.85,3.35,2026,,,117,Houston Astros,0,0,
29,2,,,,,66,0,0,1.000,48,48,33,fielding,292.0,,,666126,Carlos Cortes,64,2.03,1.38,2026,,,133,Athletics,0,0,
29,1,,,,,62,0,0,1.000,46,46,38,fielding,292.1,,,666126,Carlos Cortes,61,1.91,1.35,2026,,,133,Athletics,0,0,
30,0,,,,,1,0,0,1.000,18,18,0,fielding,16.1,,,676680,Tom Cosgrove,1,0.56,0.06,2026,,,120,Washington Nationals,0,0,
36,4,,,,,4,0,0,1.000,29,29,0,fielding,22.0,,,543056,Danny Coulombe,0,1.64,0.14,2026,,,111,Boston Red Sox,0,0,
26,0,,,,,18,0,0,1.000,10,10,5,fielding,53.2,,,681297,Colton Cowser,18,3.06,1.80,2026,,,110,Baltimore Orioles,0,0,
24,0,,,,,1,0,0,1.000,3,3,0,fielding,3.0,,,813841,Jonah Cox,1,3.00,0.33,2026,,,137,San Francisco Giants,0,0,
24,0,,,,,80,0,0,1.000,49,49,28,fielding,260.2,,,813841,Jonah Cox,80,2.77,1.63,2026,,,137,San Francisco Giants,0,0,
24,1,,,,,18,1,0,1.000,11,11,11,fielding,92.0,,,686611,Dylan Crews,17,1.76,1.64,2026,,,120,Washington Nationals,0,0,
24,0,,,,,75,0,0,1.000,45,45,30,fielding,276.0,,,686611,Dylan Crews,75,2.45,1.67,2026,,,120,Washington Nationals,0,0,
29,4,,,,,8,1,0,1.000,37,37,0,fielding,40.2,,,681867,Cooper Criswell,4,1.80,0.22,2026,,,136,Seattle Mariners,0,0,
27,2,,,,,3,0,0,1.000,6,6,6,fielding,30.0,,,676979,Garrett Crochet,1,0.90,0.50,2026,,,111,Boston Red Sox,0,0,
32,9,,,,,14,0,0,1.000,6,6,5,fielding,48.0,,,630105,Jake Cronenworth,5,2.63,2.33,2026,,,135,San Diego Padres,0,0,
32,1,,,,,4,1,0,1.000,3,3,3,fielding,22.0,,,630105,Jake Cronenworth,3,1.64,1.33,2026,,,135,San Diego Padres,0,0,
25,0,,,,,1,0,0,1.000,5,5,4,fielding,18.2,,,689441,Coleman Crow,1,0.50,0.20,2026,,,158,Milwaukee Brewers,0,0,
36,3,,,,,5,1,0,1.000,61,61,0,fielding,54.2,,,518585,Fernando Cruz,2,0.83,0.08,2026,,,147,New York Yankees,0,0,
27,3,,,,,8,0,0,1.000,56,56,2,fielding,58.2,,,674444,Steven Cruz,5,1.24,0.14,2026,,,118,Kansas City Royals,0,0,
27,0,,,,,1,0,0,1.000,1,1,1,fielding,7.0,,,669360,Trei Cruz,1,1.29,1.00,2026,,,116,Detroit Tigers,0,0,
26,1,,,,,2,1,0,1.000,17,17,0,fielding,16.0,,,672442,Yovanny Cruz,1,1.13,0.12,2026,,,120,Washington Nationals,0,0,
32,0,,,,,1,0,0,1.000,24,24,0,fielding,23.1,,,621016,Jose Cuas,1,0.39,0.04,2026,,,118,Kansas City Royals,0,0,
27,1,,,,,2,0,0,1.000,9,9,1,fielding,21.1,,,675540,Xzavion Curry,1,0.86,0.22,2026,,,121,New York Mets,0,0,
24,2,,,,,3,0,0,1.000,6,6,0,fielding,21.0,,,694753,Khristian Curtis,1,1.29,0.50,2026,,,134,Pittsburgh Pirates,0,0,
26,1,,,,,2,0,0,1.000,6,6,0,fielding,14.1,,,689149,Chad Dallas,1,1.29,0.33,2026,,,141,Toronto Blue Jays,0,0,
23,0,,,,,16,0,0,1.000,5,5,5,fielding,45.0,,,815589,Bo Davidson,16,3.20,3.20,2026,,,137,San Francisco Giants,0,0,
27,0,,,,,2,1,0,1.000,31,31,0,fielding,32.0,,,699823,Tyler Davis,2,0.56,0.06,2026,,,145,Chicago White Sox,0,0,
26,0,,,,,1,0,0,1.000,6,6,0,fielding,8.0,,,701474,Duncan Davitt,1,1.13,0.17,2026,,,137,San Francisco Giants,0,0,
29,0,,,,,11,0,0,1.000,17,17,7,fielding,74.0,,,650559,Bryan De La Cruz,11,1.34,0.65,2026,,,143,Philadelphia Phillies,0,0,
29,0,,,,,31,0,0,1.000,19,19,12,fielding,113.1,,,650559,Bryan De La Cruz,31,2.47,1.63,2026,,,143,Philadelphia Phillies,0,0,
23,2,,,,,3,0,0,1.000,8,8,0,fielding,9.1,,,801725,Luis De León,1,3.00,0.38,2026,,,110,Baltimore Orioles,0,0,
23,6,,,,,89,2,0,1.000,15,15,12,fielding,99.1,,,691277,Deyvison De Los Santos,83,8.09,5.93,2026,,,146,Miami Marlins,0,0,
21,0,,,,,1,0,0,1.000,2,2,1,fielding,6.0,,,800543,Josue De Paula,1,1.50,0.50,2026,,,119,Los Angeles Dodgers,0,0,
24,2,,,,,124,0,0,1.000,68,68,68,fielding,559.2,,,800050,Chase DeLauter,122,2.00,1.82,2026,,,114,Cleveland Guardians,0,0,
27,0,,,,,2,0,0,1.000,4,4,2,fielding,22.0,,,676356,Jonny DeLuca,2,0.82,0.50,2026,,,139,Tampa Bay Rays,0,0,
27,0,,,,,106,0,0,1.000,47,47,36,fielding,324.0,,,676356,Jonny DeLuca,106,2.94,2.26,2026,,,139,Tampa Bay Rays,0,0,
29,0,,,,,1,0,0,1.000,1,1,0,fielding,2.0,,,681909,Justin Dean,1,4.50,1.00,2026,,,112,Chicago Cubs,0,0,
29,0,,,,,6,0,0,1.000,7,7,0,fielding,15.0,,,681909,Justin Dean,6,3.60,0.86,2026,,,112,Chicago Cubs,0,0,
29,0,,,,,1,0,0,1.000,8,8,0,fielding,16.0,,,681909,Justin Dean,1,0.56,0.13,2026,,,112,Chicago Cubs,0,0,
26,0,,,,,3,0,0,1.000,3,3,0,fielding,3.1,,,680728,Adrian Del Castillo,3,9.00,1.00,2026,,,109,Arizona Diamondbacks,0,0,
26,4,,,,,8,1,0,1.000,5,5,2,fielding,16.2,,,669384,Raynel Delgado,4,4.50,1.60,2026,,,117,Houston Astros,0,0,
26,17,,,,,23,3,0,1.000,32,32,32,fielding,185.0,,,672282,Reid Detmers,6,1.12,0.72,2026,,,108,Los Angeles Angels,0,0,
35,2,,,,,2,0,0,1.000,9,9,0,fielding,7.2,,,606965,Chris Devenski,0,2.57,0.22,2026,,,121,New York Mets,0,0,
26,7,,,,,9,1,0,1.000,27,27,1,fielding,49.2,,,702021,Will Dion,2,1.65,0.33,2026,,,120,Washington Nationals,0,0,
28,2,,,,,3,0,0,1.000,48,48,0,fielding,49.2,,,689266,Dylan Dodd,1,0.55,0.06,2026,,,144,Atlanta Braves,0,0,
24,4,,,,,5,0,0,1.000,10,10,3,fielding,44.0,,,801403,Chase Dollander,1,1.02,0.50,2026,,,115,Colorado Rockies,0,0,
23,0,,,,,3,0,0,1.000,2,2,2,fielding,3.1,,,691176,Jasson Domínguez,3,9.00,1.50,2026,,,147,New York Yankees,0,0,
31,8,,,,,16,0,0,1.000,67,67,0,fielding,62.0,,,622554,Seranthony Domínguez,8,2.32,0.24,2026,,,136,Seattle Mariners,0,0,
29,1,,,,,2,0,0,1.000,1,1,1,fielding,6.0,,,680977,Brendan Donovan,1,3.00,2.00,2026,,,136,Seattle Mariners,0,0,
23,4,,,,,6,0,0,1.000,22,22,2,fielding,42.1,,,696062,Wilber Dotel,2,1.29,0.27,2026,,,134,Pittsburgh Pirates,0,0,
28,1,,,,,161,1,0,1.000,83,83,55,fielding,509.1,,,686668,Brenton Doyle,160,2.85,1.94,2026,,,145,Chicago White Sox,0,0,
25,1,,,,,1,0,0,1.000,5,5,5,fielding,20.2,,,684442,Kohl Drake,0,0.45,0.20,2026,,,109,Arizona Diamondbacks,0,0,
27,7,,,,,9,0,0,1.000,33,33,19,fielding,124.2,,,675660,Shane Drohan,2,0.65,0.27,2026,,,158,Milwaukee Brewers,0,0,
29,2,,,,,4,0,0,1.000,24,24,0,fielding,29.2,,,650960,Daniel Duarte,2,1.24,0.17,2026,,,121,New York Mets,0,0,
31,7,,,,,15,1,0,1.000,4,4,4,fielding,34.0,,,643289,Mauricio Dubón,8,3.97,3.75,2026,,,144,Atlanta Braves,0,0,
31,14,,,,,18,0,0,1.000,8,8,5,fielding,46.0,,,643289,Mauricio Dubón,4,3.52,2.25,2026,,,144,Atlanta Braves,0,0,
31,1,,,,,29,0,0,1.000,16,16,14,fielding,125.0,,,643289,Mauricio Dubón,28,2.09,1.81,2026,,,144,Atlanta Braves,0,0,
27,0,,,,,53,0,0,1.000,22,22,20,fielding,162.0,,,694362,Blake Dunn,53,2.94,2.41,2026,,,113,Cincinnati Reds,0,0,
27,1,,,,,30,0,0,1.000,16,16,10,fielding,108.0,,,694362,Blake Dunn,29,2.50,1.88,2026,,,113,Cincinnati Reds,0,0,
28,1,,,,,1,0,0,1.000,3,3,0,fielding,5.0,,,686554,Oliver Dunn,0,1.80,0.33,2026,,,139,Tampa Bay Rays,0,0,
27,0,,,,,13,2,0,1.000,3,3,1,fielding,18.0,,,677649,Ezequiel Duran,13,6.50,4.33,2026,,,140,Texas Rangers,0,0,
27,0,,,,,26,0,0,1.000,21,21,9,fielding,94.0,,,677649,Ezequiel Duran,26,2.49,1.24,2026,,,140,Texas Rangers,0,0,
27,1,,,,,38,0,0,1.000,18,18,14,fielding,97.0,,,677649,Ezequiel Duran,37,3.53,2.11,2026,,,140,Texas Rangers,0,0,
27,1,,,,,16,0,0,1.000,14,14,7,fielding,72.0,,,677649,Ezequiel Duran,15,2.00,1.14,2026,,,140,Texas Rangers,0,0,
29,0,,,,,27,0,0,1.000,19,19,16,fielding,139.2,,,680776,Jarren Duran,27,1.75,1.42,2026,,,111,Boston Red Sox,0,0,
28,3,,,,,5,1,0,1.000,61,61,0,fielding,59.1,,,661395,Jhoan Duran,2,0.76,0.08,2026,,,143,Philadelphia Phillies,0,0,
32,0,,,,,2,0,0,1.000,21,21,0,fielding,18.2,,,621242,Edwin Díaz,2,1.00,0.10,2026,,,119,Los Angeles Dodgers,0,0,
25,0,,,,,2,0,0,1.000,5,5,0,fielding,6.0,,,700270,Yilber Díaz,2,3.00,0.40,2026,,,116,Detroit Tigers,0,0,
24,7,,,,,14,0,0,1.000,18,18,18,fielding,94.2,,,813349,Connelly Early,7,1.34,0.78,2026,,,120,Washington Nationals,0,0,
29,1,,,,,10,0,0,1.000,6,6,6,fielding,48.0,,,681987,Nate Eaton,9,1.88,1.67,2026,,,111,Boston Red Sox,0,0,
29,2,,,,,15,0,0,1.000,9,9,6,fielding,56.0,,,681987,Nate Eaton,13,2.41,1.67,2026,,,111,Boston Red Sox,0,0,
29,0,,,,,6,0,0,1.000,3,3,3,fielding,25.0,,,681987,Nate Eaton,6,2.16,2.00,2026,,,111,Boston Red Sox,0,0,
31,0,,,,,12,0,0,1.000,13,13,9,fielding,84.0,,,669242,Tommy Edman,12,1.29,0.92,2026,,,119,Los Angeles Dodgers,0,0,
31,1,,,,,28,0,0,1.000,19,19,18,fielding,151.0,,,669242,Tommy Edman,27,1.67,1.47,2026,,,119,Los Angeles Dodgers,0,0,
28,4,,,,,7,0,0,1.000,40,40,4,fielding,44.0,,,685126,Brandon Eisert,3,1.43,0.18,2026,,,134,Pittsburgh Pirates,0,0,
28,0,,,,,2,0,0,1.000,1,1,1,fielding,7.0,,,666464,Jerar Encarnacion,2,2.57,2.00,2026,,,137,San Francisco Giants,0,0,
28,1,,,,,12,0,0,1.000,8,8,5,fielding,38.0,,,666464,Jerar Encarnacion,11,2.84,1.50,2026,,,137,San Francisco Giants,0,0,
26,0,,,,,2,0,0,1.000,1,1,0,fielding,1.0,,,687952,Christian Encarnacion-Strand,2,18.00,2.00,2026,,,110,Baltimore Orioles,0,0,
26,2,,,,,5,0,0,1.000,15,15,4,fielding,39.1,,,669438,Mason Englert,3,1.15,0.33,2026,,,139,Tampa Bay Rays,0,0,
35,1,,,,,4,0,0,1.000,13,13,0,fielding,16.0,,,608650,Dietrich Enns,3,2.25,0.31,2026,,,110,Baltimore Orioles,0,0,
36,12,,,,,39,1,0,1.000,27,27,23,fielding,145.2,,,543135,Nathan Eovaldi,27,2.42,1.44,2026,,,140,Texas Rangers,0,0,
31,0,,,,,5,0,0,1.000,3,3,0,fielding,6.0,,,669289,Santiago Espinal,5,7.50,1.67,2026,,,119,Los Angeles Dodgers,0,0,
31,14,,,,,19,3,0,1.000,13,13,4,fielding,49.0,,,669289,Santiago Espinal,5,3.49,1.46,2026,,,119,Los Angeles Dodgers,0,0,
25,0,,,,,1,0,0,1.000,14,14,3,fielding,15.1,,,682982,Daniel Espino,1,0.60,0.07,2026,,,114,Cleveland Guardians,0,0,
27,1,,,,,3,0,0,1.000,33,33,0,fielding,31.0,,,669093,Jeremiah Estrada,2,0.87,0.09,2026,,,135,San Diego Padres,0,0,
27,0,,,,,1,0,0,1.000,8,8,0,fielding,13.0,,,681751,Lazaro Estrada,1,0.69,0.13,2026,,,141,Toronto Blue Jays,0,0,
21,4,,,,,57,0,0,1.000,19,19,15,fielding,143.0,,,805999,A.J. Ewing,53,3.59,3.00,2026,,,121,New York Mets,0,0,
21,0,,,,,2,0,0,1.000,2,2,2,fielding,17.0,,,805999,A.J. Ewing,2,1.06,1.00,2026,,,121,New York Mets,0,0,
30,0,,,,,7,0,0,1.000,8,8,6,fielding,42.0,,,656413,Stuart Fairchild,7,1.50,0.88,2026,,,114,Cleveland Guardians,0,0,
29,1,,,,,1,0,0,1.000,7,7,2,fielding,13.0,,,663559,Bailey Falter,0,0.69,0.14,2026,,,144,Atlanta Braves,0,0,
35,3,,,,,6,1,0,1.000,2,2,0,fielding,7.0,,,571657,Kyle Farmer,3,7.71,3.00,2026,,,144,Atlanta Braves,0,0,
35,1,,,,,2,0,0,1.000,4,4,0,fielding,5.0,,,571657,Kyle Farmer,1,3.60,0.50,2026,,,144,Atlanta Braves,0,0,
35,1,,,,,1,0,0,1.000,1,1,0,fielding,1.0,,,571657,Kyle Farmer,0,9.00,1.00,2026,,,144,Atlanta Braves,0,0,
25,3,,,,,7,0,0,1.000,33,33,0,fielding,60.0,,,815083,Mitch Farris,4,1.05,0.21,2026,,,108,Los Angeles Angels,0,0,
26,0,,,,,4,0,0,1.000,5,5,3,fielding,27.0,,,693459,Kyler Fedko,4,1.33,0.80,2026,,,142,Minnesota Twins,0,0,
26,0,,,,,5,0,0,1.000,2,2,1,fielding,11.0,,,693459,Kyler Fedko,5,4.09,2.50,2026,,,142,Minnesota Twins,0,0,
29,0,,,,,1,0,0,1.000,1,1,0,fielding,2.0,,,676439,Hunter Feduccia,1,4.50,1.00,2026,,,119,Los Angeles Dodgers,0,0,
29,3,,,,,4,1,0,1.000,35,35,1,fielding,33.0,,,657571,Caleb Ferguson,1,1.09,0.11,2026,,,138,St. Louis Cardinals,0,0,
27,1,,,,,7,1,0,1.000,1,1,1,fielding,7.0,,,665877,José Fermín,6,9.00,7.00,2026,,,138,St. Louis Cardinals,0,0,
27,5,,,,,12,1,0,1.000,5,5,2,fielding,26.0,,,665877,José Fermín,7,4.15,2.40,2026,,,138,St. Louis Cardinals,0,0,
27,0,,,,,57,0,0,1.000,46,46,23,fielding,226.1,,,665877,José Fermín,57,2.27,1.24,2026,,,138,St. Louis Cardinals,0,0,
27,0,,,,,30,0,0,1.000,23,23,9,fielding,92.0,,,665877,José Fermín,30,2.93,1.30,2026,,,138,St. Louis Cardinals,0,0,
27,0,,,,,1,0,0,1.000,3,3,1,fielding,11.0,,,665877,José Fermín,1,0.82,0.33,2026,,,138,St. Louis Cardinals,0,0,
26,1,,,,,1,1,0,1.000,5,5,0,fielding,6.2,,,702153,Brian Fitzpatrick,0,1.50,0.20,2026,,,158,Milwaukee Brewers,0,0,
25,7,,,,,71,7,0,1.000,11,11,11,fielding,89.0,,,804668,Rafael Flores Jr.,64,7.18,6.45,2026,,,134,Pittsburgh Pirates,0,0,
24,2,,,,,7,0,0,1.000,83,83,4,fielding,62.2,,,689254,Mason Fluharty,5,1.02,0.08,2026,,,141,Toronto Blue Jays,0,0,
23,9,4.94,0,6,.194,248,1,0,1.000,36,36,28,fielding,257.0,1,0,695670,Harry Ford,239,8.68,6.89,2026,.806,25,120,Washington Nationals,0,0,16
27,2,,,,,21,0,0,1.000,6,6,2,fielding,22.0,,,679822,Justin Foscue,19,8.59,3.50,2026,,,140,Texas Rangers,0,0,
27,1,,,,,1,0,0,1.000,6,6,0,fielding,9.0,,,671382,Cameron Foster,0,1.00,0.17,2026,,,110,Baltimore Orioles,0,0,
31,1,,,,,1,0,0,1.000,3,3,0,fielding,6.2,,,641585,J.P. France,0,1.50,0.33,2026,,,117,Houston Astros,0,0,
31,3,,,,,3,0,0,1.000,3,3,0,fielding,6.0,,,664034,Ty France,0,4.50,1.00,2026,,,135,San Diego Padres,0,0,
26,0,,,,,22,0,0,1.000,11,11,9,fielding,84.0,,,681047,Christian Franklin,22,2.36,2.00,2026,,,110,Baltimore Orioles,0,0,
26,0,,,,,11,0,0,1.000,9,9,6,fielding,45.0,,,681047,Christian Franklin,11,2.20,1.22,2026,,,110,Baltimore Orioles,0,0,
27,2,,,,,3,0,0,1.000,20,20,0,fielding,21.2,,,693308,Nick Frasso,1,1.29,0.15,2026,,,115,Colorado Rockies,0,0,
34,1,,,,,1,1,0,1.000,3,3,0,fielding,2.0,,,624428,Adam Frazier,0,4.50,0.33,2026,,,108,Los Angeles Angels,0,0,
34,80,,,,,121,14,0,1.000,43,43,28,fielding,252.0,,,624428,Adam Frazier,41,4.32,2.81,2026,,,108,Los Angeles Angels,0,0,
34,0,,,,,9,0,0,1.000,9,9,2,fielding,33.0,,,624428,Adam Frazier,9,2.45,1.00,2026,,,108,Los Angeles Angels,0,0,
24,1,,,,,1,0,0,1.000,3,3,1,fielding,12.0,,,690976,Alex Freeland,0,0.75,0.33,2026,,,119,Los Angeles Dodgers,0,0,
24,5,,,,,5,0,0,1.000,5,5,1,fielding,13.0,,,690976,Alex Freeland,0,3.46,1.00,2026,,,119,Los Angeles Dodgers,0,0,
25,12,,,,,22,2,0,1.000,10,10,7,fielding,56.0,,,683227,Cody Freeman,10,3.54,2.20,2026,,,140,Texas Rangers,0,0,
25,0,,,,,4,0,0,1.000,5,5,1,fielding,13.0,,,683227,Cody Freeman,4,2.77,0.80,2026,,,140,Texas Rangers,0,0,
27,21,,,,,34,8,0,1.000,13,13,6,fielding,66.0,,,671289,Tyler Freeman,13,4.64,2.62,2026,,,115,Colorado Rockies,0,0,
27,6,,,,,111,1,0,1.000,62,62,49,fielding,429.2,,,671289,Tyler Freeman,105,2.33,1.79,2026,,,115,Colorado Rockies,0,0,
26,0,,,,,6,0,0,1.000,3,3,3,fielding,23.0,,,686217,Sal Frelick,6,2.35,2.00,2026,,,158,Milwaukee Brewers,0,0,
30,1,,,,,160,1,0,1.000,63,63,59,fielding,456.2,,,670770,TJ Friedl,159,3.16,2.54,2026,,,113,Cincinnati Reds,0,0,
30,1,4.98,0,0,.000,48,0,0,1.000,10,10,4,fielding,43.1,0,0,681807,David Fry,47,10.05,4.80,2026,1.000,8,114,Cleveland Guardians,0,0,5
30,3,,,,,72,7,0,1.000,14,14,11,fielding,85.0,,,681807,David Fry,69,7.62,5.14,2026,,,114,Cleveland Guardians,0,0,
30,3,,,,,3,0,0,1.000,2,2,0,fielding,5.0,,,681807,David Fry,0,5.40,1.50,2026,,,114,Cleveland Guardians,0,0,
30,1,,,,,25,0,0,1.000,25,25,14,fielding,113.0,,,681807,David Fry,24,1.99,1.00,2026,,,114,Cleveland Guardians,0,0,
30,0,,,,,31,0,0,1.000,21,21,12,fielding,95.0,,,681807,David Fry,31,2.94,1.48,2026,,,114,Cleveland Guardians,0,0,
24,2,,,,,3,1,0,1.000,16,16,0,fielding,28.2,,,690978,Dax Fulton,1,0.96,0.19,2026,,,146,Miami Marlins,0,0,
29,13,,,,,15,0,0,1.000,58,58,0,fielding,51.0,,,681892,Kody Funderburk,2,2.65,0.26,2026,,,142,Minnesota Twins,0,0,
24,16,,,,,31,4,0,1.000,17,17,8,fielding,70.1,,,801501,Nate Furman,15,3.99,1.82,2026,,,137,San Francisco Giants,0,0,
28,7,,,,,10,0,0,1.000,68,68,0,fielding,60.1,,,683769,Hunter Gaddis,3,1.50,0.15,2026,,,114,Cleveland Guardians,0,0,
30,9,,,,,16,0,0,1.000,22,22,20,fielding,105.1,,,668678,Zac Gallen,7,1.37,0.73,2026,,,109,Arizona Diamondbacks,0,0,
29,4,,,,,6,1,0,1.000,21,21,3,fielding,33.0,,,687941,Alec Gamboa,2,1.64,0.29,2026,,,111,Boston Red Sox,0,0,
23,1,,,,,11,0,0,1.000,7,7,3,fielding,31.0,,,691373,Jhostynxon Garcia,10,3.19,1.57,2026,,,134,Pittsburgh Pirates,0,0,
23,0,,,,,15,0,0,1.000,11,11,7,fielding,57.0,,,691373,Jhostynxon Garcia,15,2.37,1.36,2026,,,134,Pittsburgh Pirates,0,0,
23,0,,,,,4,0,0,1.000,5,5,3,fielding,26.2,,,691373,Jhostynxon Garcia,4,1.38,0.80,2026,,,134,Pittsburgh Pirates,0,0,
31,4,,,,,7,1,0,1.000,33,33,0,fielding,46.0,,,670062,Julian Garcia,3,1.37,0.21,2026,,,113,Cincinnati Reds,0,0,
26,10,,,,,11,0,0,1.000,3,3,2,fielding,21.0,,,672580,Maikel Garcia,1,4.71,3.67,2026,,,118,Kansas City Royals,0,0,
30,1,,,,,2,0,0,1.000,20,20,0,fielding,18.2,,,676395,Robert Garcia,1,1.00,0.10,2026,,,140,Texas Rangers,0,0,
39,2,,,,,3,1,0,1.000,15,15,0,fielding,15.0,,,472610,Luis García,1,1.80,0.20,2026,,,142,Minnesota Twins,0,0,
28,0,,,,,1,0,0,1.000,3,3,2,fielding,9.1,,,666129,Braxton Garrett,1,1.00,0.33,2026,,,112,Chicago Cubs,0,0,
30,5,3.99,0,3,.176,107,0,0,1.000,15,15,14,fielding,115.0,2,0,681508,Mickey Gasper,102,8.37,7.13,2026,.824,14,111,Boston Red Sox,0,0,1
24,5,,,,,7,1,0,1.000,34,34,0,fielding,36.2,,,703725,Luis Gastelum,2,1.75,0.21,2026,,,138,St. Louis Cardinals,0,0,
26,0,,,,,25,0,0,1.000,17,17,13,fielding,107.1,,,680869,Zack Gelof,25,2.10,1.47,2026,,,133,Athletics,0,0,
26,0,,,,,30,0,0,1.000,16,16,9,fielding,85.2,,,680869,Zack Gelof,30,3.18,1.88,2026,,,133,Athletics,0,0,
26,0,,,,,2,0,0,1.000,4,4,3,fielding,19.0,,,680869,Zack Gelof,2,0.95,0.50,2026,,,133,Athletics,0,0,
22,30,,,,,52,5,0,1.000,22,22,14,fielding,136.0,,,694197,Angel Genao,22,3.44,2.36,2026,,,114,Cleveland Guardians,0,0,
26,0,,,,,2,0,0,1.000,4,4,0,fielding,7.2,,,801434,Paul Gervase,2,2.57,0.50,2026,,,119,Los Angeles Dodgers,0,0,
28,4,,,,,6,0,0,1.000,47,47,1,fielding,50.1,,,806188,Cade Gibson,2,1.08,0.13,2026,,,146,Miami Marlins,0,0,
24,8,,,,,12,0,0,1.000,9,9,8,fielding,39.2,,,694346,Trey Gibson,4,2.77,1.33,2026,,,110,Baltimore Orioles,0,0,
25,0,,,,,12,0,0,1.000,9,9,6,fielding,55.0,,,687551,Drew Gilbert,12,1.96,1.33,2026,,,137,San Francisco Giants,0,0,
32,2,,,,,2,0,0,1.000,5,5,1,fielding,6.0,,,656457,Tyler Gilbert,0,3.00,0.40,2026,,,145,Chicago White Sox,0,0,
32,5,,,,,6,0,0,1.000,74,74,0,fielding,67.2,,,656464,Kevin Ginkel,1,0.81,0.08,2026,,,109,Arizona Diamondbacks,0,0,
32,6,,,,,10,0,0,1.000,13,13,13,fielding,74.0,,,607192,Tyler Glasnow,4,1.22,0.77,2026,,,119,Los Angeles Dodgers,0,0,
38,46,,,,,567,47,0,1.000,77,77,70,fielding,623.1,,,502671,Paul Goldschmidt,521,8.19,7.36,2026,,,147,New York Yankees,0,0,
34,2,,,,,2,0,0,1.000,3,3,0,fielding,6.2,,,594835,Marco Gonzales,0,3.00,0.67,2026,,,140,Texas Rangers,0,0,
22,0,,,,,5,0,0,1.000,4,4,2,fielding,18.0,,,694224,Gabriel Gonzalez,5,2.50,1.25,2026,,,142,Minnesota Twins,0,0,
24,16,,,,,176,21,0,1.000,32,32,24,fielding,222.1,,,694378,Jacob Gonzalez,160,7.14,5.50,2026,,,134,Pittsburgh Pirates,0,0,
24,15,,,,,19,4,0,1.000,14,14,10,fielding,76.0,,,694378,Jacob Gonzalez,4,2.25,1.36,2026,,,134,Pittsburgh Pirates,0,0,
29,1,,,,,38,5,0,1.000,5,5,3,fielding,37.0,,,663853,Romy Gonzalez,37,9.24,7.60,2026,,,111,Boston Red Sox,0,0,
29,12,,,,,19,3,0,1.000,5,5,5,fielding,44.0,,,663853,Romy Gonzalez,7,3.89,3.80,2026,,,111,Boston Red Sox,0,0,
27,1,,,,,3,1,0,1.000,5,5,1,fielding,14.1,,,676467,Colton Gordon,2,1.93,0.60,2026,,,158,Milwaukee Brewers,0,0,
27,11,,,,,24,1,0,1.000,34,34,34,fielding,173.0,,,669022,MacKenzie Gore,13,1.25,0.71,2026,,,140,Texas Rangers,0,0,
26,1,,,,,3,1,0,1.000,2,2,0,fielding,3.0,,,669357,Nolan Gorman,2,9.00,1.50,2026,,,138,St. Louis Cardinals,0,0,
35,2,,,,,2,0,0,1.000,14,14,0,fielding,13.2,,,543238,Anthony Gose,0,1.38,0.14,2026,,,118,Kansas City Royals,0,0,
26,3,,,,,9,2,0,1.000,62,62,1,fielding,81.0,,,700669,Gordon Graceffo,6,1.00,0.15,2026,,,138,St. Louis Cardinals,0,0,
26,1,,,,,1,0,0,1.000,8,8,0,fielding,9.1,,,701552,Andre Granillo,0,1.00,0.13,2026,,,120,Washington Nationals,0,0,
28,1,,,,,1,0,0,1.000,3,3,0,fielding,4.0,,,680686,Josiah Gray,0,2.25,0.33,2026,,,120,Washington Nationals,0,0,
31,3,,,,,8,0,0,1.000,49,49,0,fielding,56.0,,,682608,Peyton Gray,5,1.29,0.16,2026,,,140,Texas Rangers,0,0,
36,15,,,,,36,1,0,1.000,29,29,29,fielding,169.0,,,543243,Sonny Gray,21,1.92,1.24,2026,,,111,Boston Red Sox,0,0,
30,0,,,,,1,1,0,1.000,2,2,0,fielding,3.0,,,656484,Tristan Gray,1,3.00,0.50,2026,,,142,Minnesota Twins,0,0,
30,8,,,,,13,2,0,1.000,6,6,3,fielding,30.0,,,656484,Tristan Gray,5,3.90,2.17,2026,,,142,Minnesota Twins,0,0,
26,0,,,,,2,0,0,1.000,5,5,5,fielding,27.2,,,668881,Hunter Greene,2,0.67,0.40,2026,,,113,Cincinnati Reds,0,0,
24,5,,,,,78,11,0,1.000,9,9,9,fielding,73.0,,,694410,LuJames Groover,73,9.62,8.67,2026,,,109,Arizona Diamondbacks,0,0,
24,2,,,,,5,0,0,1.000,2,2,0,fielding,7.0,,,694410,LuJames Groover,3,6.43,2.50,2026,,,109,Arizona Diamondbacks,0,0,
29,1,,,,,1,0,0,1.000,3,3,0,fielding,7.0,,,675627,Michael Grove,0,1.29,0.33,2026,,,139,Tampa Bay Rays,0,0,
32,3,,,,,63,0,0,1.000,38,38,36,fielding,299.0,,,666971,Lourdes Gurriel Jr.,60,1.90,1.66,2026,,,109,Arizona Diamondbacks,0,0,
27,7,,,,,15,0,0,1.000,23,23,18,fielding,88.0,,,687473,Ryan Gusto,8,1.53,0.65,2026,,,146,Miami Marlins,0,0,
26,5,,,,,8,1,0,1.000,65,65,0,fielding,67.0,,,672782,Yoendrys Gómez,3,1.07,0.12,2026,,,142,Minnesota Twins,0,0,
32,4,,,,,8,0,0,1.000,45,45,0,fielding,44.2,,,623352,Josh Hader,4,1.64,0.18,2026,,,117,Houston Astros,0,0,
32,1,,,,,1,1,0,1.000,1,1,0,fielding,1.0,,,664059,Sam Haggerty,0,9.00,1.00,2026,,,140,Texas Rangers,0,0,
32,1,,,,,25,0,0,1.000,29,29,8,fielding,90.1,,,664059,Sam Haggerty,24,2.50,0.86,2026,,,140,Texas Rangers,0,0,
32,0,,,,,1,0,0,1.000,3,3,2,fielding,16.0,,,664059,Sam Haggerty,1,0.56,0.33,2026,,,140,Texas Rangers,0,0,
27,5,,,,,8,0,0,1.000,47,47,1,fielding,61.1,,,669084,DL Hall,3,1.18,0.17,2026,,,158,Milwaukee Brewers,0,0,
24,5,,,,,135,0,0,1.000,78,78,47,fielding,457.0,,,690984,Petey Halpin,130,2.66,1.73,2026,,,114,Cleveland Guardians,0,0,
24,0,,,,,6,0,0,1.000,6,6,1,fielding,18.2,,,690984,Petey Halpin,6,3.00,1.00,2026,,,114,Cleveland Guardians,0,0,
28,23,,,,,41,5,0,1.000,14,14,9,fielding,85.0,,,666152,David Hamilton,18,4.34,2.93,2026,,,158,Milwaukee Brewers,0,0,
28,1,,,,,2,0,0,1.000,23,23,2,fielding,21.1,,,669724,Brenan Hanifee,1,0.86,0.09,2026,,,116,Detroit Tigers,0,0,
27,1,,,,,1,0,0,1.000,5,5,0,fielding,7.1,,,690440,Bradley Hanner,0,1.29,0.20,2026,,,147,New York Yankees,0,0,
28,11,,,,,13,2,0,1.000,10,10,4,fielding,41.0,,,695391,Brett Harris,2,2.85,1.30,2026,,,137,San Francisco Giants,0,0,
26,2,,,,,44,1,0,1.000,27,27,22,fielding,182.0,,,687957,Dustin Harris,42,2.18,1.63,2026,,,135,San Diego Padres,0,0,
26,0,,,,,1,0,0,1.000,2,2,1,fielding,8.0,,,687957,Dustin Harris,1,1.13,0.50,2026,,,135,San Diego Padres,0,0,
26,0,,,,,29,0,0,1.000,17,17,13,fielding,109.0,,,687957,Dustin Harris,29,2.39,1.71,2026,,,135,San Diego Padres,0,0,
29,6,,,,,7,1,0,1.000,74,74,0,fielding,70.1,,,663687,Hogan Harris,1,0.90,0.09,2026,,,133,Athletics,0,0,
25,0,,,,,4,0,0,1.000,2,2,2,fielding,16.0,,,671739,Michael Harris II,4,2.25,2.00,2026,,,144,Atlanta Braves,0,0,
25,2,,,,,362,1,0,1.000,145,145,141,fielding,1246.0,,,671739,Michael Harris II,360,2.61,2.50,2026,,,144,Atlanta Braves,0,0,
27,1,,,,,4,0,0,1.000,22,22,0,fielding,23.1,,,805345,Trent Harris,3,1.57,0.18,2026,,,137,San Francisco Giants,0,0,
24,5,,,,,11,0,0,1.000,28,28,24,fielding,115.2,,,690986,Kyle Harrison,6,0.86,0.39,2026,,,158,Milwaukee Brewers,0,0,
33,12,,,,,16,0,0,1.000,46,46,4,fielding,64.0,,,606996,Kyle Hart,4,2.25,0.35,2026,,,135,San Diego Padres,0,0,
32,2,,,,,3,0,0,1.000,18,18,0,fielding,28.0,,,664129,Geoff Hartlieb,1,0.96,0.17,2026,,,133,Athletics,0,0,
31,1,,,,,1,0,0,1.000,4,4,0,fielding,4.0,,,640451,Hunter Harvey,0,2.25,0.25,2026,,,112,Chicago Cubs,0,0,
30,0,,,,,17,0,0,1.000,16,16,12,fielding,106.2,,,669720,Austin Hays,17,1.44,1.06,2026,,,135,San Diego Padres,0,0,
30,0,,,,,6,0,0,1.000,4,4,3,fielding,23.0,,,669720,Austin Hays,6,2.35,1.50,2026,,,135,San Diego Padres,0,0,
29,0,,,,,1,0,0,1.000,1,1,0,fielding,4.0,,,669169,Jonathan Heasley,1,2.25,1.00,2026,,,139,Tampa Bay Rays,0,0,
31,0,,,,,33,3,0,1.000,7,7,5,fielding,46.1,,,641680,Jonah Heim,33,6.46,4.71,2026,,,133,Athletics,0,0,
35,0,,,,,1,0,0,1.000,5,5,0,fielding,5.1,,,623168,Tyler Heineman,1,1.80,0.20,2026,,,108,Los Angeles Angels,0,0,
30,0,,,,,1,0,0,1.000,1,1,0,fielding,3.0,,,680737,Michael Helman,1,3.00,1.00,2026,,,140,Texas Rangers,0,0,
30,0,,,,,14,0,0,1.000,9,9,7,fielding,54.0,,,680737,Michael Helman,14,2.33,1.56,2026,,,140,Texas Rangers,0,0,
31,0,,,,,3,0,0,1.000,17,17,0,fielding,15.1,,,664854,Ryan Helsley,3,1.80,0.18,2026,,,110,Baltimore Orioles,0,0,
32,7,,,,,12,2,0,1.000,51,51,3,fielding,53.2,,,623474,Jimmy Herget,5,2.04,0.24,2026,,,115,Colorado Rockies,0,0,
35,0,,,,,1,0,0,1.000,1,1,0,fielding,1.0,,,643361,Kevin Herget,1,9.00,1.00,2026,,,121,New York Mets,0,0,
24,13,,,,,21,2,0,1.000,12,12,5,fielding,49.2,,,687231,Darell Hernaiz,8,3.86,1.75,2026,,,133,Athletics,0,0,
24,7,,,,,20,0,0,1.000,14,14,11,fielding,102.0,,,687231,Darell Hernaiz,13,1.76,1.43,2026,,,133,Athletics,0,0,
26,0,,,,,9,0,0,1.000,5,5,3,fielding,27.0,,,681715,Heriberto Hernández,9,3.00,1.80,2026,,,146,Miami Marlins,0,0,
31,0,,,,,2,0,0,1.000,5,5,0,fielding,12.0,,,622694,Elieser Hernández,2,1.50,0.40,2026,,,144,Atlanta Braves,0,0,
34,4,,,,,62,6,0,1.000,14,14,7,fielding,78.0,,,571771,Enrique Hernández,58,7.15,4.43,2026,,,119,Los Angeles Dodgers,0,0,
34,1,,,,,1,0,0,1.000,3,3,1,fielding,11.0,,,571771,Enrique Hernández,0,0.82,0.33,2026,,,119,Los Angeles Dodgers,0,0,
34,0,,,,,11,0,0,1.000,7,7,3,fielding,31.0,,,571771,Enrique Hernández,11,3.19,1.57,2026,,,119,Los Angeles Dodgers,0,0,
34,0,,,,,9,0,0,1.000,9,9,1,fielding,33.1,,,571771,Enrique Hernández,9,2.45,1.00,2026,,,119,Los Angeles Dodgers,0,0,
29,1,,,,,6,0,0,1.000,16,16,0,fielding,25.1,,,642546,Jonathan Hernández,5,2.16,0.38,2026,,,119,Los Angeles Dodgers,0,0,
33,0,,,,,6,0,0,1.000,5,5,4,fielding,33.0,,,606192,Teoscar Hernández,6,1.64,1.20,2026,,,119,Los Angeles Dodgers,0,0,
26,0,,,,,2,1,0,1.000,1,1,0,fielding,2.0,,,671056,Iván Herrera,2,9.00,2.00,2026,,,138,St. Louis Cardinals,0,0,
29,4,,,,,6,0,0,1.000,67,67,0,fielding,56.2,,,682120,Tim Herrin,2,0.96,0.09,2026,,,114,Cleveland Guardians,0,0,
25,1,,,,,1,0,0,1.000,2,2,2,fielding,7.0,,,687792,DJ Herz,0,1.29,0.50,2026,,,120,Washington Nationals,0,0,
29,0,,,,,1,0,0,1.000,8,8,0,fielding,9.2,,,676051,Codi Heuer,1,1.00,0.13,2026,,,114,Cleveland Guardians,0,0,
30,0,,,,,1,0,0,1.000,2,2,2,fielding,16.0,,,676551,Brewer Hicklen,1,0.56,0.50,2026,,,144,Atlanta Braves,0,0,
30,0,,,,,30,0,0,1.000,14,14,9,fielding,89.2,,,676551,Brewer Hicklen,30,3.03,2.14,2026,,,144,Atlanta Braves,0,0,
29,6,,,,,6,0,0,1.000,53,53,2,fielding,48.0,,,663855,Jordan Hicks,0,1.13,0.11,2026,,,145,Chicago White Sox,0,0,
27,11,,,,,155,15,0,1.000,29,29,21,fielding,194.1,,,689414,Liam Hicks,144,7.19,5.34,2026,,,139,Tampa Bay Rays,0,0,
30,0,,,,,1,0,0,1.000,16,16,1,fielding,32.1,,,656537,Derek Hill,1,0.28,0.06,2026,,,143,Philadelphia Phillies,0,0,
26,2,,,,,3,0,0,1.000,46,46,0,fielding,39.2,,,677955,Jaden Hill,1,0.69,0.07,2026,,,115,Colorado Rockies,0,0,
36,17,,,,,20,1,0,1.000,67,67,0,fielding,58.2,,,657612,Tim Hill,3,3.10,0.30,2026,,,147,New York Yankees,0,0,
27,0,,,,,3,0,0,1.000,2,2,2,fielding,16.0,,,806367,Turner Hill,3,1.69,1.50,2026,,,137,San Francisco Giants,0,0,
25,0,,,,,2,0,0,1.000,3,3,2,fielding,18.0,,,677956,Rece Hinds,2,1.00,0.67,2026,,,110,Baltimore Orioles,0,0,
25,0,,,,,8,0,0,1.000,5,5,2,fielding,22.0,,,677956,Rece Hinds,8,3.27,1.60,2026,,,110,Baltimore Orioles,0,0,
28,3,,,,,5,1,0,1.000,15,15,0,fielding,15.0,,,676510,Nolan Hoffman,2,3.00,0.33,2026,,,118,Kansas City Royals,0,0,
26,1,,,,,2,0,0,1.000,8,8,0,fielding,11.2,,,694851,Andrew Hoffmann,1,1.64,0.25,2026,,,109,Arizona Diamondbacks,0,0,
30,7,,,,,10,0,0,1.000,54,54,0,fielding,52.2,,,670059,Colin Holderman,3,1.73,0.19,2026,,,114,Cleveland Guardians,0,0,
22,2,,,,,2,0,0,1.000,4,4,0,fielding,11.0,,,702616,Jackson Holliday,0,1.64,0.50,2026,,,110,Baltimore Orioles,0,0,
22,11,,,,,14,2,0,1.000,7,7,3,fielding,36.0,,,702616,Jackson Holliday,3,3.50,2.00,2026,,,110,Baltimore Orioles,0,0,
28,1,,,,,1,0,0,1.000,15,15,0,fielding,14.2,,,668970,Gavin Hollowell,0,0.64,0.07,2026,,,112,Chicago Cubs,0,0,
30,6,,,,,25,3,0,1.000,31,31,29,fielding,151.2,,,656550,Grant Holmes,19,1.49,0.81,2026,,,144,Atlanta Braves,0,0,
30,6,,,,,10,0,0,1.000,67,67,3,fielding,72.0,,,663947,Tyler Holton,4,1.25,0.15,2026,,,116,Detroit Tigers,0,0,
27,3,,,,,7,0,0,1.000,42,42,0,fielding,42.2,,,695380,Alex Hoppe,4,1.50,0.17,2026,,,110,Baltimore Orioles,0,0,
24,0,,,,,1,0,0,1.000,2,2,2,fielding,7.1,,,690990,Cade Horton,1,1.29,0.50,2026,,,112,Chicago Cubs,0,0,
30,1,,,,,1,0,0,1.000,1,1,1,fielding,3.0,,,656557,Tanner Houck,0,3.00,1.00,2026,,,111,Boston Red Sox,0,0,
23,0,,,,,6,1,0,1.000,1,1,0,fielding,4.0,,,691781,Brady House,6,13.50,6.00,2026,,,120,Washington Nationals,0,0,
28,4,4.22,0,2,.500,73,0,0,1.000,14,14,8,fielding,79.0,0,0,669087,Sam Huff,69,8.32,5.21,2026,.500,2,110,Baltimore Orioles,0,0,1
24,4,,,,,6,0,0,1.000,14,14,13,fielding,64.0,,,687312,Gabriel Hughes,2,0.84,0.43,2026,,,115,Colorado Rockies,0,0,
27,1,4.00,0,0,.---,15,0,0,1.000,2,2,1,fielding,9.0,0,0,675448,Blake Hunt,14,15.00,7.50,2026,.---,0,135,San Diego Padres,0,0,0
28,0,,,,,1,0,0,1.000,44,44,1,fielding,45.2,,,669165,Kyle Hurt,1,0.20,0.02,2026,,,119,Los Angeles Dodgers,0,0,
33,0,,,,,5,0,0,1.000,1,1,1,fielding,6.0,,,628451,Andy Ibáñez,5,7.50,5.00,2026,,,133,Athletics,0,0,
33,7,,,,,13,0,0,1.000,6,6,2,fielding,23.1,,,628451,Andy Ibáñez,6,5.09,2.17,2026,,,133,Athletics,0,0,
33,0,,,,,2,0,0,1.000,2,2,2,fielding,11.0,,,628451,Andy Ibáñez,2,1.64,1.00,2026,,,121,New York Mets,0,0,
28,5,,,,,10,0,0,1.000,23,23,15,fielding,76.2,,,837227,Tatsuya Imai,5,1.18,0.43,2026,,,117,Houston Astros,0,0,
32,18,,,,,26,0,0,1.000,32,32,32,fielding,174.1,,,684007,Shota Imanaga,8,1.34,0.81,2026,,,112,Chicago Cubs,0,0,
29,34,,,,,54,9,0,1.000,17,17,14,fielding,124.0,,,663697,Jonathan India,20,3.92,3.18,2026,,,118,Kansas City Royals,0,0,
32,2,,,,,2,0,0,1.000,1,1,0,fielding,6.0,,,608344,Cole Irvin,0,3.00,2.00,2026,,,119,Los Angeles Dodgers,0,0,
29,12,,,,,21,1,0,1.000,22,22,20,fielding,106.2,,,663623,Jake Irvin,9,1.78,0.95,2026,,,120,Washington Nationals,0,0,
30,2,,,,,18,3,0,1.000,3,3,2,fielding,18.0,,,656577,Alex Jackson,16,9.00,6.00,2026,,,142,Minnesota Twins,0,0,
26,0,,,,,5,0,0,1.000,8,8,4,fielding,32.0,,,669236,Jeremiah Jackson,5,1.41,0.63,2026,,,110,Baltimore Orioles,0,0,
26,1,,,,,3,0,0,1.000,1,1,1,fielding,7.0,,,669236,Jeremiah Jackson,2,3.86,3.00,2026,,,110,Baltimore Orioles,0,0,
28,0,,,,,1,0,0,1.000,3,3,0,fielding,5.0,,,689690,Alek Jacob,1,1.80,0.33,2026,,,135,San Diego Padres,0,0,
28,3,,,,,4,0,0,1.000,12,12,0,fielding,19.1,,,686753,Drey Jameson,1,1.89,0.33,2026,,,109,Arizona Diamondbacks,0,0,
38,1,,,,,2,0,0,1.000,50,50,0,fielding,45.0,,,445276,Kenley Jansen,1,0.40,0.04,2026,,,116,Detroit Tigers,0,0,
29,0,,,,,2,0,0,1.000,17,17,12,fielding,63.0,,,664299,Cristian Javier,2,0.29,0.12,2026,,,117,Houston Astros,0,0,
21,0,,,,,58,0,0,1.000,25,25,23,fielding,211.2,,,805805,Walker Jenkins,58,2.47,2.32,2026,,,142,Minnesota Twins,0,0,
25,5,,,,,10,1,0,1.000,7,7,3,fielding,31.0,,,677870,Leo Jiménez,5,2.90,1.43,2026,,,146,Miami Marlins,0,0,
25,2,,,,,3,0,0,1.000,1,1,1,fielding,7.0,,,677870,Leo Jiménez,1,3.86,3.00,2026,,,146,Miami Marlins,0,0,
23,4,,,,,7,1,0,1.000,9,9,9,fielding,46.0,,,695549,Jackson Jobe,3,1.37,0.78,2026,,,116,Detroit Tigers,0,0,
30,0,,,,,5,0,0,1.000,7,7,2,fielding,25.0,,,669369,Bryce Johnson,5,1.80,0.71,2026,,,135,San Diego Padres,0,0,
30,2,,,,,14,0,0,1.000,5,5,4,fielding,39.0,,,669369,Bryce Johnson,12,3.23,2.80,2026,,,135,San Diego Padres,0,0,
30,1,,,,,6,1,0,1.000,9,9,6,fielding,50.0,,,669369,Bryce Johnson,5,1.08,0.67,2026,,,135,San Diego Padres,0,0,
30,0,,,,,2,0,0,1.000,4,4,0,fielding,8.0,,,669288,Daniel Johnson,2,2.25,0.50,2026,,,117,Houston Astros,0,0,
30,0,,,,,6,0,0,1.000,5,5,3,fielding,32.0,,,669288,Daniel Johnson,6,1.69,1.20,2026,,,117,Houston Astros,0,0,
27,4,,,,,5,0,0,1.000,4,4,1,fielding,14.0,,,671155,Ivan Johnson,1,3.21,1.25,2026,,,113,Cincinnati Reds,0,0,
23,5,,,,,16,0,0,1.000,22,22,19,fielding,100.0,,,696270,Ryan Johnson,11,1.44,0.73,2026,,,108,Los Angeles Angels,0,0,
27,4,,,,,5,0,0,1.000,28,28,1,fielding,33.2,,,686751,Seth Johnson,1,1.36,0.18,2026,,,133,Athletics,0,0,
24,1,,,,,1,0,0,1.000,8,8,0,fielding,7.2,,,694494,Ty Johnson,0,1.29,0.13,2026,,,139,Tampa Bay Rays,0,0,
29,1,,,,,35,0,0,1.000,28,28,19,fielding,172.2,,,687859,Troy Johnston,34,1.83,1.25,2026,,,115,Colorado Rockies,0,0,
28,0,,,,,3,0,0,1.000,4,4,1,fielding,10.0,,,675659,Greg Jones,3,2.70,0.75,2026,,,158,Milwaukee Brewers,0,0,
28,0,,,,,4,0,0,1.000,7,7,4,fielding,30.0,,,663330,Jahmai Jones,4,1.20,0.57,2026,,,111,Boston Red Sox,0,0,
28,0,,,,,3,0,0,1.000,4,4,1,fielding,11.0,,,663330,Jahmai Jones,3,2.45,0.75,2026,,,116,Detroit Tigers,0,0,
24,7,,,,,10,0,0,1.000,21,21,21,fielding,101.2,,,683003,Jared Jones,3,0.89,0.48,2026,,,134,Pittsburgh Pirates,0,0,
25,0,,,,,15,0,0,1.000,11,11,7,fielding,66.0,,,682987,Spencer Jones,15,2.05,1.36,2026,,,147,New York Yankees,0,0,
25,3,,,,,64,1,0,1.000,35,35,29,fielding,253.2,,,682987,Spencer Jones,61,2.28,1.83,2026,,,147,New York Yankees,0,0,
23,3,,,,,60,8,0,1.000,10,10,7,fielding,58.0,,,691458,Blaze Jordan,57,9.31,6.00,2026,,,138,St. Louis Cardinals,0,0,
22,0,,,,,1,0,0,1.000,1,1,0,fielding,1.0,,,699115,Carlos Jorge,1,9.00,1.00,2026,,,113,Cincinnati Reds,0,0,
22,0,,,,,3,0,0,1.000,3,3,1,fielding,12.1,,,699115,Carlos Jorge,3,2.25,1.00,2026,,,113,Cincinnati Reds,0,0,
25,1,,,,,1,0,0,1.000,16,16,0,fielding,15.1,,,690829,Ben Joyce,0,0.60,0.06,2026,,,108,Los Angeles Angels,0,0,
34,3,,,,,114,1,0,1.000,59,59,59,fielding,504.1,,,592450,Aaron Judge,111,2.04,1.93,2026,,,147,New York Yankees,0,0,
27,1,,,,,33,2,0,1.000,12,12,4,fielding,42.0,,,666397,Edouard Julien,32,7.07,2.75,2026,,,115,Colorado Rockies,0,0,
30,0,,,,,4,0,0,1.000,2,2,2,fielding,14.0,,,667452,Corey Julks,4,2.57,2.00,2026,,,116,Detroit Tigers,0,0,
25,0,,,,,2,0,0,1.000,1,1,0,fielding,2.0,,,690291,Jace Jung,2,9.00,2.00,2026,,,116,Detroit Tigers,0,0,
25,2,,,,,4,1,0,1.000,2,2,0,fielding,4.0,,,690291,Jace Jung,2,9.00,2.00,2026,,,116,Detroit Tigers,0,0,
33,4,,,,,8,0,0,1.000,53,53,1,fielding,54.1,,,596001,Jakob Junis,4,1.33,0.15,2026,,,140,Texas Rangers,0,0,
36,2,,,,,3,0,0,1.000,8,8,0,fielding,9.0,,,592454,Tommy Kahnle,1,3.00,0.38,2026,,,111,Boston Red Sox,0,0,
30,0,,,,,1,0,0,1.000,9,9,0,fielding,9.2,,,675916,James Karinchak,1,1.00,0.11,2026,,,144,Atlanta Braves,0,0,
24,0,,,,,6,0,0,1.000,5,5,4,fielding,33.0,,,692216,CJ Kayfus,6,1.64,1.20,2026,,,114,Cleveland Guardians,0,0,
24,0,,,,,4,0,0,1.000,4,4,3,fielding,29.0,,,692216,CJ Kayfus,4,1.24,1.00,2026,,,114,Cleveland Guardians,0,0,
23,0,,,,,61,0,0,1.000,26,26,23,fielding,210.2,,,807712,Luke Keaschall,61,2.61,2.35,2026,,,142,Minnesota Twins,0,0,
23,1,,,,,99,1,0,1.000,55,55,52,fielding,451.2,,,807712,Luke Keaschall,98,1.98,1.80,2026,,,142,Minnesota Twins,0,0,
29,0,,,,,2,0,0,1.000,2,2,1,fielding,9.0,,,680577,DaShawn Keirsey Jr.,2,2.00,1.00,2026,,,144,Atlanta Braves,0,0,
26,0,,,,,12,0,0,1.000,11,11,5,fielding,44.0,,,672284,Jarred Kelenic,12,2.45,1.09,2026,,,140,Texas Rangers,0,0,
26,0,,,,,1,0,0,1.000,1,1,0,fielding,2.0,,,672284,Jarred Kelenic,1,4.50,1.00,2026,,,140,Texas Rangers,0,0,
26,1,,,,,26,0,0,1.000,20,20,16,fielding,139.0,,,672284,Jarred Kelenic,25,1.68,1.30,2026,,,140,Texas Rangers,0,0,
30,4,,,,,7,1,0,1.000,32,32,0,fielding,31.1,,,641745,Brad Keller,3,2.03,0.22,2026,,,143,Philadelphia Phillies,0,0,
30,6,,,,,22,4,0,1.000,22,22,22,fielding,115.2,,,656605,Mitch Keller,16,1.72,1.00,2026,,,134,Pittsburgh Pirates,0,0,
22,3,,,,,3,0,0,1.000,8,8,0,fielding,18.2,,,699008,Antwone Kelly,0,1.50,0.38,2026,,,134,Pittsburgh Pirates,0,0,
31,1,,,,,1,0,0,1.000,3,3,0,fielding,3.0,,,608348,Carson Kelly,0,3.00,0.33,2026,,,112,Chicago Cubs,0,0,
31,0,,,,,10,0,0,1.000,4,4,1,fielding,10.0,,,608348,Carson Kelly,10,9.00,2.50,2026,,,112,Chicago Cubs,0,0,
28,9,,,,,13,2,0,1.000,71,71,0,fielding,73.2,,,687330,Kevin Kelly,4,1.60,0.18,2026,,,139,Tampa Bay Rays,0,0,
31,1,,,,,5,0,0,1.000,17,17,0,fielding,16.1,,,677161,Zack Kelly,4,2.81,0.29,2026,,,111,Boston Red Sox,0,0,
26,0,,,,,1,0,0,1.000,1,1,0,fielding,1.0,,,805249,Otto Kemp,1,9.00,1.00,2026,,,143,Philadelphia Phillies,0,0,
26,0,,,,,13,0,0,1.000,12,12,7,fielding,63.0,,,805249,Otto Kemp,13,1.86,1.08,2026,,,143,Philadelphia Phillies,0,0,
25,0,,,,,1,0,0,1.000,9,9,0,fielding,12.1,,,687531,William Kempner,1,0.75,0.11,2026,,,146,Miami Marlins,0,0,
27,1,,,,,2,0,0,1.000,1,1,0,fielding,1.0,,,671083,Buddy Kennedy,1,18.00,2.00,2026,,,137,San Francisco Giants,0,0,
33,0,,,,,85,0,0,1.000,38,38,35,fielding,301.1,,,596146,Max Kepler,85,2.54,2.24,2026,,,109,Arizona Diamondbacks,0,0,
35,2,,,,,6,0,0,1.000,14,14,14,fielding,67.2,,,579328,Yusei Kikuchi,4,0.81,0.43,2026,,,108,Los Angeles Angels,0,0,
29,2,,,,,5,0,0,1.000,49,49,0,fielding,47.2,,,668873,Caleb Kilian,3,0.96,0.10,2026,,,143,Philadelphia Phillies,0,0,
27,29,,,,,50,5,0,1.000,16,16,12,fielding,108.0,,,808975,Hyeseong Kim,21,4.17,3.13,2026,,,119,Los Angeles Dodgers,0,0,
27,0,,,,,2,0,0,1.000,1,1,0,fielding,7.0,,,808975,Hyeseong Kim,2,2.57,2.00,2026,,,119,Los Angeles Dodgers,0,0,
38,4,,,,,4,0,0,1.000,46,46,0,fielding,46.0,,,518886,Craig Kimbrel,0,0.78,0.09,2026,,,118,Kansas City Royals,0,0,
31,15,,,,,19,1,0,1.000,8,8,5,fielding,46.0,,,643396,Isiah Kiner-Falefa,4,3.72,2.38,2026,,,111,Boston Red Sox,0,0,
31,27,,,,,39,5,0,1.000,19,19,12,fielding,109.0,,,643396,Isiah Kiner-Falefa,12,3.22,2.05,2026,,,111,Boston Red Sox,0,0,
29,8,,,,,14,0,0,1.000,60,60,1,fielding,60.2,,,687911,Bryan King,6,2.10,0.23,2026,,,117,Houston Astros,0,0,
31,4,,,,,7,0,0,1.000,50,50,1,fielding,49.2,,,667463,John King,3,1.29,0.14,2026,,,146,Miami Marlins,0,0,
32,1,,,,,1,0,0,1.000,1,1,0,fielding,2.0,,,664068,Scott Kingery,0,4.50,1.00,2026,,,112,Chicago Cubs,0,0,
35,5,,,,,10,2,0,1.000,64,64,0,fielding,57.1,,,641755,Tyler Kinley,5,1.58,0.16,2026,,,116,Detroit Tigers,0,0,
36,5,,,,,9,0,0,1.000,55,55,0,fielding,48.1,,,552640,Andrew Kittredge,4,1.69,0.16,2026,,,110,Baltimore Orioles,0,0,
27,0,,,,,5,0,0,1.000,6,6,4,fielding,30.0,,,677008,Heston Kjerstad,5,1.50,0.83,2026,,,110,Baltimore Orioles,0,0,
31,2,4.48,0,1,.056,167,0,0,1.000,27,27,21,fielding,181.0,2,0,668800,Andrew Knizner,165,8.30,6.19,2026,.944,17,137,San Francisco Giants,0,0,10
28,6,,,,,9,2,0,1.000,5,5,3,fielding,30.0,,,683766,Christian Koss,3,2.70,1.80,2026,,,137,San Francisco Giants,0,0,
28,36,,,,,56,4,0,1.000,20,20,18,fielding,157.1,,,683766,Christian Koss,20,3.21,2.80,2026,,,137,San Francisco Giants,0,0,
28,1,,,,,1,0,0,1.000,17,17,0,fielding,18.1,,,668820,Max Kranick,0,0.50,0.06,2026,,,120,Washington Nationals,0,0,
28,13,,,,,22,3,0,1.000,16,16,4,fielding,54.2,,,668952,Ryan Kreidler,9,3.67,1.38,2026,,,142,Minnesota Twins,0,0,
28,0,,,,,2,0,0,1.000,4,4,2,fielding,10.0,,,668952,Ryan Kreidler,2,1.80,0.50,2026,,,142,Minnesota Twins,0,0,
28,1,,,,,45,1,0,1.000,22,22,16,fielding,143.0,,,668952,Ryan Kreidler,44,2.83,2.05,2026,,,142,Minnesota Twins,0,0,
30,7,,,,,14,0,0,1.000,17,17,17,fielding,90.1,,,665152,Dean Kremer,7,1.40,0.82,2026,,,142,Minnesota Twins,0,0,
31,1,,,,,1,0,0,1.000,11,11,0,fielding,8.1,,,640454,Matt Krook,0,1.13,0.09,2026,,,120,Washington Nationals,0,0,
31,4,,,,,7,0,0,1.000,45,45,0,fielding,45.0,,,669270,Joel Kuhnel,3,1.40,0.16,2026,,,137,San Francisco Giants,0,0,
23,11,,,,,25,5,0,1.000,7,7,5,fielding,42.0,,,811965,Joshua Kuroda-Grauer,14,5.36,3.57,2026,,,133,Athletics,0,0,
23,14,,,,,18,2,0,1.000,11,11,11,fielding,91.0,,,811965,Joshua Kuroda-Grauer,4,1.78,1.64,2026,,,133,Athletics,0,0,
23,11,,,,,14,2,0,1.000,4,4,3,fielding,28.0,,,811965,Joshua Kuroda-Grauer,3,4.50,3.50,2026,,,133,Athletics,0,0,
30,4,,,,,9,0,0,1.000,59,59,0,fielding,60.0,,,656638,Alex Lange,5,1.35,0.15,2026,,,118,Kansas City Royals,0,0,
24,1,,,,,46,0,0,1.000,17,17,13,fielding,109.0,,,694671,Wyatt Langford,45,3.80,2.71,2026,,,140,Texas Rangers,0,0,
21,0,,,,,2,0,0,1.000,1,1,1,fielding,8.0,,,800325,Luis Lara,2,2.25,2.00,2026,,,158,Milwaukee Brewers,0,0,
21,0,,,,,30,0,0,1.000,18,18,13,fielding,118.0,,,800325,Luis Lara,30,2.29,1.67,2026,,,158,Milwaukee Brewers,0,0,
21,2,,,,,86,1,0,1.000,48,48,34,fielding,327.0,,,800325,Luis Lara,84,2.37,1.79,2026,,,158,Milwaukee Brewers,0,0,
30,2,,,,,5,0,0,1.000,58,58,1,fielding,72.0,,,656641,Jacob Latz,3,0.63,0.09,2026,,,140,Texas Rangers,0,0,
31,1,,,,,78,1,0,1.000,45,45,42,fielding,375.0,,,657656,Ramón Laureano,77,1.87,1.73,2026,,,135,San Diego Padres,0,0,
31,0,,,,,14,0,0,1.000,6,6,5,fielding,43.0,,,657656,Ramón Laureano,14,2.93,2.33,2026,,,135,San Diego Padres,0,0,
26,0,,,,,1,0,0,1.000,21,21,0,fielding,21.2,,,681320,Nate Lavender,1,0.43,0.05,2026,,,121,New York Mets,0,0,
28,0,,,,,1,0,0,1.000,15,15,0,fielding,16.2,,,689520,Cody Laweryson,1,0.56,0.07,2026,,,142,Minnesota Twins,0,0,
23,0,,,,,1,0,0,1.000,1,1,0,fielding,1.0,,,691783,Jordan Lawlar,1,9.00,1.00,2026,,,109,Arizona Diamondbacks,0,0,
23,0,,,,,12,0,0,1.000,12,12,5,fielding,52.0,,,691783,Jordan Lawlar,12,2.08,1.00,2026,,,109,Arizona Diamondbacks,0,0,
27,2,,,,,2,0,0,1.000,8,8,0,fielding,10.0,,,676661,Max Lazar,0,1.80,0.25,2026,,,143,Philadelphia Phillies,0,0,
29,16,,,,,27,0,0,1.000,30,30,30,fielding,140.0,,,681517,Kyle Leahy,11,1.74,0.90,2026,,,138,St. Louis Cardinals,0,0,
27,2,,,,,2,0,0,1.000,18,18,1,fielding,18.2,,,673929,Jordan Leasure,0,1.00,0.11,2026,,,145,Chicago White Sox,0,0,
27,0,,,,,1,0,0,1.000,8,8,0,fielding,9.2,,,695445,Chase Lee,1,1.00,0.13,2026,,,141,Toronto Blue Jays,0,0,
31,3,,,,,5,0,0,1.000,71,71,0,fielding,67.0,,,669276,Dylan Lee,2,0.67,0.07,2026,,,144,Atlanta Braves,0,0,
23,1,,,,,1,0,0,1.000,1,1,0,fielding,2.0,,,701678,Hao-Yu Lee,0,4.50,1.00,2026,,,116,Detroit Tigers,0,0,
27,0,,,,,18,0,0,1.000,17,17,12,fielding,99.0,,,808982,Jung Hoo Lee,18,1.64,1.06,2026,,,137,San Francisco Giants,0,0,
29,6,,,,,9,1,0,1.000,55,55,6,fielding,71.2,,,668984,Casey Legumina,3,1.14,0.16,2026,,,139,Tampa Bay Rays,0,0,
26,7,,,,,18,1,0,1.000,15,15,15,fielding,80.0,,,683004,Jack Leiter,11,2.03,1.20,2026,,,140,Texas Rangers,0,0,
35,1,,,,,2,0,0,1.000,36,36,0,fielding,33.2,,,643410,Mark Leiter Jr.,1,0.55,0.06,2026,,,133,Athletics,0,0,
25,0,,,,,4,0,0,1.000,3,3,3,fielding,23.0,,,678760,Eddys Leonard,4,1.57,1.33,2026,,,137,San Francisco Giants,0,0,
26,12,,,,,20,3,0,1.000,31,31,31,fielding,155.0,,,669461,Matthew Liberatore,8,1.16,0.65,2026,,,138,St. Louis Cardinals,0,0,
23,0,,,,,5,0,0,1.000,12,12,4,fielding,39.0,,,695734,Daylen Lile,5,1.15,0.42,2026,,,120,Washington Nationals,0,0,
29,2,,,,,2,0,0,1.000,30,30,0,fielding,28.1,,,663893,Brendon Little,0,0.64,0.07,2026,,,141,Toronto Blue Jays,0,0,
29,0,,,,,11,0,0,1.000,8,8,6,fielding,42.0,,,663604,Brandon Lockridge,11,2.36,1.38,2026,,,158,Milwaukee Brewers,0,0,
29,0,,,,,2,0,0,1.000,4,4,2,fielding,19.0,,,663604,Brandon Lockridge,2,0.95,0.50,2026,,,158,Milwaukee Brewers,0,0,
27,0,,,,,5,1,0,1.000,2,2,0,fielding,6.0,,,679845,Nick Loftin,5,7.50,2.50,2026,,,118,Kansas City Royals,0,0,
27,2,,,,,3,0,0,1.000,3,3,0,fielding,7.0,,,679845,Nick Loftin,1,3.86,1.00,2026,,,118,Kansas City Royals,0,0,
27,1,,,,,7,0,0,1.000,3,3,3,fielding,24.0,,,679845,Nick Loftin,6,2.63,2.33,2026,,,118,Kansas City Royals,0,0,
27,0,,,,,13,0,0,1.000,11,11,6,fielding,49.2,,,679845,Nick Loftin,13,2.39,1.18,2026,,,118,Kansas City Royals,0,0,
27,0,,,,,5,0,0,1.000,6,6,5,fielding,45.0,,,694388,Joey Loperfido,5,1.00,0.83,2026,,,117,Houston Astros,0,0,
27,0,,,,,5,0,0,1.000,4,4,3,fielding,22.0,,,694388,Joey Loperfido,5,2.05,1.25,2026,,,117,Houston Astros,0,0,
31,1,,,,,1,0,0,1.000,1,1,0,fielding,1.0,,,670032,Nicky Lopez,0,9.00,1.00,2026,,,140,Texas Rangers,0,0,
31,37,,,,,60,10,0,1.000,28,28,16,fielding,163.0,,,670032,Nicky Lopez,23,3.31,2.14,2026,,,140,Texas Rangers,0,0,
31,0,,,,,1,0,0,1.000,3,3,0,fielding,5.0,,,670032,Nicky Lopez,1,1.80,0.33,2026,,,140,Texas Rangers,0,0,
24,11,,,,,19,1,0,1.000,29,29,26,fielding,133.1,,,695076,Rhett Lowder,8,1.29,0.66,2026,,,113,Cincinnati Reds,0,0,
28,3,,,,,60,1,0,1.000,46,46,36,fielding,323.0,,,666139,Josh Lowe,57,1.67,1.30,2026,,,108,Los Angeles Angels,0,0,
33,1,,,,,1,0,0,1.000,5,5,0,fielding,3.1,,,664192,Joey Lucchesi,0,3.00,0.20,2026,,,108,Los Angeles Angels,0,0,
25,1,,,,,9,0,0,1.000,5,5,3,fielding,26.0,,,683090,Matthew Lugo,8,3.12,1.80,2026,,,118,Kansas City Royals,0,0,
25,0,,,,,2,0,0,1.000,2,2,2,fielding,14.0,,,683090,Matthew Lugo,2,1.29,1.00,2026,,,118,Kansas City Royals,0,0,
31,0,,,,,23,0,0,1.000,12,12,6,fielding,60.0,,,664770,Nathan Lukes,23,3.45,1.92,2026,,,141,Toronto Blue Jays,0,0,
31,9,,,,,170,1,0,1.000,116,116,87,fielding,786.2,,,664770,Nathan Lukes,161,1.95,1.47,2026,,,141,Toronto Blue Jays,0,0,
28,24,,,,,30,1,0,1.000,30,30,29,fielding,179.2,,,666200,Jesús Luzardo,6,1.51,1.00,2026,,,143,Philadelphia Phillies,0,0,
29,4,,,,,8,1,0,1.000,56,56,10,fielding,86.0,,,663738,Daniel Lynch IV,4,0.84,0.14,2026,,,118,Kansas City Royals,0,0,
32,5,,,,,9,0,0,1.000,26,26,13,fielding,79.1,,,625643,Reynaldo López,4,1.03,0.35,2026,,,144,Atlanta Braves,0,0,
32,1,,,,,2,0,0,1.000,2,2,2,fielding,15.0,,,605353,Vimael Machín,1,1.20,1.00,2026,,,115,Colorado Rockies,0,0,
25,1,,,,,1,0,0,1.000,30,30,1,fielding,31.0,,,671936,Adam Macko,0,0.29,0.03,2026,,,140,Texas Rangers,0,0,
26,2,,,,,7,0,0,1.000,20,20,1,fielding,47.0,,,680744,Ty Madden,5,1.34,0.35,2026,,,116,Detroit Tigers,0,0,
29,4,,,,,6,2,0,1.000,4,4,4,fielding,33.0,,,663611,Nick Madrigal,2,1.64,1.50,2026,,,108,Los Angeles Angels,0,0,
29,26,,,,,50,4,0,1.000,11,11,9,fielding,81.0,,,663611,Nick Madrigal,24,5.56,4.55,2026,,,139,Tampa Bay Rays,0,0,
29,1,,,,,1,0,0,1.000,1,1,1,fielding,9.0,,,663611,Nick Madrigal,0,1.00,1.00,2026,,,139,Tampa Bay Rays,0,0,
26,0,,,,,19,0,0,1.000,22,22,5,fielding,75.2,,,701162,Ben Malgeri,19,2.28,0.86,2026,,,116,Detroit Tigers,0,0,
26,0,,,,,1,0,0,1.000,2,2,0,fielding,5.0,,,701162,Ben Malgeri,1,1.80,0.50,2026,,,116,Detroit Tigers,0,0,
26,2,,,,,47,0,0,1.000,40,40,23,fielding,216.0,,,701162,Ben Malgeri,45,1.96,1.18,2026,,,116,Detroit Tigers,0,0,
34,0,,,,,20,1,0,1.000,4,4,3,fielding,31.0,,,641820,Trey Mancini,20,5.81,5.00,2026,,,108,Los Angeles Angels,0,0,
35,3,,,,,4,0,0,1.000,25,25,0,fielding,27.0,,,573009,Joe Mantiply,1,1.33,0.16,2026,,,141,Toronto Blue Jays,0,0,
27,14,5.45,0,8,.421,252,0,0,1.000,34,34,23,fielding,224.2,0,1,665561,Rafael Marchán,238,10.13,7.41,2026,.579,11,143,Philadelphia Phillies,0,0,3
30,6,,,,,15,0,0,1.000,41,41,0,fielding,57.2,,,676760,Ron Marinaccio,9,2.37,0.37,2026,,,113,Cincinnati Reds,0,0,
25,5,,,,,364,1,0,1.000,150,150,138,fielding,1233.2,,,805300,Jakob Marsee,359,2.66,2.43,2026,,,146,Miami Marlins,0,0,
28,0,,,,,25,0,0,1.000,16,16,10,fielding,80.0,,,669016,Brandon Marsh,25,2.81,1.56,2026,,,143,Philadelphia Phillies,0,0,
24,0,,,,,2,0,0,1.000,2,2,2,fielding,16.0,,,682622,Noelvi Marte,2,1.13,1.00,2026,,,113,Cincinnati Reds,0,0,
37,0,,,,,11,0,0,1.000,8,8,5,fielding,44.0,,,516782,Starling Marte,11,2.25,1.38,2026,,,118,Kansas City Royals,0,0,
37,6,,,,,37,2,0,1.000,26,26,19,fielding,170.1,,,516782,Starling Marte,31,1.96,1.42,2026,,,118,Kansas City Royals,0,0,
27,0,,,,,12,0,0,1.000,8,8,5,fielding,47.0,,,668885,Austin Martin,12,2.30,1.50,2026,,,142,Minnesota Twins,0,0,
27,3,,,,,85,0,0,1.000,54,54,38,fielding,363.2,,,668885,Austin Martin,82,2.11,1.57,2026,,,142,Minnesota Twins,0,0,
40,1,,,,,1,0,0,1.000,16,16,0,fielding,14.0,,,455119,Chris Martin,0,0.64,0.06,2026,,,140,Texas Rangers,0,0,
25,3,,,,,5,1,0,1.000,8,8,0,fielding,15.1,,,694680,Trevor Martin,2,3.00,0.63,2026,,,108,Los Angeles Angels,0,0,
35,12,,,,,23,0,0,1.000,31,31,31,fielding,180.0,,,607259,Nick Martinez,11,1.15,0.74,2026,,,139,Tampa Bay Rays,0,0,
24,0,1.80,0,0,.---,8,0,0,1.000,4,4,1,fielding,10.0,0,0,683079,Omar Martinez,8,7.20,2.00,2026,.---,0,108,Los Angeles Angels,0,0,1
24,0,,,,,9,0,0,1.000,7,7,3,fielding,28.0,,,682657,Angel Martínez,9,2.89,1.29,2026,,,114,Cleveland Guardians,0,0,
28,0,,,,,2,0,0,1.000,3,3,3,fielding,20.0,,,686681,Michael Massey,2,0.90,0.67,2026,,,118,Kansas City Royals,0,0,
30,3,,,,,11,1,0,1.000,2,2,2,fielding,18.0,,,670156,Miles Mastrobuoni,8,5.50,5.50,2026,,,136,Seattle Mariners,0,0,
30,0,,,,,2,0,0,1.000,1,1,1,fielding,8.0,,,670156,Miles Mastrobuoni,2,2.25,2.00,2026,,,136,Seattle Mariners,0,0,
30,5,,,,,8,0,0,1.000,4,4,4,fielding,30.0,,,670156,Miles Mastrobuoni,3,2.40,2.00,2026,,,136,Seattle Mariners,0,0,
30,0,,,,,4,0,0,1.000,2,2,1,fielding,12.0,,,670156,Miles Mastrobuoni,4,3.00,2.00,2026,,,136,Seattle Mariners,0,0,
30,0,,,,,1,0,0,1.000,4,4,1,fielding,9.1,,,670156,Miles Mastrobuoni,1,1.00,0.25,2026,,,136,Seattle Mariners,0,0,
31,1,,,,,1,0,0,1.000,2,2,0,fielding,6.0,,,622761,Jorge Mateo,0,1.50,0.50,2026,,,139,Tampa Bay Rays,0,0,
25,4,,,,,5,0,0,1.000,9,9,9,fielding,49.1,,,687273,Quinn Mathews,1,0.92,0.56,2026,,,138,St. Louis Cardinals,0,0,
33,3,,,,,5,1,0,1.000,31,31,0,fielding,27.2,,,664208,Phil Maton,2,1.67,0.16,2026,,,112,Chicago Cubs,0,0,
24,0,,,,,1,0,0,1.000,2,2,1,fielding,7.0,,,682641,Luis Matos,1,1.29,0.50,2026,,,158,Milwaukee Brewers,0,0,
24,1,,,,,10,0,0,1.000,5,5,4,fielding,28.0,,,682641,Luis Matos,9,3.21,2.00,2026,,,158,Milwaukee Brewers,0,0,
24,26,,,,,47,8,0,1.000,22,22,10,fielding,109.0,,,694728,Brice Matthews,21,3.88,2.14,2026,,,117,Houston Astros,0,0,
24,2,,,,,36,1,0,1.000,37,37,14,fielding,143.0,,,694728,Brice Matthews,34,2.27,0.97,2026,,,117,Houston Astros,0,0,
24,0,,,,,81,0,0,1.000,39,39,32,fielding,270.0,,,694728,Brice Matthews,81,2.70,2.08,2026,,,117,Houston Astros,0,0,
26,9,,,,,17,4,0,1.000,23,23,23,fielding,130.1,,,805673,Zebby Matthews,8,1.18,0.74,2026,,,142,Minnesota Twins,0,0,
30,2,,,,,5,0,0,1.000,38,38,0,fielding,38.2,,,676755,Isaac Mattson,3,1.18,0.13,2026,,,134,Pittsburgh Pirates,0,0,
35,6,,,,,9,0,0,1.000,36,36,11,fielding,80.1,,,571927,Steven Matz,3,1.01,0.25,2026,,,139,Tampa Bay Rays,0,0,
25,5,,,,,7,2,0,1.000,3,3,2,fielding,19.0,,,677595,Ronny Mauricio,2,3.32,2.33,2026,,,121,New York Mets,0,0,
25,2,,,,,3,0,0,1.000,3,3,1,fielding,13.0,,,677595,Ronny Mauricio,1,2.08,1.00,2026,,,121,New York Mets,0,0,
24,1,,,,,3,0,0,1.000,8,8,1,fielding,15.1,,,802408,Brycen Mautz,2,1.80,0.38,2026,,,138,St. Louis Cardinals,0,0,
28,9,,,,,14,1,0,1.000,31,31,31,fielding,145.2,,,669160,Dustin May,5,0.87,0.45,2026,,,158,Milwaukee Brewers,0,0,
23,5,,,,,5,1,0,1.000,3,3,1,fielding,13.0,,,691785,Marcelo Mayer,0,3.46,1.67,2026,,,137,San Francisco Giants,0,0,
24,7,,,,,112,11,0,1.000,19,19,13,fielding,111.0,,,691723,Coby Mayo,105,9.08,5.89,2026,,,110,Baltimore Orioles,0,0,
24,8,,,,,63,4,0,1.000,11,11,7,fielding,75.0,,,807727,Charles McAdoo,55,7.56,5.73,2026,,,141,Toronto Blue Jays,0,0,
24,29,,,,,39,6,0,1.000,12,12,11,fielding,85.0,,,807727,Charles McAdoo,10,4.13,3.25,2026,,,141,Toronto Blue Jays,0,0,
24,9,,,,,16,0,0,1.000,7,7,6,fielding,47.0,,,807727,Charles McAdoo,7,3.06,2.29,2026,,,141,Toronto Blue Jays,0,0,
24,0,,,,,6,0,0,1.000,4,4,3,fielding,21.0,,,807727,Charles McAdoo,6,2.57,1.50,2026,,,141,Toronto Blue Jays,0,0,
27,1,,,,,2,0,0,1.000,11,11,0,fielding,13.1,,,685112,Zach McCambley,1,1.38,0.18,2026,,,113,Cincinnati Reds,0,0,
36,3,,,,,3,1,0,1.000,4,4,0,fielding,4.0,,,543510,James McCann,0,6.75,0.75,2026,,,109,Arizona Diamondbacks,0,0,
36,1,,,,,9,2,0,1.000,7,7,0,fielding,7.0,,,543510,James McCann,8,11.57,1.29,2026,,,109,Arizona Diamondbacks,0,0,
25,0,,,,,14,0,0,1.000,13,13,8,fielding,79.1,,,687529,Grant McCray,14,1.59,1.08,2026,,,137,San Francisco Giants,0,0,
25,1,,,,,23,1,0,1.000,11,11,8,fielding,67.0,,,687529,Grant McCray,22,3.09,2.09,2026,,,137,San Francisco Giants,0,0,
25,1,,,,,24,0,0,1.000,13,13,8,fielding,71.0,,,687529,Grant McCray,23,3.04,1.85,2026,,,137,San Francisco Giants,0,0,
39,0,,,,,4,0,0,1.000,7,7,2,fielding,25.0,,,457705,Andrew McCutchen,4,1.44,0.57,2026,,,140,Texas Rangers,0,0,
39,0,,,,,11,0,0,1.000,6,6,5,fielding,42.0,,,457705,Andrew McCutchen,11,2.36,1.83,2026,,,140,Texas Rangers,0,0,
27,1,,,,,1,0,0,1.000,5,5,0,fielding,7.2,,,694646,Chayce McDermott,0,1.29,0.20,2026,,,121,New York Mets,0,0,
25,5,,,,,6,1,0,1.000,19,19,0,fielding,19.0,,,686934,Alex McFarlane,1,2.84,0.32,2026,,,143,Philadelphia Phillies,0,0,
28,1,,,,,2,0,0,1.000,9,9,0,fielding,11.1,,,668834,Easton McGee,1,1.64,0.22,2026,,,118,Kansas City Royals,0,0,
31,3,4.92,0,0,.000,64,1,0,1.000,10,10,9,fielding,78.2,2,0,624512,Reese McGuire,61,7.38,6.40,2026,1.000,15,145,Chicago White Sox,0,0,3
31,0,,,,,3,0,0,1.000,3,3,1,fielding,13.0,,,656716,Zach McKinstry,3,2.08,1.00,2026,,,116,Detroit Tigers,0,0,
31,0,,,,,6,0,0,1.000,6,6,4,fielding,35.0,,,656716,Zach McKinstry,6,1.54,1.00,2026,,,116,Detroit Tigers,0,0,
31,9,,,,,97,1,0,1.000,62,62,49,fielding,417.1,,,656716,Zach McKinstry,88,2.09,1.56,2026,,,116,Detroit Tigers,0,0,
26,231,,,,,386,47,0,1.000,100,100,96,fielding,848.2,,,680574,Matt McLain,155,4.10,3.86,2026,,,113,Cincinnati Reds,0,0,
26,0,,,,,11,0,0,1.000,3,3,2,fielding,15.0,,,680574,Matt McLain,11,6.60,3.67,2026,,,113,Cincinnati Reds,0,0,
31,6,,,,,6,0,0,1.000,2,2,1,fielding,10.0,,,641857,Ryan McMahon,0,5.40,3.00,2026,,,147,New York Yankees,0,0,
34,14,,,,,270,33,0,1.000,43,43,31,fielding,298.2,,,643446,Jeff McNeil,256,8.15,6.28,2026,,,133,Athletics,0,0,
34,0,,,,,1,0,0,1.000,1,1,0,fielding,1.0,,,643446,Jeff McNeil,1,9.00,1.00,2026,,,133,Athletics,0,0,
34,0,,,,,2,0,0,1.000,2,2,0,fielding,6.1,,,643446,Jeff McNeil,2,3.00,1.00,2026,,,133,Athletics,0,0,
25,9,,,,,13,2,0,1.000,7,7,2,fielding,26.0,,,678554,Curtis Mead,4,4.50,1.86,2026,,,111,Boston Red Sox,0,0,
26,0,,,,,17,0,0,1.000,12,12,11,fielding,87.2,,,678009,Parker Meadows,17,1.76,1.42,2026,,,116,Detroit Tigers,0,0,
29,3,,,,,4,0,0,1.000,21,21,0,fielding,19.1,,,683232,Nick Mears,1,1.89,0.19,2026,,,118,Kansas City Royals,0,0,
26,1,,,,,27,0,0,1.000,22,22,13,fielding,119.0,,,685133,Wade Meckler,26,2.04,1.23,2026,,,108,Los Angeles Angels,0,0,
25,2,,,,,3,0,0,1.000,30,30,0,fielding,34.1,,,682989,Victor Mederos,1,0.79,0.10,2026,,,144,Atlanta Braves,0,0,
27,7,,,,,8,1,0,1.000,60,60,1,fielding,73.0,,,665622,Luis Medina,1,0.99,0.13,2026,,,133,Athletics,0,0,
24,1,,,,,2,0,0,1.000,3,3,0,fielding,6.0,,,805367,Chase Meidroth,1,3.00,0.67,2026,,,145,Chicago White Sox,0,0,
24,19,,,,,24,5,0,1.000,19,19,2,fielding,54.0,,,805367,Chase Meidroth,5,4.00,1.26,2026,,,145,Chicago White Sox,0,0,
27,2,,,,,28,0,0,1.000,21,21,15,fielding,121.2,,,669004,MJ Melendez,26,2.08,1.33,2026,,,121,New York Mets,0,0,
27,0,,,,,3,0,0,1.000,4,4,4,fielding,27.0,,,669004,MJ Melendez,3,1.00,0.75,2026,,,121,New York Mets,0,0,
25,12,,,,,33,3,0,1.000,20,20,20,fielding,114.1,,,675512,Troy Melton,21,2.61,1.65,2026,,,116,Detroit Tigers,0,0,
34,0,,,,,2,0,0,1.000,1,1,1,fielding,8.0,,,608841,Joey Meneses,2,2.25,2.00,2026,,,133,Athletics,0,0,
24,0,,,,,13,0,0,1.000,8,8,6,fielding,53.0,,,683748,Victor Mesa Jr.,13,2.21,1.63,2026,,,139,Tampa Bay Rays,0,0,
24,0,,,,,7,0,0,1.000,4,4,2,fielding,17.0,,,683748,Victor Mesa Jr.,7,3.71,1.75,2026,,,139,Tampa Bay Rays,0,0,
25,2,,,,,4,0,0,1.000,29,29,0,fielding,34.2,,,682825,Luis Mey,2,1.06,0.14,2026,,,113,Cincinnati Reds,0,0,
30,1,,,,,88,0,0,1.000,51,51,37,fielding,342.0,,,676694,Jake Meyers,87,2.32,1.73,2026,,,117,Houston Astros,0,0,
25,9,,,,,17,0,0,1.000,49,49,8,fielding,95.2,,,693686,Spencer Miles,8,1.61,0.35,2026,,,141,Toronto Blue Jays,0,0,
27,1,,,,,3,0,0,1.000,3,3,0,fielding,7.1,,,676272,Bobby Miller,2,3.86,1.00,2026,,,119,Los Angeles Dodgers,0,0,
27,6,,,,,22,2,0,1.000,22,22,21,fielding,118.2,,,682243,Bryce Miller,16,1.68,1.00,2026,,,136,Seattle Mariners,0,0,
31,1,,,,,1,0,0,1.000,6,6,0,fielding,6.1,,,670090,Wyatt Mills,0,1.50,0.17,2026,,,119,Los Angeles Dodgers,0,0,
35,7,,,,,9,1,0,1.000,44,44,0,fielding,42.0,,,571948,Hoby Milner,2,1.93,0.20,2026,,,136,Seattle Mariners,0,0,
24,3,,,,,7,0,0,1.000,30,30,30,fielding,174.2,,,694819,Jacob Misiorowski,4,0.36,0.23,2026,,,158,Milwaukee Brewers,0,0,
28,0,,,,,1,0,0,1.000,3,3,1,fielding,8.1,,,670224,Kameron Misner,1,1.13,0.33,2026,,,118,Kansas City Royals,0,0,
28,0,,,,,6,0,0,1.000,4,4,3,fielding,29.0,,,670224,Kameron Misner,6,1.86,1.50,2026,,,118,Kansas City Royals,0,0,
27,6,,,,,10,0,0,1.000,37,37,12,fielding,123.0,,,669387,Carmen Mlodzinski,4,0.73,0.27,2026,,,134,Pittsburgh Pirates,0,0,
24,2,,,,,6,0,0,1.000,9,9,5,fielding,34.0,,,683627,Anthony Molina,4,1.59,0.67,2026,,,137,San Francisco Giants,0,0,
29,4,,,,,59,4,0,1.000,11,11,5,fielding,69.0,,,655316,Andruw Monasterio,55,7.70,5.36,2026,,,111,Boston Red Sox,0,0,
29,31,,,,,59,10,0,1.000,22,22,9,fielding,109.1,,,655316,Andruw Monasterio,28,4.87,2.68,2026,,,111,Boston Red Sox,0,0,
28,0,,,,,14,0,0,1.000,13,13,5,fielding,50.0,,,666160,Mickey Moniak,14,2.52,1.08,2026,,,115,Colorado Rockies,0,0,
28,0,,,,,50,0,0,1.000,25,25,20,fielding,175.0,,,666160,Mickey Moniak,50,2.57,2.00,2026,,,115,Colorado Rockies,0,0,
21,0,,,,,1,0,0,1.000,1,1,0,fielding,1.0,,,703155,Lazaro Montes,1,9.00,1.00,2026,,,136,Seattle Mariners,0,0,
21,0,,,,,11,0,0,1.000,10,10,9,fielding,75.2,,,703155,Lazaro Montes,11,1.32,1.10,2026,,,136,Seattle Mariners,0,0,
23,0,,,,,2,0,0,1.000,2,2,0,fielding,4.0,,,695731,Braden Montgomery,2,4.50,1.00,2026,,,145,Chicago White Sox,0,0,
33,2,,,,,3,0,0,1.000,13,13,0,fielding,26.0,,,656756,Jordan Montgomery,1,1.04,0.23,2026,,,140,Texas Rangers,0,0,
26,3,,,,,7,0,0,1.000,70,70,5,fielding,68.2,,,682254,Mason Montgomery,4,0.93,0.10,2026,,,134,Pittsburgh Pirates,0,0,
23,79,,,,,127,20,0,1.000,30,30,29,fielding,253.1,,,695681,Christian Moore,48,4.52,4.23,2026,,,108,Los Angeles Angels,0,0,
33,1,,,,,1,0,0,1.000,2,2,0,fielding,1.2,,,664238,Dylan Moore,0,9.00,0.50,2026,,,143,Philadelphia Phillies,0,0,
33,0,,,,,1,0,0,1.000,3,3,0,fielding,5.0,,,664238,Dylan Moore,1,1.80,0.33,2026,,,143,Philadelphia Phillies,0,0,
33,1,,,,,3,1,0,1.000,1,1,1,fielding,8.0,,,664238,Dylan Moore,2,3.38,3.00,2026,,,143,Philadelphia Phillies,0,0,
33,0,,,,,1,0,0,1.000,2,2,0,fielding,4.0,,,664238,Dylan Moore,1,2.25,0.50,2026,,,143,Philadelphia Phillies,0,0,
33,0,,,,,1,0,0,1.000,2,2,1,fielding,9.0,,,664238,Dylan Moore,1,1.00,0.50,2026,,,143,Philadelphia Phillies,0,0,
23,0,,,,,34,0,0,1.000,13,13,11,fielding,93.0,,,703492,Nick Morabito,34,3.29,2.62,2026,,,121,New York Mets,0,0,
23,0,,,,,4,0,0,1.000,2,2,2,fielding,16.0,,,703492,Nick Morabito,4,2.25,2.00,2026,,,121,New York Mets,0,0,
24,7,,,,,76,7,0,1.000,13,13,10,fielding,86.0,,,691002,Yohandy Morales,69,7.95,5.85,2026,,,120,Washington Nationals,0,0,
29,2,,,,,7,1,0,1.000,50,50,3,fielding,65.2,,,663558,Jovani Morán,5,0.97,0.14,2026,,,111,Boston Red Sox,0,0,
27,1,,,,,5,0,0,1.000,2,2,1,fielding,8.0,,,666624,Christopher Morel,4,5.63,2.50,2026,,,121,New York Mets,0,0,
26,4,,,,,8,0,0,1.000,32,32,0,fielding,33.1,,,688158,David Morgan,4,2.18,0.25,2026,,,135,San Diego Padres,0,0,
24,2,,,,,5,0,0,1.000,6,6,2,fielding,17.1,,,695034,Kade Morris,3,2.65,0.83,2026,,,133,Athletics,0,0,
29,0,,,,,13,3,0,1.000,2,2,2,fielding,16.0,,,663624,Ryan Mountcastle,13,7.31,6.50,2026,,,110,Baltimore Orioles,0,0,
23,0,,,,,4,0,0,1.000,4,4,2,fielding,18.2,,,691777,Max Muncy,4,2.00,1.00,2026,,,133,Athletics,0,0,
26,4,,,,,5,1,0,1.000,22,22,0,fielding,20.0,,,684665,Luke Murphy,1,2.25,0.23,2026,,,108,Los Angeles Angels,0,0,
22,0,,,,,1,0,0,1.000,5,5,1,fielding,12.0,,,702566,Owen Murphy,1,0.75,0.20,2026,,,144,Atlanta Braves,0,0,
26,0,,,,,6,2,0,1.000,4,4,1,fielding,9.0,,,681230,BJ Murray Jr.,6,6.00,1.50,2026,,,112,Chicago Cubs,0,0,
29,1,,,,,2,0,0,1.000,10,10,0,fielding,16.1,,,681151,Jayden Murray,1,1.13,0.20,2026,,,112,Chicago Cubs,0,0,
26,5,,,,,8,1,0,1.000,3,3,2,fielding,12.2,,,695020,Tanner Murray,3,6.00,2.67,2026,,,145,Chicago White Sox,0,0,
26,1,,,,,9,0,0,1.000,7,7,6,fielding,44.2,,,695020,Tanner Murray,8,1.84,1.29,2026,,,145,Chicago White Sox,0,0,
27,4,,,,,5,0,0,1.000,61,61,0,fielding,57.1,,,662253,Andrés Muñoz,1,0.79,0.08,2026,,,136,Seattle Mariners,0,0,
27,5,,,,,10,0,0,1.000,32,32,3,fielding,53.2,,,668964,Tobias Myers,5,1.70,0.31,2026,,,121,New York Mets,0,0,
31,1,,,,,4,0,0,1.000,13,13,10,fielding,53.0,,,608566,Germán Márquez,3,0.68,0.31,2026,,,135,San Diego Padres,0,0,
27,4,,,,,4,0,0,1.000,25,25,0,fielding,22.2,,,677053,Andrew Nardi,0,1.64,0.16,2026,,,146,Miami Marlins,0,0,
26,0,,,,,1,0,0,1.000,28,28,0,fielding,31.2,,,696519,Samy Natera Jr.,1,0.29,0.04,2026,,,108,Los Angeles Angels,0,0,
26,0,,,,,1,0,0,1.000,1,1,0,fielding,2.0,,,666310,Bo Naylor,1,4.50,1.00,2026,,,158,Milwaukee Brewers,0,0,
27,2,,,,,2,1,0,1.000,7,7,0,fielding,7.1,,,693312,Kyle Nicolas,0,2.57,0.29,2026,,,113,Cincinnati Reds,0,0,
26,1,,,,,1,0,0,1.000,1,1,0,fielding,2.0,,,680951,Doug Nikhazy,0,4.50,1.00,2026,,,145,Chicago White Sox,0,0,
25,0,,,,,1,0,0,1.000,1,1,1,fielding,8.0,,,807747,Rikuu Nishida,1,1.13,1.00,2026,,,145,Chicago White Sox,0,0,
25,2,,,,,24,0,0,1.000,11,11,9,fielding,69.0,,,807747,Rikuu Nishida,22,3.13,2.18,2026,,,145,Chicago White Sox,0,0,
28,0,,,,,9,0,0,1.000,6,6,3,fielding,27.0,,,663457,Lars Nootbaar,9,3.00,1.50,2026,,,138,St. Louis Cardinals,0,0,
32,17,,,,,252,30,0,1.000,53,53,36,fielding,335.1,,,656811,Ryan O'Hearn,235,6.77,4.75,2026,,,134,Pittsburgh Pirates,0,0,
30,11,,,,,27,2,0,1.000,25,25,24,fielding,131.0,,,641927,Bailey Ober,16,1.85,1.08,2026,,,142,Minnesota Twins,0,0,
34,6,,,,,6,0,0,1.000,68,68,1,fielding,67.2,,,595345,Steven Okert,0,0.81,0.09,2026,,,117,Houston Astros,0,0,
26,0,,,,,1,0,0,1.000,14,14,0,fielding,15.2,,,681544,Wyatt Olds,1,0.60,0.07,2026,,,111,Boston Red Sox,0,0,
30,0,,,,,6,0,0,1.000,3,3,2,fielding,16.0,,,666931,Jared Oliva,6,3.38,2.00,2026,,,137,San Francisco Giants,0,0,
26,0,,,,,1,0,0,1.000,1,1,0,fielding,2.0,,,680716,Jonathan Ornelas,1,4.50,1.00,2026,,,133,Athletics,0,0,
26,0,,,,,2,0,0,1.000,2,2,1,fielding,4.0,,,680716,Jonathan Ornelas,2,4.50,1.00,2026,,,133,Athletics,0,0,
24,16,,,,,174,19,0,1.000,30,30,23,fielding,195.1,,,694673,Abimelec Ortiz,158,8.03,5.80,2026,,,120,Washington Nationals,0,0,
27,0,,,,,1,1,0,1.000,1,1,0,fielding,2.0,,,687401,Joey Ortiz,1,4.50,1.00,2026,,,158,Milwaukee Brewers,0,0,
27,1,,,,,1,0,0,1.000,1,1,0,fielding,2.0,,,687401,Joey Ortiz,0,4.50,1.00,2026,,,158,Milwaukee Brewers,0,0,
28,6,,,,,8,0,0,1.000,36,36,0,fielding,41.1,,,679358,Eric Orze,2,1.76,0.22,2026,,,142,Minnesota Twins,0,0,
23,0,,,,,14,0,0,1.000,15,15,5,fielding,61.2,,,696030,Alejandro Osuna,14,2.07,0.93,2026,,,140,Texas Rangers,0,0,
23,0,,,,,18,0,0,1.000,15,15,4,fielding,56.0,,,696030,Alejandro Osuna,18,2.89,1.20,2026,,,140,Texas Rangers,0,0,
29,0,,,,,27,0,0,1.000,22,22,5,fielding,71.0,,,681546,James Outman,27,3.42,1.23,2026,,,116,Detroit Tigers,0,0,
28,0,,,,,1,0,0,1.000,1,1,0,fielding,3.2,,,670912,Johan Oviedo,1,3.00,1.00,2026,,,111,Boston Red Sox,0,0,
27,0,,,,,1,0,0,1.000,1,1,0,fielding,1.0,,,665506,Cristian Pache,1,9.00,1.00,2026,,,121,New York Mets,0,0,
27,0,,,,,1,0,0,1.000,1,1,0,fielding,4.0,,,665506,Cristian Pache,1,2.25,1.00,2026,,,121,New York Mets,0,0,
30,5,,,,,11,2,0,1.000,14,14,9,fielding,57.0,,,663978,Chris Paddack,6,1.74,0.79,2026,,,140,Texas Rangers,0,0,
22,2,,,,,2,0,0,1.000,5,5,1,fielding,11.2,,,699151,Jedixson Paez,0,1.64,0.40,2026,,,111,Boston Red Sox,0,0,
35,3,,,,,4,0,0,1.000,45,45,0,fielding,42.2,,,641941,Emilio Pagán,1,0.86,0.09,2026,,,113,Cincinnati Reds,0,0,
27,0,,,,,2,0,0,1.000,3,3,0,fielding,4.0,,,686780,Pedro Pagés,2,4.50,0.67,2026,,,138,St. Louis Cardinals,0,0,
23,11,,,,,29,1,0,1.000,25,25,23,fielding,126.2,,,691725,Andrew Painter,18,2.07,1.16,2026,,,143,Philadelphia Phillies,0,0,
29,1,,,,,1,0,0,1.000,2,2,1,fielding,10.0,,,680700,Richie Palacios,0,0.90,0.50,2026,,,139,Tampa Bay Rays,0,0,
26,1,,,,,2,0,0,1.000,32,32,0,fielding,29.2,,,694037,Daniel Palencia,1,0.62,0.06,2026,,,112,Chicago Cubs,0,0,
27,16,,,,,27,1,0,1.000,29,29,29,fielding,162.0,,,669467,Andre Pallante,11,1.50,0.93,2026,,,138,St. Louis Cardinals,0,0,
25,6,,,,,6,0,0,1.000,11,11,6,fielding,16.1,,,687223,Carson Palmquist,0,3.38,0.55,2026,,,120,Washington Nationals,0,0,
32,1,,,,,1,0,0,1.000,1,1,1,fielding,3.0,,,623381,Thomas Pannone,0,3.00,1.00,2026,,,158,Milwaukee Brewers,0,0,
27,1,,,,,46,4,0,1.000,15,15,5,fielding,58.0,,,670623,Isaac Paredes,45,7.14,3.07,2026,,,117,Houston Astros,0,0,
27,9,,,,,12,1,0,1.000,3,3,3,fielding,25.0,,,670623,Isaac Paredes,3,4.32,4.00,2026,,,117,Houston Astros,0,0,
25,2,,,,,6,0,0,1.000,9,9,5,fielding,34.1,,,702474,Mike Paredes,4,1.59,0.67,2026,,,142,Minnesota Twins,0,0,
24,0,,,,,5,0,0,1.000,4,4,3,fielding,22.0,,,677347,Kyren Paris,5,2.05,1.25,2026,,,108,Los Angeles Angels,0,0,
24,0,,,,,1,0,0,1.000,1,1,1,fielding,7.0,,,677347,Kyren Paris,1,1.29,1.00,2026,,,108,Los Angeles Angels,0,0,
24,0,,,,,2,0,0,1.000,1,1,1,fielding,8.0,,,677347,Kyren Paris,2,2.25,2.00,2026,,,108,Los Angeles Angels,0,0,
26,4,,,,,5,0,0,1.000,22,22,0,fielding,39.2,,,680730,Mitchell Parker,1,1.15,0.23,2026,,,120,Washington Nationals,0,0,
25,2,,,,,35,3,0,1.000,13,13,2,fielding,34.1,,,688363,Graham Pauley,33,9.26,2.69,2026,,,146,Miami Marlins,0,0,
32,1,,,,,1,0,0,1.000,12,12,0,fielding,7.2,,,606303,Joel Payamps,0,1.29,0.08,2026,,,144,Atlanta Braves,0,0,
23,1,,,,,3,0,0,1.000,8,8,5,fielding,34.1,,,814490,Ethan Pecko,2,0.79,0.38,2026,,,117,Houston Astros,0,0,
34,0,,,,,4,0,0,1.000,3,3,1,fielding,8.0,,,592626,Joc Pederson,4,4.50,1.33,2026,,,140,Texas Rangers,0,0,
29,1,,,,,1,0,0,1.000,11,11,0,fielding,11.1,,,666711,Joel Peguero,0,0.82,0.09,2026,,,137,San Francisco Giants,0,0,
25,2,,,,,3,0,0,1.000,16,16,0,fielding,16.1,,,687239,Ben Peoples,1,1.69,0.19,2026,,,140,Texas Rangers,0,0,
28,5,,,,,6,2,0,1.000,16,16,1,fielding,23.0,,,671111,Sammy Peralta,1,2.35,0.38,2026,,,108,Los Angeles Angels,0,0,
34,7,,,,,14,0,0,1.000,65,65,5,fielding,77.1,,,593974,Wandy Peralta,7,1.64,0.22,2026,,,135,San Diego Padres,0,0,
26,1,,,,,4,0,0,1.000,1,1,1,fielding,8.0,,,672724,Oswald Peraza,3,4.50,4.00,2026,,,108,Los Angeles Angels,0,0,
24,2,,,,,2,0,0,1.000,5,5,4,fielding,24.2,,,702885,Cesar Perdomo,0,0.75,0.40,2026,,,137,San Francisco Giants,0,0,
30,8,4.48,0,6,.286,256,0,0,1.000,31,31,28,fielding,249.1,1,1,640902,Jhonny Pereda,248,9.25,8.26,2026,.714,15,136,Seattle Mariners,0,0,9
25,1,,,,,25,0,0,1.000,15,15,15,fielding,119.2,,,677592,Everson Pereira,24,1.89,1.67,2026,,,145,Chicago White Sox,0,0,
25,0,,,,,8,0,0,1.000,8,8,1,fielding,21.0,,,677592,Everson Pereira,8,3.43,1.00,2026,,,138,St. Louis Cardinals,0,0,
25,0,,,,,23,0,0,1.000,11,11,7,fielding,60.0,,,677592,Everson Pereira,23,3.45,2.09,2026,,,138,St. Louis Cardinals,0,0,
24,1,,,,,12,0,0,1.000,13,13,3,fielding,38.1,,,678577,Junior Perez,11,2.84,0.92,2026,,,145,Chicago White Sox,0,0,
24,0,,,,,5,0,0,1.000,7,7,4,fielding,33.0,,,678577,Junior Perez,5,1.36,0.71,2026,,,145,Chicago White Sox,0,0,
24,0,,,,,9,0,0,1.000,2,2,2,fielding,16.0,,,678577,Junior Perez,9,5.06,4.50,2026,,,145,Chicago White Sox,0,0,
29,0,,,,,9,0,0,1.000,8,8,7,fielding,54.0,,,663368,Blake Perkins,9,1.50,1.13,2026,,,158,Milwaukee Brewers,0,0,
29,1,,,,,17,1,0,1.000,31,31,10,fielding,114.0,,,663368,Blake Perkins,16,1.34,0.55,2026,,,158,Milwaukee Brewers,0,0,
29,0,,,,,14,0,0,1.000,13,13,6,fielding,62.0,,,663368,Blake Perkins,14,2.03,1.08,2026,,,158,Milwaukee Brewers,0,0,
26,0,,,,,19,0,0,1.000,28,28,5,fielding,89.0,,,671976,Tristan Peters,19,1.92,0.68,2026,,,145,Chicago White Sox,0,0,
26,1,,,,,32,1,0,1.000,18,18,13,fielding,112.0,,,671976,Tristan Peters,31,2.57,1.78,2026,,,145,Chicago White Sox,0,0,
32,3,,,,,3,0,0,1.000,65,65,0,fielding,65.2,,,656848,Michael Petersen,0,0.42,0.05,2026,,,146,Miami Marlins,0,0,
23,3,,,,,5,0,0,1.000,16,16,3,fielding,31.2,,,695534,Chase Petty,2,1.45,0.31,2026,,,113,Cincinnati Reds,0,0,
27,3,,,,,19,0,0,1.000,29,29,19,fielding,136.0,,,694297,Brandon Pfaadt,16,1.26,0.66,2026,,,109,Arizona Diamondbacks,0,0,
38,0,,,,,2,0,0,1.000,6,6,4,fielding,35.2,,,502054,Tommy Pham,2,0.51,0.33,2026,,,121,New York Mets,0,0,
31,1,,,,,2,0,0,1.000,31,31,0,fielding,26.0,,,623465,Evan Phillips,1,0.69,0.06,2026,,,119,Los Angeles Dodgers,0,0,
28,12,,,,,24,1,0,1.000,37,37,20,fielding,126.2,,,663969,Tyler Phillips,12,1.71,0.65,2026,,,146,Miami Marlins,0,0,
24,1,,,,,17,0,0,1.000,20,20,10,fielding,95.2,,,682818,Yohendrick Piñango,16,1.61,0.85,2026,,,141,Toronto Blue Jays,0,0,
25,1,,,,,12,0,0,1.000,8,8,7,fielding,50.1,,,687605,Andrew Pinckney,11,2.16,1.50,2026,,,120,Washington Nationals,0,0,
28,0,,,,,2,0,0,1.000,22,22,0,fielding,30.2,,,702752,Jonathan Pintaro,2,0.60,0.09,2026,,,121,New York Mets,0,0,
27,1,5.11,0,1,1.000,33,0,0,1.000,13,13,2,fielding,37.0,1,0,700652,Kenny Piper,32,8.03,2.54,2026,.000,0,139,Tampa Bay Rays,0,0,0
33,2,,,,,6,0,0,1.000,8,8,8,fielding,34.2,,,601713,Nick Pivetta,4,1.59,0.75,2026,,,135,San Diego Padres,0,0,
32,4,,,,,24,0,0,1.000,2,2,2,fielding,20.0,,,593871,Jorge Polanco,20,10.80,12.00,2026,,,121,New York Mets,0,0,
37,4,,,,,4,0,0,1.000,31,31,0,fielding,29.0,,,519141,Drew Pomeranz,0,1.24,0.13,2026,,,112,Chicago Cubs,0,0,
29,0,,,,,1,0,0,1.000,7,7,1,fielding,7.1,,,647315,Zach Pop,1,1.29,0.14,2026,,,143,Philadelphia Phillies,0,0,
30,1,9.00,0,0,.000,8,0,0,1.000,2,2,2,fielding,16.0,0,0,682515,Logan Porter,7,4.50,4.00,2026,1.000,2,108,Los Angeles Angels,0,0,1
29,4,,,,,5,0,0,1.000,35,35,11,fielding,36.2,,,676571,PJ Poulin,1,1.25,0.14,2026,,,120,Washington Nationals,0,0,
26,6,,,,,9,0,0,1.000,8,8,7,fielding,37.0,,,700249,Cade Povich,3,2.19,1.13,2026,,,110,Baltimore Orioles,0,0,
26,0,,,,,2,1,0,1.000,1,1,0,fielding,2.0,,,805672,Collin Price,2,9.00,2.00,2026,,,117,Houston Astros,0,0,
27,5,,,,,8,0,0,1.000,2,2,2,fielding,15.0,,,693409,César Prieto,3,4.80,4.00,2026,,,138,St. Louis Cardinals,0,0,
27,11,,,,,14,1,0,1.000,8,8,7,fielding,57.0,,,693409,César Prieto,3,2.21,1.75,2026,,,138,St. Louis Cardinals,0,0,
27,1,,,,,1,0,0,1.000,2,2,1,fielding,8.0,,,693409,César Prieto,0,1.13,0.50,2026,,,138,St. Louis Cardinals,0,0,
28,1,,,,,1,0,0,1.000,6,6,0,fielding,7.0,,,690155,Matt Pushard,0,1.29,0.17,2026,,,138,St. Louis Cardinals,0,0,
30,8,,,,,10,1,0,1.000,40,40,2,fielding,45.1,,,672335,Cionel Pérez,2,2.00,0.25,2026,,,121,New York Mets,0,0,
26,0,,,,,23,0,0,1.000,15,15,10,fielding,82.2,,,672761,Wenceel Pérez,23,2.52,1.53,2026,,,116,Detroit Tigers,0,0,
31,8,,,,,16,1,0,1.000,32,32,15,fielding,110.0,,,615698,Cal Quantrill,8,1.31,0.50,2026,,,140,Texas Rangers,0,0,
23,0,10.50,0,0,.000,9,0,0,1.000,1,1,1,fielding,6.0,0,0,691620,Jeferson Quero,9,13.50,9.00,2026,1.000,1,158,Milwaukee Brewers,0,0,0
28,0,,,,,1,0,0,1.000,8,8,8,fielding,35.1,,,666142,Cole Ragans,1,0.26,0.13,2026,,,118,Kansas City Royals,0,0,
38,6,,,,,11,0,0,1.000,61,61,0,fielding,52.2,,,548384,Brooks Raley,5,1.90,0.18,2026,,,143,Philadelphia Phillies,0,0,
31,0,,,,,5,0,0,1.000,4,4,2,fielding,22.0,,,670042,Luke Raley,5,2.05,1.25,2026,,,136,Seattle Mariners,0,0,
31,1,,,,,107,1,0,1.000,78,78,64,fielding,529.1,,,670042,Luke Raley,106,1.82,1.37,2026,,,136,Seattle Mariners,0,0,
28,3,,,,,6,0,0,1.000,16,16,1,fielding,17.1,,,667652,Jack Ralston,3,3.18,0.38,2026,,,146,Miami Marlins,0,0,
26,3,,,,,140,0,0,1.000,85,85,80,fielding,712.1,,,671218,Heliot Ramos,137,1.77,1.65,2026,,,147,New York Yankees,0,0,
22,1,,,,,10,1,0,1.000,4,4,1,fielding,13.0,,,699393,Pedro Ramírez,9,6.92,2.50,2026,,,112,Chicago Cubs,0,0,
28,0,,,,,1,0,0,1.000,7,7,3,fielding,26.0,,,660604,Alan Rangel,1,0.35,0.14,2026,,,143,Philadelphia Phillies,0,0,
30,1,,,,,1,0,0,1.000,4,4,0,fielding,5.2,,,688497,Taylor Rashi,0,1.80,0.25,2026,,,133,Athletics,0,0,
30,6,,,,,18,2,0,1.000,30,30,30,fielding,172.0,,,656876,Drew Rasmussen,12,0.94,0.60,2026,,,139,Tampa Bay Rays,0,0,
28,1,,,,,15,0,0,1.000,8,8,7,fielding,57.0,,,670231,John Rave,14,2.37,1.88,2026,,,118,Kansas City Royals,0,0,
35,0,,,,,2,0,0,1.000,4,4,2,fielding,18.0,,,608701,Rob Refsnyder,2,1.00,0.50,2026,,,136,Seattle Mariners,0,0,
35,1,,,,,18,0,0,1.000,17,17,8,fielding,82.0,,,608701,Rob Refsnyder,17,1.98,1.06,2026,,,136,Seattle Mariners,0,0,
29,1,,,,,16,2,0,1.000,3,3,2,fielding,15.1,,,650859,Luis Rengifo,15,9.60,5.33,2026,,,158,Milwaukee Brewers,0,0,
25,1,,,,,23,1,0,1.000,4,4,2,fielding,28.0,,,694025,Felix Reyes,22,7.39,5.75,2026,,,143,Philadelphia Phillies,0,0,
25,0,,,,,7,0,0,1.000,7,7,7,fielding,54.0,,,694025,Felix Reyes,7,1.17,1.00,2026,,,143,Philadelphia Phillies,0,0,
25,1,,,,,3,0,0,1.000,1,1,1,fielding,8.0,,,694025,Felix Reyes,2,3.38,3.00,2026,,,143,Philadelphia Phillies,0,0,
31,0,,,,,33,0,0,1.000,37,37,13,fielding,152.0,,,668804,Bryan Reynolds,33,1.95,0.89,2026,,,134,Pittsburgh Pirates,0,0,
33,2,,,,,5,0,0,1.000,54,54,0,fielding,83.0,,,670950,Trevor Richards,3,0.54,0.09,2026,,,145,Chicago White Sox,0,0,
24,0,,,,,1,0,0,1.000,3,3,0,fielding,2.1,,,684516,Hancel Rincon,1,4.50,0.33,2026,,,138,St. Louis Cardinals,0,0,
25,0,,,,,48,0,0,1.000,27,27,26,fielding,200.0,,,687282,Gabriel Rincones Jr.,48,2.16,1.78,2026,,,143,Philadelphia Phillies,0,0,
25,17,,,,,19,1,0,1.000,10,10,3,fielding,34.0,,,690022,Ryan Ritter,2,5.03,1.90,2026,,,115,Colorado Rockies,0,0,
25,0,,,,,1,0,0,1.000,1,1,0,fielding,2.0,,,690022,Ryan Ritter,1,4.50,1.00,2026,,,115,Colorado Rockies,0,0,
25,4,,,,,7,2,0,1.000,3,3,2,fielding,19.0,,,690022,Ryan Ritter,3,3.32,2.33,2026,,,115,Colorado Rockies,0,0,
27,1,,,,,1,0,0,1.000,7,7,0,fielding,8.2,,,685005,Christian Roa,0,1.13,0.14,2026,,,117,Houston Astros,0,0,
28,1,,,,,12,0,0,1.000,9,9,8,fielding,73.2,,,673357,Luis Robert Jr.,11,1.48,1.33,2026,,,110,Baltimore Orioles,0,0,
28,0,,,,,108,0,0,1.000,48,48,44,fielding,399.1,,,673357,Luis Robert Jr.,108,2.44,2.25,2026,,,110,Baltimore Orioles,0,0,
28,1,,,,,7,1,0,1.000,23,23,0,fielding,25.2,,,681799,Ethan Roberts,6,2.52,0.30,2026,,,112,Chicago Cubs,0,0,
31,2,4.88,0,1,.250,51,0,0,1.000,7,7,6,fielding,59.0,1,0,642020,Chuckie Robinson,49,7.78,7.29,2026,.750,3,119,Los Angeles Dodgers,0,0,0
29,0,,,,,10,0,0,1.000,8,8,5,fielding,49.0,,,645302,Victor Robles,10,1.84,1.25,2026,,,136,Seattle Mariners,0,0,
26,12,,,,,14,1,0,1.000,30,30,27,fielding,148.0,,,677958,Kumar Rocker,2,0.85,0.47,2026,,,140,Texas Rangers,0,0,
26,3,,,,,4,0,0,1.000,1,1,1,fielding,9.0,,,801126,Brock Rodden,1,4.00,4.00,2026,,,136,Seattle Mariners,0,0,
26,1,,,,,35,0,0,1.000,25,25,20,fielding,175.0,,,702176,Alan Roden,34,1.80,1.40,2026,,,142,Minnesota Twins,0,0,
24,1,,,,,2,0,0,1.000,4,4,0,fielding,9.1,,,692230,Carlos Rodriguez,1,2.00,0.50,2026,,,158,Milwaukee Brewers,0,0,
33,13,,,,,14,0,0,1.000,32,32,32,fielding,189.2,,,593958,Eduardo Rodriguez,1,0.67,0.44,2026,,,109,Arizona Diamondbacks,0,0,
23,0,,,,,19,0,0,1.000,9,9,8,fielding,75.2,,,691181,Emmanuel Rodriguez,19,2.28,2.11,2026,,,142,Minnesota Twins,0,0,
23,1,,,,,14,0,0,1.000,5,5,4,fielding,37.0,,,691181,Emmanuel Rodriguez,13,3.41,2.80,2026,,,142,Minnesota Twins,0,0,
26,3,,,,,12,2,0,1.000,20,20,20,fielding,98.2,,,680570,Grayson Rodriguez,9,1.10,0.60,2026,,,108,Los Angeles Angels,0,0,
24,1,,,,,2,1,0,1.000,2,2,0,fielding,3.0,,,683679,Jesus Rodriguez,1,6.00,1.00,2026,,,137,San Francisco Giants,0,0,
24,0,,,,,2,0,0,1.000,3,3,2,fielding,14.0,,,683679,Jesus Rodriguez,2,1.29,0.67,2026,,,137,San Francisco Giants,0,0,
24,0,,,,,5,0,0,1.000,3,3,1,fielding,14.0,,,683679,Jesus Rodriguez,5,3.21,1.67,2026,,,137,San Francisco Giants,0,0,
22,2,,,,,3,0,0,1.000,6,6,6,fielding,26.2,,,695684,Elmer Rodríguez,1,1.04,0.50,2026,,,147,New York Yankees,0,0,
26,1,,,,,23,3,0,1.000,4,4,3,fielding,26.0,,,682848,Endy Rodríguez,22,7.96,5.75,2026,,,134,Pittsburgh Pirates,0,0,
22,0,,,,,2,0,0,1.000,1,1,1,fielding,8.0,,,699302,Héctor Rodríguez,2,2.25,2.00,2026,,,113,Cincinnati Reds,0,0,
26,0,,,,,1,0,0,1.000,3,3,3,fielding,21.0,,,671286,Johnathan Rodríguez,1,0.43,0.33,2026,,,110,Baltimore Orioles,0,0,
24,0,,,,,1,0,0,1.000,4,4,0,fielding,4.2,,,692064,José Rodríguez,1,2.25,0.25,2026,,,141,Toronto Blue Jays,0,0,
31,18,3.69,0,11,.250,415,2,0,1.000,57,57,49,fielding,429.1,2,2,668670,Jake Rogers,397,8.71,7.28,2026,.750,33,145,Chicago White Sox,0,0,21
35,16,,,,,21,1,0,1.000,74,74,0,fielding,71.0,,,643511,Tyler Rogers,5,2.66,0.28,2026,,,141,Toronto Blue Jays,0,0,
32,1,,,,,2,0,0,1.000,3,3,1,fielding,8.0,,,668942,Josh Rojas,1,2.25,0.67,2026,,,118,Kansas City Royals,0,0,
32,10,,,,,17,6,0,1.000,5,5,2,fielding,17.0,,,668942,Josh Rojas,7,9.00,3.40,2026,,,118,Kansas City Royals,0,0,
37,1,,,,,16,0,0,1.000,4,4,0,fielding,15.0,,,500743,Miguel Rojas,15,9.60,4.00,2026,,,119,Los Angeles Dodgers,0,0,
37,81,,,,,135,16,0,1.000,49,49,36,fielding,302.1,,,500743,Miguel Rojas,54,4.02,2.76,2026,,,119,Los Angeles Dodgers,0,0,
37,8,,,,,9,0,0,1.000,9,9,4,fielding,41.0,,,500743,Miguel Rojas,1,1.98,1.00,2026,,,119,Los Angeles Dodgers,0,0,
28,8,,,,,12,1,0,1.000,60,60,2,fielding,63.0,,,669020,Ryan Rolison,4,1.71,0.20,2026,,,112,Chicago Cubs,0,0,
26,3,,,,,3,0,0,1.000,18,18,0,fielding,17.2,,,680723,Drew Rom,0,1.59,0.17,2026,,,133,Athletics,0,0,
33,2,,,,,2,0,0,1.000,38,38,0,fielding,33.2,,,605447,Jordan Romano,0,0.55,0.05,2026,,,115,Colorado Rockies,0,0,
29,2,,,,,4,0,0,1.000,55,55,0,fielding,56.1,,,668941,JoJo Romero,2,0.64,0.07,2026,,,158,Milwaukee Brewers,0,0,
24,0,,,,,1,0,0,1.000,1,1,0,fielding,1.0,,,691011,Drew Romo,1,9.00,1.00,2026,,,145,Chicago White Sox,0,0,
31,0,,,,,1,0,0,1.000,1,1,1,fielding,9.0,,,667670,Brent Rooker,1,1.00,1.00,2026,,,133,Athletics,0,0,
31,0,,,,,4,0,0,1.000,3,3,3,fielding,23.0,,,667670,Brent Rooker,4,1.57,1.33,2026,,,133,Athletics,0,0,
28,5,3.31,0,3,.250,104,0,0,1.000,15,15,9,fielding,84.1,1,0,666163,Ben Rortvedt,99,11.14,6.93,2026,.750,9,119,Los Angeles Dodgers,0,0,3
30,0,,,,,2,0,0,1.000,4,4,0,fielding,6.1,,,642708,Amed Rosario,2,3.00,0.50,2026,,,147,New York Yankees,0,0,
30,0,,,,,4,0,0,1.000,5,5,1,fielding,22.2,,,642708,Amed Rosario,4,1.64,0.80,2026,,,147,New York Yankees,0,0,
25,1,,,,,1,0,0,1.000,2,2,0,fielding,2.0,,,805346,Ben Ross,0,4.50,0.50,2026,,,142,Minnesota Twins,0,0,
25,4,,,,,9,1,0,1.000,6,6,5,fielding,40.1,,,805346,Ben Ross,5,2.03,1.50,2026,,,142,Minnesota Twins,0,0,
33,2,,,,,4,1,0,1.000,8,8,0,fielding,11.2,,,605452,Joe Ross,2,3.27,0.50,2026,,,140,Texas Rangers,0,0,
26,0,7.00,0,0,.---,9,0,0,1.000,1,1,1,fielding,9.0,0,0,676566,Shawn Ross,9,9.00,9.00,2026,.---,0,134,Pittsburgh Pirates,0,0,0
27,0,,,,,2,0,0,1.000,4,4,0,fielding,5.1,,,694820,Braxton Roxby,2,3.60,0.50,2026,,,137,San Francisco Giants,0,0,
29,4,,,,,4,0,0,1.000,27,27,0,fielding,38.1,,,688297,Chris Roycroft,0,0.95,0.15,2026,,,133,Athletics,0,0,
27,0,,,,,29,0,0,1.000,25,25,14,fielding,126.0,,,665923,Esteury Ruiz,29,2.07,1.16,2026,,,146,Miami Marlins,0,0,
25,2,,,,,29,0,0,1.000,9,9,2,fielding,32.0,,,687221,Dalton Rushing,27,8.16,3.22,2026,,,119,Los Angeles Dodgers,0,0,
27,1,,,,,1,0,0,1.000,1,1,0,fielding,1.1,,,671131,Jackson Rutledge,0,9.00,1.00,2026,,,120,Washington Nationals,0,0,
30,6,,,,,10,0,0,1.000,27,27,27,fielding,144.2,,,657746,Joe Ryan,4,0.63,0.37,2026,,,142,Minnesota Twins,0,0,
27,1,,,,,1,0,0,1.000,2,2,2,fielding,4.1,,,689981,River Ryan,0,2.25,0.50,2026,,,116,Detroit Tigers,0,0,
27,0,,,,,15,2,0,1.000,3,3,2,fielding,15.0,,,693306,Aaron Sabato,15,9.00,5.00,2026,,,142,Minnesota Twins,0,0,
28,1,,,,,3,0,0,1.000,60,60,0,fielding,48.1,,,681870,Erik Sabrowski,2,0.56,0.05,2026,,,114,Cleveland Guardians,0,0,
24,24,,,,,41,3,0,1.000,11,11,10,fielding,84.0,,,695336,Thomas Saggese,17,4.39,3.73,2026,,,138,St. Louis Cardinals,0,0,
24,11,,,,,17,0,0,1.000,12,12,7,fielding,55.1,,,695336,Thomas Saggese,6,2.78,1.42,2026,,,138,St. Louis Cardinals,0,0,
24,41,,,,,76,16,0,1.000,23,23,18,fielding,167.2,,,695336,Thomas Saggese,35,4.10,3.30,2026,,,138,St. Louis Cardinals,0,0,
24,1,,,,,21,1,0,1.000,15,15,11,fielding,99.0,,,695336,Thomas Saggese,20,1.91,1.40,2026,,,138,St. Louis Cardinals,0,0,
30,1,6.68,0,3,.500,53,0,0,1.000,9,9,7,fielding,62.0,0,0,663967,César Salazar,52,7.69,5.89,2026,.500,3,117,Houston Astros,0,0,3
37,17,,,,,31,1,0,1.000,27,27,27,fielding,162.2,,,519242,Chris Sale,14,1.72,1.15,2026,,,144,Atlanta Braves,0,0,
27,3,,,,,5,0,0,1.000,20,20,1,fielding,20.1,,,701719,Tyler Samaniego,2,2.25,0.25,2026,,,111,Boston Red Sox,0,0,
29,1,,,,,4,0,0,1.000,28,28,0,fielding,29.1,,,676742,Cam Sanders,3,1.24,0.14,2026,,,110,Baltimore Orioles,0,0,
25,2,,,,,4,0,0,1.000,8,8,6,fielding,40.1,,,689818,David Sandlin,2,0.90,0.50,2026,,,145,Chicago White Sox,0,0,
29,2,,,,,2,0,0,1.000,8,8,0,fielding,8.2,,,680704,Nick Sandlin,0,2.25,0.25,2026,,,108,Los Angeles Angels,0,0,
28,1,,,,,1,0,0,1.000,13,13,0,fielding,12.0,,,663485,Cole Sands,0,0.75,0.08,2026,,,142,Minnesota Twins,0,0,
23,1,,,,,1,0,0,1.000,5,5,0,fielding,4.2,,,691594,Javier Sanoja,0,2.25,0.20,2026,,,146,Miami Marlins,0,0,
23,12,,,,,22,3,0,1.000,11,11,7,fielding,64.1,,,691594,Javier Sanoja,10,3.09,2.00,2026,,,146,Miami Marlins,0,0,
23,0,,,,,9,0,0,1.000,10,10,5,fielding,51.0,,,691594,Javier Sanoja,9,1.59,0.90,2026,,,146,Miami Marlins,0,0,
23,1,,,,,17,0,0,1.000,14,14,6,fielding,50.1,,,691594,Javier Sanoja,16,3.06,1.21,2026,,,146,Miami Marlins,0,0,
23,0,,,,,3,0,0,1.000,10,10,0,fielding,15.1,,,695001,Alimber Santa,3,1.80,0.30,2026,,,117,Houston Astros,0,0,
29,5,,,,,7,0,0,1.000,44,44,0,fielding,40.2,,,663574,Tony Santillan,2,1.58,0.16,2026,,,113,Cincinnati Reds,0,0,
26,1,,,,,1,0,0,1.000,3,3,0,fielding,5.0,,,666619,Gregory Santos,0,1.80,0.33,2026,,,137,San Francisco Giants,0,0,
33,1,,,,,2,0,0,1.000,28,28,0,fielding,21.1,,,642048,Tayler Saucedo,1,0.86,0.07,2026,,,108,Los Angeles Angels,0,0,
27,7,,,,,9,0,0,1.000,7,7,3,fielding,35.0,,,669477,Casey Schmitt,2,2.31,1.29,2026,,,137,San Francisco Giants,0,0,
27,0,,,,,63,0,0,1.000,30,30,29,fielding,231.2,,,669477,Casey Schmitt,63,2.45,2.10,2026,,,137,San Francisco Giants,0,0,
29,30,,,,,52,11,0,1.000,14,14,10,fielding,94.0,,,682177,Daniel Schneemann,22,4.98,3.71,2026,,,114,Cleveland Guardians,0,0,
29,45,,,,,64,1,0,1.000,34,34,28,fielding,253.2,,,682177,Daniel Schneemann,19,2.28,1.88,2026,,,114,Cleveland Guardians,0,0,
29,15,,,,,22,1,0,1.000,6,6,5,fielding,44.0,,,682177,Daniel Schneemann,7,4.50,3.67,2026,,,114,Cleveland Guardians,0,0,
29,0,,,,,1,0,0,1.000,1,1,0,fielding,1.0,,,682177,Daniel Schneemann,1,9.00,1.00,2026,,,114,Cleveland Guardians,0,0,
29,0,,,,,2,0,0,1.000,3,3,1,fielding,14.0,,,682177,Daniel Schneemann,2,1.29,0.67,2026,,,114,Cleveland Guardians,0,0,
27,2,,,,,51,1,0,1.000,53,53,31,fielding,281.0,,,676914,Davis Schneider,49,1.63,0.96,2026,,,141,Toronto Blue Jays,0,0,
32,6,,,,,7,0,0,1.000,12,12,2,fielding,47.2,,,669947,Jesse Scholtens,1,1.34,0.58,2026,,,139,Tampa Bay Rays,0,0,
32,7,,,,,8,0,0,1.000,66,66,0,fielding,60.1,,,670167,John Schreiber,1,1.20,0.12,2026,,,147,New York Yankees,0,0,
29,2,,,,,3,0,0,1.000,1,1,1,fielding,6.0,,,680474,Max Schuemann,1,4.50,3.00,2026,,,147,New York Yankees,0,0,
29,1,,,,,17,0,0,1.000,17,17,8,fielding,83.0,,,680474,Max Schuemann,16,1.84,1.00,2026,,,147,New York Yankees,0,0,
29,0,,,,,9,0,0,1.000,5,5,4,fielding,29.1,,,680474,Max Schuemann,9,2.79,1.80,2026,,,147,New York Yankees,0,0,
29,0,,,,,13,0,0,1.000,12,12,5,fielding,56.0,,,680474,Max Schuemann,13,2.09,1.08,2026,,,147,New York Yankees,0,0,
28,2,,,,,3,0,0,1.000,27,27,1,fielding,32.1,,,687606,Paxton Schultz,1,0.84,0.11,2026,,,120,Washington Nationals,0,0,
33,0,,,,,5,0,0,1.000,2,2,2,fielding,17.0,,,656941,Kyle Schwarber,5,2.65,2.50,2026,,,143,Philadelphia Phillies,0,0,
25,3,,,,,4,0,0,1.000,18,18,0,fielding,37.1,,,805326,Tyler Schweitzer,1,0.97,0.22,2026,,,145,Chicago White Sox,0,0,
27,4,,,,,11,0,0,1.000,23,23,23,fielding,110.0,,,681035,Christian Scott,7,0.90,0.48,2026,,,121,New York Mets,0,0,
31,4,,,,,5,1,0,1.000,69,69,0,fielding,63.2,,,656945,Tanner Scott,1,0.71,0.07,2026,,,119,Los Angeles Dodgers,0,0,
25,0,,,,,8,0,0,1.000,12,12,1,fielding,26.1,,,687363,Victor Scott II,8,2.77,0.67,2026,,,138,St. Louis Cardinals,0,0,
25,0,,,,,1,0,0,1.000,4,4,0,fielding,7.0,,,687363,Victor Scott II,1,1.29,0.25,2026,,,138,St. Louis Cardinals,0,0,
30,4,,,,,7,0,0,1.000,21,21,0,fielding,24.0,,,657756,Connor Seabold,3,2.63,0.33,2026,,,118,Kansas City Royals,0,0,
23,2,,,,,2,0,0,1.000,6,6,3,fielding,19.0,,,808825,Andrew Sears,0,0.95,0.33,2026,,,116,Detroit Tigers,0,0,
30,1,,,,,1,0,0,1.000,8,8,6,fielding,32.2,,,676664,JP Sears,0,0.28,0.13,2026,,,135,San Diego Padres,0,0,
33,6,,,,,13,0,0,1.000,31,31,8,fielding,61.1,,,673540,Kodai Senga,7,1.92,0.42,2026,,,121,New York Mets,0,0,
24,30,,,,,39,3,0,1.000,17,17,9,fielding,93.1,,,691858,Jared Serna,9,3.77,2.29,2026,,,146,Miami Marlins,0,0,
32,10,,,,,15,1,0,1.000,12,12,12,fielding,62.2,,,622663,Luis Severino,5,2.18,1.25,2026,,,133,Athletics,0,0,
24,0,,,,,7,1,0,1.000,2,2,1,fielding,10.0,,,807713,Matt Shaw,7,6.30,3.50,2026,,,112,Chicago Cubs,0,0,
24,12,,,,,16,3,0,1.000,9,9,7,fielding,55.0,,,807713,Matt Shaw,4,2.62,1.78,2026,,,112,Chicago Cubs,0,0,
24,0,,,,,4,0,0,1.000,4,4,1,fielding,16.1,,,807713,Matt Shaw,4,2.25,1.00,2026,,,112,Chicago Cubs,0,0,
24,0,,,,,3,0,0,1.000,1,1,1,fielding,7.0,,,807713,Matt Shaw,3,3.86,3.00,2026,,,112,Chicago Cubs,0,0,
24,1,,,,,54,0,0,1.000,30,30,23,fielding,209.2,,,807713,Matt Shaw,53,2.33,1.80,2026,,,112,Chicago Cubs,0,0,
26,3,,,,,7,0,0,1.000,23,23,22,fielding,112.1,,,686218,Emmet Sheehan,4,0.56,0.30,2026,,,119,Los Angeles Dodgers,0,0,
30,41,,,,,282,35,0,1.000,43,43,38,fielding,332.0,,,657757,Gavin Sheets,241,7.64,6.56,2026,,,135,San Diego Padres,0,0,
30,1,,,,,62,0,0,1.000,38,38,33,fielding,273.0,,,657757,Gavin Sheets,61,2.04,1.63,2026,,,135,San Diego Padres,0,0,
30,0,,,,,7,0,0,1.000,4,4,3,fielding,22.0,,,657757,Gavin Sheets,7,2.86,1.75,2026,,,135,San Diego Padres,0,0,
28,21,,,,,26,0,0,1.000,14,14,6,fielding,61.0,,,669699,Braden Shewmake,5,3.84,1.86,2026,,,158,Milwaukee Brewers,0,0,
31,9,,,,,18,1,0,1.000,4,4,3,fielding,25.0,,,670097,Zack Short,9,6.48,4.50,2026,,,121,New York Mets,0,0,
29,2,,,,,4,0,0,1.000,46,46,0,fielding,53.2,,,663767,Chase Shugart,2,0.68,0.09,2026,,,143,Philadelphia Phillies,0,0,
26,0,,,,,1,0,0,1.000,1,1,0,fielding,3.0,,,672279,Michael Siani,1,3.00,1.00,2026,,,110,Baltimore Orioles,0,0,
26,6,,,,,9,0,0,1.000,73,73,0,fielding,60.0,,,681217,Chase Silseth,3,1.35,0.12,2026,,,140,Texas Rangers,0,0,
26,0,,,,,1,0,0,1.000,1,1,0,fielding,3.0,,,682927,Ronny Simon,1,3.00,1.00,2026,,,134,Pittsburgh Pirates,0,0,
25,0,,,,,4,0,0,1.000,2,2,2,fielding,16.0,,,802415,Chandler Simpson,4,2.25,2.00,2026,,,139,Tampa Bay Rays,0,0,
28,0,,,,,1,0,0,1.000,8,8,0,fielding,7.1,,,681006,Josh Simpson,1,1.29,0.13,2026,,,136,Seattle Mariners,0,0,
32,0,,,,,1,0,0,1.000,9,9,0,fielding,10.0,,,608371,Lucas Sims,1,0.90,0.11,2026,,,145,Chicago White Sox,0,0,
27,1,,,,,1,0,0,1.000,11,11,0,fielding,11.0,,,695378,Jack Sinclair,0,0.82,0.09,2026,,,120,Washington Nationals,0,0,
30,3,,,,,69,0,0,1.000,40,40,26,fielding,255.1,,,642350,Jose Siri,66,2.44,1.73,2026,,,108,Los Angeles Angels,0,0,
30,0,,,,,17,0,0,1.000,5,5,5,fielding,40.0,,,642350,Jose Siri,17,3.83,3.40,2026,,,108,Los Angeles Angels,0,0,
29,8,,,,,8,0,0,1.000,41,41,0,fielding,44.2,,,681895,Evan Sisk,0,1.64,0.20,2026,,,134,Pittsburgh Pirates,0,0,
29,13,,,,,14,0,0,1.000,26,26,26,fielding,158.2,,,669373,Tarik Skubal,1,0.80,0.54,2026,,,119,Los Angeles Dodgers,0,0,
33,0,,,,,2,0,0,1.000,5,5,2,fielding,21.0,,,596103,Austin Slater,2,0.86,0.40,2026,,,139,Tampa Bay Rays,0,0,
33,2,,,,,22,0,0,1.000,16,16,14,fielding,109.0,,,596103,Austin Slater,20,1.82,1.38,2026,,,139,Tampa Bay Rays,0,0,
36,2,,,,,2,0,0,1.000,13,13,1,fielding,17.0,,,572143,Burch Smith,0,1.06,0.15,2026,,,116,Detroit Tigers,0,0,
27,1,,,,,6,1,0,1.000,69,69,0,fielding,74.0,,,671922,Cade Smith,5,0.73,0.09,2026,,,114,Cleveland Guardians,0,0,
23,0,,,,,1,0,0,1.000,1,1,0,fielding,2.0,,,701358,Cam Smith,1,4.50,1.00,2026,,,117,Houston Astros,0,0,
31,0,,,,,10,0,0,1.000,6,6,0,fielding,12.0,,,642086,Dominic Smith,10,7.50,1.67,2026,,,144,Atlanta Braves,0,0,
31,0,,,,,1,0,0,1.000,1,1,1,fielding,5.0,,,642086,Dominic Smith,1,1.80,1.00,2026,,,144,Atlanta Braves,0,0,
26,2,,,,,5,0,0,1.000,42,42,0,fielding,39.2,,,681916,Dylan Smith,3,1.15,0.12,2026,,,137,San Francisco Giants,0,0,
22,2,,,,,4,0,0,1.000,18,18,1,fielding,28.0,,,696146,Hagen Smith,2,1.29,0.22,2026,,,145,Chicago White Sox,0,0,
28,1,,,,,9,0,0,1.000,1,1,1,fielding,9.0,,,669701,Josh Smith,8,9.00,9.00,2026,,,140,Texas Rangers,0,0,
28,16,,,,,31,1,0,1.000,18,18,10,fielding,105.2,,,669701,Josh Smith,15,2.66,1.72,2026,,,141,Toronto Blue Jays,0,0,
28,0,,,,,13,0,0,1.000,16,16,9,fielding,78.2,,,669701,Josh Smith,13,1.50,0.81,2026,,,141,Toronto Blue Jays,0,0,
23,1,,,,,2,1,0,1.000,9,9,5,fielding,31.1,,,700363,AJ Smith-Shawver,1,0.58,0.22,2026,,,144,Atlanta Braves,0,0,
33,3,,,,,4,0,0,1.000,9,9,9,fielding,42.2,,,605483,Blake Snell,1,0.86,0.44,2026,,,119,Los Angeles Dodgers,0,0,
22,1,,,,,1,0,0,1.000,1,1,1,fielding,5.0,,,702281,Robby Snelling,0,1.80,1.00,2026,,,146,Miami Marlins,0,0,
28,80,,,,,141,22,0,1.000,39,39,37,fielding,302.0,,,686765,Nick Sogard,61,4.20,3.62,2026,,,111,Boston Red Sox,0,0,
28,5,,,,,12,1,0,1.000,5,5,4,fielding,33.0,,,686765,Nick Sogard,7,3.27,2.40,2026,,,111,Boston Red Sox,0,0,
34,1,,,,,11,0,0,1.000,9,9,9,fielding,67.0,,,624585,Jorge Soler,10,1.48,1.22,2026,,,108,Los Angeles Angels,0,0,
25,6,,,,,9,2,0,1.000,43,43,0,fielding,39.2,,,805427,Drew Sommers,3,2.08,0.21,2026,,,116,Detroit Tigers,0,0,
29,54,,,,,84,14,0,1.000,34,34,17,fielding,179.0,,,823550,Sung-Mun Song,30,4.22,2.47,2026,,,135,San Diego Padres,0,0,
29,17,,,,,21,1,0,1.000,16,16,10,fielding,94.1,,,823550,Sung-Mun Song,4,2.01,1.31,2026,,,135,San Diego Padres,0,0,
27,3,,,,,10,0,0,1.000,70,70,0,fielding,66.0,,,666277,George Soriano,7,1.36,0.14,2026,,,138,St. Louis Cardinals,0,0,
27,21,,,,,39,3,0,1.000,32,32,32,fielding,177.1,,,667755,José Soriano,18,1.98,1.22,2026,,,141,Toronto Blue Jays,0,0,
30,2,,,,,45,1,0,1.000,32,32,24,fielding,182.0,,,624641,Edmundo Sosa,43,2.23,1.41,2026,,,143,Philadelphia Phillies,0,0,
26,2,,,,,79,8,0,1.000,12,12,9,fielding,86.0,,,672820,Lenyn Sosa,77,8.27,6.58,2026,,,141,Toronto Blue Jays,0,0,
26,27,,,,,51,6,0,1.000,14,14,13,fielding,103.0,,,672820,Lenyn Sosa,24,4.46,3.64,2026,,,141,Toronto Blue Jays,0,0,
31,8,,,,,11,0,0,1.000,69,69,0,fielding,67.0,,,642397,Gregory Soto,3,1.48,0.16,2026,,,134,Pittsburgh Pirates,0,0,
31,1,,,,,1,0,0,1.000,35,35,1,fielding,30.0,,,656986,Bennett Sousa,0,0.30,0.03,2026,,,117,Houston Astros,0,0,
31,2,,,,,5,1,0,1.000,54,54,0,fielding,46.0,,,642100,Gabe Speier,3,0.98,0.09,2026,,,136,Seattle Mariners,0,0,
28,1,,,,,1,0,0,1.000,3,3,1,fielding,9.1,,,687765,Mitch Spence,0,1.00,0.33,2026,,,118,Kansas City Royals,0,0,
36,0,,,,,3,0,0,1.000,2,2,2,fielding,16.0,,,543807,George Springer,3,1.69,1.50,2026,,,141,Toronto Blue Jays,0,0,
33,18,,,,,21,2,0,1.000,29,29,29,fielding,142.2,,,605488,Jeffrey Springs,3,1.33,0.72,2026,,,133,Athletics,0,0,
28,1,,,,,1,0,0,1.000,6,6,0,fielding,14.0,,,668831,Garrett Stallings,0,0.64,0.17,2026,,,158,Milwaukee Brewers,0,0,
34,3,,,,,8,0,0,1.000,70,70,0,fielding,62.2,,,592773,Ryne Stanek,5,1.16,0.11,2026,,,138,St. Louis Cardinals,0,0,
28,0,,,,,3,0,0,1.000,2,2,2,fielding,15.0,,,668715,Spencer Steer,3,1.80,1.50,2026,,,113,Cincinnati Reds,0,0,
30,12,,,,,21,3,0,1.000,9,9,4,fielding,40.0,,,683021,Michael Stefanic,9,4.73,2.33,2026,,,133,Athletics,0,0,
30,0,,,,,1,0,0,1.000,1,1,0,fielding,2.0,,,683021,Michael Stefanic,1,4.50,1.00,2026,,,133,Athletics,0,0,
27,17,,,,,24,4,0,1.000,13,13,7,fielding,63.0,,,677060,Chad Stevens,7,3.43,1.85,2026,,,115,Colorado Rockies,0,0,
27,0,,,,,1,0,0,1.000,4,4,1,fielding,12.0,,,677060,Chad Stevens,1,0.75,0.25,2026,,,115,Colorado Rockies,0,0,
34,3,,,,,8,0,0,1.000,28,28,1,fielding,26.2,,,592779,Brock Stewart,5,2.77,0.29,2026,,,119,Los Angeles Dodgers,0,0,
36,3,,,,,6,0,0,1.000,8,8,7,fielding,30.1,,,476594,Robert Stock,3,1.80,0.75,2026,,,121,New York Mets,0,0,
28,0,,,,,25,0,0,1.000,21,21,11,fielding,102.0,,,669065,Kyle Stowers,25,2.21,1.19,2026,,,146,Miami Marlins,0,0,
34,1,,,,,2,0,0,1.000,41,41,0,fielding,35.2,,,621381,Matt Strahm,1,0.51,0.05,2026,,,118,Kansas City Royals,0,0,
29,1,,,,,2,0,0,1.000,3,3,0,fielding,3.1,,,676702,Hunter Stratton,1,6.00,0.67,2026,,,134,Pittsburgh Pirates,0,0,
31,2,,,,,66,0,0,1.000,74,74,21,fielding,292.1,,,664702,Myles Straw,64,2.03,0.89,2026,,,141,Toronto Blue Jays,0,0,
31,1,,,,,90,0,0,1.000,46,46,35,fielding,302.1,,,664702,Myles Straw,89,2.68,1.96,2026,,,141,Toronto Blue Jays,0,0,
31,0,,,,,41,0,0,1.000,37,37,18,fielding,166.0,,,664702,Myles Straw,41,2.22,1.11,2026,,,141,Toronto Blue Jays,0,0,
27,4,,,,,6,0,0,1.000,8,8,8,fielding,39.0,,,675911,Spencer Strider,2,1.38,0.75,2026,,,144,Atlanta Braves,0,0,
28,1,,,,,1,0,0,1.000,2,2,0,fielding,2.2,,,669704,Kade Strowd,0,4.50,0.50,2026,,,109,Arizona Diamondbacks,0,0,
31,1,,,,,2,0,0,1.000,8,8,0,fielding,14.0,,,657265,Peter Strzelecki,1,1.29,0.25,2026,,,138,St. Louis Cardinals,0,0,
33,0,,,,,1,0,0,1.000,5,5,0,fielding,4.2,,,596117,Garrett Stubbs,1,2.25,0.20,2026,,,143,Philadelphia Phillies,0,0,
33,0,,,,,5,1,0,1.000,4,4,0,fielding,6.0,,,596117,Garrett Stubbs,5,7.50,1.25,2026,,,143,Philadelphia Phillies,0,0,
33,0,,,,,2,0,0,1.000,1,1,1,fielding,8.0,,,596117,Garrett Stubbs,2,2.25,2.00,2026,,,143,Philadelphia Phillies,0,0,
28,2,,,,,5,0,0,1.000,45,45,2,fielding,61.1,,,660761,José Suarez,3,0.74,0.11,2026,,,133,Athletics,0,0,
30,18,,,,,29,4,0,1.000,28,28,28,fielding,148.1,,,624133,Ranger Suarez,11,1.76,1.04,2026,,,111,Boston Red Sox,0,0,
35,6,,,,,10,0,0,1.000,33,33,0,fielding,34.0,,,663158,Robert Suarez,4,2.65,0.30,2026,,,144,Atlanta Braves,0,0,
36,14,,,,,24,0,0,1.000,29,29,29,fielding,154.1,,,608372,Tomoyuki Sugano,10,1.40,0.83,2026,,,115,Colorado Rockies,0,0,
32,2,,,,,3,0,0,1.000,7,7,0,fielding,7.2,,,664954,Brett Sullivan,1,3.86,0.43,2026,,,115,Colorado Rockies,0,0,
32,0,,,,,4,2,0,1.000,3,3,0,fielding,5.0,,,664954,Brett Sullivan,4,7.20,1.33,2026,,,115,Colorado Rockies,0,0,
23,2,,,,,4,0,0,1.000,5,5,5,fielding,22.1,,,807743,Sean Sullivan,2,1.64,0.80,2026,,,115,Colorado Rockies,0,0,
36,5,,,,,8,0,0,1.000,51,51,2,fielding,56.1,,,642121,Cole Sulser,3,1.29,0.16,2026,,,139,Tampa Bay Rays,0,0,
36,7,,,,,13,1,0,1.000,28,28,0,fielding,63.0,,,544150,Albert Suárez,6,1.86,0.46,2026,,,110,Baltimore Orioles,0,0,
27,1,,,,,3,0,0,1.000,41,41,1,fielding,43.1,,,694335,Matt Svanson,2,0.63,0.07,2026,,,138,St. Louis Cardinals,0,0,
28,0,,,,,54,0,0,1.000,43,43,33,fielding,274.2,,,660821,Jesús Sánchez,54,1.77,1.26,2026,,,141,Toronto Blue Jays,0,0,
34,7,,,,,9,0,0,1.000,18,18,18,fielding,86.0,,,592791,Jameson Taillon,2,0.94,0.50,2026,,,141,Toronto Blue Jays,0,0,
27,1,,,,,1,0,0,1.000,1,1,0,fielding,5.0,,,665750,Leody Taveras,0,1.80,1.00,2026,,,110,Baltimore Orioles,0,0,
27,4,,,,,7,0,0,1.000,10,10,3,fielding,33.0,,,694374,Tim Tawa,3,1.91,0.70,2026,,,109,Arizona Diamondbacks,0,0,
24,1,,,,,7,1,0,1.000,60,60,4,fielding,84.0,,,691799,Grant Taylor,6,0.75,0.12,2026,,,145,Chicago White Sox,0,0,
27,4,,,,,8,1,0,1.000,2,2,0,fielding,9.0,,,669392,Samad Taylor,4,8.00,4.00,2026,,,135,San Diego Padres,0,0,
27,0,,,,,10,0,0,1.000,6,6,3,fielding,32.0,,,669392,Samad Taylor,10,2.81,1.67,2026,,,135,San Diego Padres,0,0,
32,0,,,,,14,0,0,1.000,18,18,11,fielding,108.1,,,621438,Tyrone Taylor,14,1.17,0.78,2026,,,112,Chicago Cubs,0,0,
24,15,3.68,0,9,.290,304,0,0,1.000,38,38,32,fielding,288.1,3,0,691019,Kyle Teel,289,9.50,8.00,2026,.710,22,145,Chicago White Sox,0,0,17
25,29,,,,,41,10,0,1.000,21,21,9,fielding,91.0,,,677588,José Tena,12,4.05,1.95,2026,,,120,Washington Nationals,0,0,
25,2,,,,,2,1,0,1.000,2,2,1,fielding,7.2,,,677588,José Tena,0,2.57,1.00,2026,,,120,Washington Nationals,0,0,
25,0,,,,,9,0,0,1.000,15,15,3,fielding,39.0,,,677588,José Tena,9,2.08,0.60,2026,,,120,Washington Nationals,0,0,
25,0,,,,,3,0,0,1.000,3,3,0,fielding,4.0,,,677588,José Tena,3,6.75,1.00,2026,,,120,Washington Nationals,0,0,
27,6,,,,,14,2,0,1.000,30,30,10,fielding,73.2,,,678906,Kai-Wei Teng,8,1.73,0.47,2026,,,117,Houston Astros,0,0,
27,0,,,,,18,0,0,1.000,24,24,12,fielding,107.0,,,669326,Bryce Teodosio,18,1.51,0.75,2026,,,108,Los Angeles Angels,0,0,
27,0,,,,,1,0,0,1.000,2,2,0,fielding,4.0,,,669326,Bryce Teodosio,1,2.25,0.50,2026,,,108,Los Angeles Angels,0,0,
26,1,,,,,95,0,0,1.000,34,34,34,fielding,284.2,,,677950,Alek Thomas,94,3.01,2.79,2026,,,119,Los Angeles Dodgers,0,0,
25,0,,,,,24,0,0,1.000,16,16,8,fielding,76.2,,,687515,Colby Thomas,24,2.84,1.50,2026,,,133,Athletics,0,0,
28,1,,,,,5,0,0,1.000,19,19,0,fielding,25.2,,,671162,Connor Thomas,4,1.80,0.26,2026,,,118,Kansas City Royals,0,0,
30,1,,,,,36,0,0,1.000,26,26,17,fielding,153.0,,,657041,Lane Thomas,35,2.12,1.38,2026,,,144,Atlanta Braves,0,0,
30,3,,,,,28,0,0,1.000,26,26,11,fielding,121.1,,,657041,Lane Thomas,25,2.08,1.08,2026,,,144,Atlanta Braves,0,0,
31,1,,,,,2,0,0,1.000,5,5,0,fielding,12.0,,,624522,Keegan Thompson,1,1.50,0.40,2026,,,115,Colorado Rockies,0,0,
25,0,,,,,6,0,0,1.000,5,5,2,fielding,24.0,,,694514,Sterlin Thompson,6,2.25,1.20,2026,,,115,Colorado Rockies,0,0,
32,2,,,,,2,0,0,1.000,48,48,0,fielding,48.1,,,663423,Trent Thornton,0,0.38,0.04,2026,,,112,Chicago Cubs,0,0,
27,0,,,,,2,0,0,1.000,2,2,2,fielding,8.2,,,669911,Michael Toglia,2,2.25,1.00,2026,,,113,Cincinnati Reds,0,0,
27,0,,,,,4,0,0,1.000,2,2,2,fielding,15.0,,,669911,Michael Toglia,4,2.40,2.00,2026,,,113,Cincinnati Reds,0,0,
28,1,,,,,1,1,0,1.000,5,5,0,fielding,4.2,,,686475,Tyler Tolbert,0,2.25,0.20,2026,,,118,Kansas City Royals,0,0,
28,0,,,,,6,0,0,1.000,10,10,6,fielding,55.2,,,686475,Tyler Tolbert,6,0.98,0.60,2026,,,118,Kansas City Royals,0,0,
28,0,,,,,16,0,0,1.000,9,9,7,fielding,54.0,,,686475,Tyler Tolbert,16,2.67,1.78,2026,,,118,Kansas City Royals,0,0,
28,0,,,,,13,0,0,1.000,16,16,4,fielding,45.2,,,686475,Tyler Tolbert,13,2.60,0.81,2026,,,118,Kansas City Royals,0,0,
27,1,,,,,2,0,0,1.000,15,15,0,fielding,15.1,,,680899,Erik Tolman,1,1.20,0.13,2026,,,120,Washington Nationals,0,0,
30,1,,,,,1,0,0,1.000,2,2,0,fielding,2.1,,,620443,Luis Torrens,0,4.50,0.50,2026,,,121,New York Mets,0,0,
30,0,,,,,2,0,0,1.000,2,2,0,fielding,3.0,,,620443,Luis Torrens,2,6.00,1.00,2026,,,121,New York Mets,0,0,
28,3,,,,,4,1,0,1.000,3,3,1,fielding,9.0,,,663494,Bryan Torres,1,4.00,1.33,2026,,,138,St. Louis Cardinals,0,0,
28,0,,,,,1,0,0,1.000,1,1,0,fielding,1.0,,,663494,Bryan Torres,1,9.00,1.00,2026,,,138,St. Louis Cardinals,0,0,
28,0,,,,,16,0,0,1.000,13,13,10,fielding,74.0,,,666211,Taylor Trammell,16,1.95,1.23,2026,,,117,Houston Astros,0,0,
23,2,,,,,4,0,0,1.000,5,5,0,fielding,12.0,,,701649,James Triantos,2,3.00,0.80,2026,,,112,Chicago Cubs,0,0,
28,3,,,,,28,1,0,1.000,8,8,2,fielding,27.0,,,669707,Jared Triolo,25,9.33,3.50,2026,,,134,Pittsburgh Pirates,0,0,
24,1,,,,,1,1,0,1.000,1,1,0,fielding,1.0,,,694371,Tommy Troy,0,9.00,1.00,2026,,,109,Arizona Diamondbacks,0,0,
24,0,,,,,45,0,0,1.000,30,30,22,fielding,187.2,,,694371,Tommy Troy,45,2.17,1.50,2026,,,109,Arizona Diamondbacks,0,0,
24,0,,,,,36,0,0,1.000,17,17,15,fielding,120.1,,,694371,Tommy Troy,36,2.70,2.12,2026,,,109,Arizona Diamondbacks,0,0,
26,1,,,,,1,0,0,1.000,8,8,0,fielding,12.2,,,814305,Yunior Tur,0,0.75,0.13,2026,,,133,Athletics,0,0,
24,0,,,,,3,0,0,1.000,11,11,2,fielding,16.2,,,699044,Miguel Ullola,3,1.69,0.27,2026,,,117,Houston Astros,0,0,
26,7,,,,,8,0,0,1.000,61,61,0,fielding,59.1,,,682842,Abner Uribe,1,1.22,0.13,2026,,,158,Milwaukee Brewers,0,0,
31,2,,,,,4,1,0,1.000,13,13,1,fielding,36.1,,,664353,José Urquidy,2,1.00,0.31,2026,,,143,Philadelphia Phillies,0,0,
32,12,,,,,15,2,0,1.000,7,7,2,fielding,28.2,,,602104,Ramón Urías,3,4.82,2.14,2026,,,138,St. Louis Cardinals,0,0,
32,0,,,,,1,0,0,1.000,2,2,0,fielding,3.0,,,602104,Ramón Urías,1,3.00,0.50,2026,,,138,St. Louis Cardinals,0,0,
22,0,,,,,1,0,0,1.000,1,1,0,fielding,1.0,,,699013,Esmerlyn Valdez,1,9.00,1.00,2026,,,134,Pittsburgh Pirates,0,0,
22,0,,,,,11,0,0,1.000,7,7,5,fielding,49.0,,,699013,Esmerlyn Valdez,11,2.02,1.57,2026,,,134,Pittsburgh Pirates,0,0,
26,1,,,,,1,0,0,1.000,1,1,0,fielding,1.0,,,680664,Eduardo Valencia,0,9.00,1.00,2026,,,116,Detroit Tigers,0,0,
25,0,,,,,13,0,0,1.000,6,6,6,fielding,47.0,,,671655,George Valera,13,2.49,2.17,2026,,,114,Cleveland Guardians,0,0,
25,0,,,,,4,0,0,1.000,4,4,3,fielding,26.0,,,671655,George Valera,4,1.38,1.00,2026,,,114,Cleveland Guardians,0,0,
27,0,,,,,2,0,0,1.000,5,5,1,fielding,11.2,,,669310,CJ Van Eyk,2,1.64,0.40,2026,,,141,Toronto Blue Jays,0,0,
26,4,,,,,6,0,0,1.000,16,16,0,fielding,19.0,,,672841,Carlos Vargas,2,2.84,0.38,2026,,,136,Seattle Mariners,0,0,
34,32,,,,,464,36,0,1.000,74,74,53,fielding,486.1,,,545121,Ildemaro Vargas,432,8.59,6.27,2026,,,109,Arizona Diamondbacks,0,0,
34,4,,,,,5,0,0,1.000,9,9,1,fielding,25.0,,,545121,Ildemaro Vargas,1,1.80,0.56,2026,,,109,Arizona Diamondbacks,0,0,
26,19,,,,,164,13,0,1.000,32,32,21,fielding,187.2,,,678246,Miguel Vargas,145,7.89,5.13,2026,,,145,Chicago White Sox,0,0,
29,0,,,,,1,0,0,1.000,1,1,1,fielding,9.0,,,662139,Daulton Varsho,1,1.00,1.00,2026,,,117,Houston Astros,0,0,
28,0,,,,,1,0,0,1.000,2,2,0,fielding,3.0,,,683734,Andrew Vaughn,1,3.00,0.50,2026,,,158,Milwaukee Brewers,0,0,
24,0,,,,,2,0,0,1.000,1,1,0,fielding,2.0,,,691728,Zac Veen,2,9.00,2.00,2026,,,115,Colorado Rockies,0,0,
24,0,,,,,16,0,0,1.000,11,11,8,fielding,60.0,,,691728,Zac Veen,16,2.40,1.45,2026,,,115,Colorado Rockies,0,0,
34,0,,,,,1,0,0,1.000,2,2,0,fielding,3.1,,,592826,Vince Velasquez,1,3.00,0.50,2026,,,112,Chicago Cubs,0,0,
31,2,,,,,2,0,0,1.000,1,1,1,fielding,5.0,,,623205,Andrew Velazquez,0,3.60,2.00,2026,,,118,Kansas City Royals,0,0,
31,11,,,,,23,3,0,1.000,6,6,4,fielding,37.2,,,623205,Andrew Velazquez,12,5.59,3.83,2026,,,118,Kansas City Royals,0,0,
27,0,,,,,2,0,0,1.000,4,4,1,fielding,13.1,,,676369,Nelson Velázquez,2,1.38,0.50,2026,,,117,Houston Astros,0,0,
30,2,,,,,4,0,0,1.000,72,72,0,fielding,58.0,,,681911,Alex Vesia,2,0.62,0.06,2026,,,119,Los Angeles Dodgers,0,0,
31,2,,,,,3,0,0,1.000,27,27,0,fielding,26.2,,,676684,Will Vest,1,1.04,0.11,2026,,,116,Detroit Tigers,0,0,
26,2,,,,,2,0,0,1.000,3,3,2,fielding,11.0,,,668901,Mark Vientos,0,1.64,0.67,2026,,,121,New York Mets,0,0,
29,1,,,,,1,0,0,1.000,1,1,0,fielding,1.0,,,663837,Matt Vierling,0,9.00,1.00,2026,,,116,Detroit Tigers,0,0,
29,1,,,,,24,0,0,1.000,24,24,8,fielding,97.1,,,663837,Matt Vierling,23,2.23,1.00,2026,,,116,Detroit Tigers,0,0,
27,1,,,,,2,0,0,1.000,2,2,0,fielding,6.0,,,668723,Ryan Vilade,1,3.00,1.00,2026,,,139,Tampa Bay Rays,0,0,
27,0,,,,,21,0,0,1.000,13,13,10,fielding,89.0,,,668723,Ryan Vilade,21,2.12,1.62,2026,,,139,Tampa Bay Rays,0,0,
27,2,,,,,65,2,0,1.000,40,40,31,fielding,255.0,,,668723,Ryan Vilade,63,2.29,1.63,2026,,,139,Tampa Bay Rays,0,0,
25,1,,,,,1,0,0,1.000,4,4,0,fielding,4.0,,,678391,Jorbit Vivas,0,2.25,0.25,2026,,,120,Washington Nationals,0,0,
26,4,,,,,11,0,0,1.000,53,53,0,fielding,58.2,,,680767,Victor Vodnik,7,1.71,0.21,2026,,,146,Miami Marlins,0,0,
34,1,,,,,1,0,0,1.000,3,3,0,fielding,10.0,,,608723,Austin Voth,0,0.90,0.33,2026,,,142,Minnesota Twins,0,0,
32,13,,,,,62,3,0,1.000,11,11,7,fielding,69.1,,,664774,LaMonte Wade Jr.,49,8.09,5.64,2026,,,117,Houston Astros,0,0,
32,1,,,,,36,0,0,1.000,29,29,25,fielding,176.0,,,664774,LaMonte Wade Jr.,35,1.84,1.24,2026,,,117,Houston Astros,0,0,
32,0,,,,,12,0,0,1.000,8,8,5,fielding,43.0,,,664774,LaMonte Wade Jr.,12,2.51,1.50,2026,,,117,Houston Astros,0,0,
28,1,,,,,2,0,0,1.000,4,4,0,fielding,6.0,,,676572,Eric Wagaman,1,3.00,0.50,2026,,,121,New York Mets,0,0,
28,0,,,,,2,0,0,1.000,1,1,1,fielding,7.0,,,676572,Eric Wagaman,2,2.57,2.00,2026,,,121,New York Mets,0,0,
27,2,,,,,4,0,0,1.000,2,2,1,fielding,10.0,,,695238,Will Wagner,2,3.60,2.00,2026,,,135,San Diego Padres,0,0,
32,3,,,,,10,0,0,1.000,35,35,1,fielding,47.0,,,621097,Jacob Waguespack,7,1.91,0.29,2026,,,116,Detroit Tigers,0,0,
28,2,,,,,2,0,0,1.000,5,5,0,fielding,9.1,,,686610,Ken Waldichuk,0,2.00,0.40,2026,,,120,Washington Nationals,0,0,
24,1,,,,,2,0,0,1.000,3,3,2,fielding,10.2,,,694462,Hurston Waldrep,1,1.80,0.67,2026,,,144,Atlanta Braves,0,0,
29,3,,,,,13,1,0,1.000,17,17,4,fielding,42.2,,,663362,Matt Waldron,10,2.79,0.76,2026,,,120,Washington Nationals,0,0,
30,6,,,,,7,1,0,1.000,33,33,0,fielding,32.2,,,676254,Ryan Walker,1,1.97,0.21,2026,,,137,San Francisco Giants,0,0,
28,2,,,,,11,2,0,1.000,3,3,1,fielding,13.0,,,669899,Ryan Ward,9,7.62,3.67,2026,,,119,Los Angeles Dodgers,0,0,
28,0,,,,,16,0,0,1.000,15,15,15,fielding,103.0,,,669899,Ryan Ward,16,1.40,1.07,2026,,,119,Los Angeles Dodgers,0,0,
27,13,,,,,33,3,0,1.000,32,32,29,fielding,156.0,,,701542,Will Warren,20,1.90,1.03,2026,,,147,New York Yankees,0,0,
23,0,,,,,16,0,0,1.000,8,8,6,fielding,56.2,,,696135,Kahlil Watson,16,2.57,2.00,2026,,,114,Cleveland Guardians,0,0,
28,3,,,,,6,1,0,1.000,53,53,0,fielding,72.0,,,670245,Ryan Watson,3,0.75,0.11,2026,,,108,Los Angeles Angels,0,0,
26,3,,,,,4,0,0,1.000,19,19,1,fielding,23.1,,,694360,Beck Way,1,1.57,0.21,2026,,,118,Kansas City Royals,0,0,
26,15,,,,,17,0,0,1.000,25,25,25,fielding,137.1,,,677960,Ryan Weathers,2,1.12,0.68,2026,,,147,New York Yankees,0,0,
32,5,,,,,11,1,0,1.000,60,60,0,fielding,60.1,,,596133,Luke Weaver,6,1.65,0.18,2026,,,134,Pittsburgh Pirates,0,0,
30,5,,,,,5,0,0,1.000,18,18,0,fielding,17.2,,,676620,Blake Weiman,0,2.65,0.28,2026,,,108,Los Angeles Angels,0,0,
28,3,,,,,5,0,0,1.000,7,7,0,fielding,12.2,,,674073,Jack Weisenburger,2,3.75,0.71,2026,,,121,New York Mets,0,0,
29,3,,,,,5,0,0,1.000,9,9,2,fielding,26.0,,,680802,Ryan Weiss,2,1.73,0.56,2026,,,117,Houston Astros,0,0,
31,4,,,,,5,0,0,1.000,63,63,0,fielding,60.2,,,669711,Greg Weissert,1,0.75,0.08,2026,,,111,Boston Red Sox,0,0,
31,4,,,,,6,0,0,1.000,57,57,0,fielding,72.0,,,669330,Tyler Wells,2,0.75,0.11,2026,,,139,Tampa Bay Rays,0,0,
29,0,,,,,8,1,0,1.000,2,2,1,fielding,8.0,,,673995,Davis Wendzel,8,9.00,4.00,2026,,,134,Pittsburgh Pirates,0,0,
29,1,,,,,1,0,0,1.000,1,1,0,fielding,2.0,,,673995,Davis Wendzel,0,4.50,1.00,2026,,,134,Pittsburgh Pirates,0,0,
28,8,,,,,19,1,0,1.000,11,11,11,fielding,61.0,,,669713,Hayden Wesneski,11,2.80,1.73,2026,,,117,Houston Astros,0,0,
23,27,,,,,36,6,0,1.000,12,12,12,fielding,96.2,,,802139,JJ Wetherholt,9,3.38,3.00,2026,,,138,St. Louis Cardinals,0,0,
36,13,,,,,27,1,0,1.000,28,28,28,fielding,162.0,,,554430,Zack Wheeler,14,1.50,0.96,2026,,,143,Philadelphia Phillies,0,0,
25,2,,,,,2,0,0,1.000,8,8,8,fielding,34.2,,,687931,Carson Whisenhunt,0,0.53,0.25,2026,,,137,San Francisco Giants,0,0,
27,5,,,,,6,1,0,1.000,2,2,1,fielding,11.0,,,694376,Shay Whitcomb,1,4.91,3.00,2026,,,117,Houston Astros,0,0,
27,0,,,,,1,0,0,1.000,1,1,1,fielding,7.0,,,694376,Shay Whitcomb,1,1.29,1.00,2026,,,117,Houston Astros,0,0,
27,1,,,,,15,1,0,1.000,6,6,1,fielding,16.0,,,694376,Shay Whitcomb,14,8.44,2.50,2026,,,137,San Francisco Giants,0,0,
32,1,,,,,29,0,0,1.000,24,24,14,fielding,130.0,,,642201,Eli White,28,2.01,1.21,2026,,,111,Boston Red Sox,0,0,
32,0,,,,,36,0,0,1.000,20,20,13,fielding,123.0,,,642201,Eli White,36,2.63,1.80,2026,,,111,Boston Red Sox,0,0,
32,1,,,,,43,0,0,1.000,37,37,20,fielding,204.0,,,642201,Eli White,42,1.90,1.16,2026,,,111,Boston Red Sox,0,0,
23,8,,,,,176,17,0,1.000,35,35,28,fielding,233.0,,,695720,Tommy White,168,6.80,5.03,2026,,,133,Athletics,0,0,
30,1,,,,,8,0,0,1.000,54,54,0,fielding,52.1,,,676477,Garrett Whitlock,7,1.38,0.15,2026,,,111,Boston Red Sox,0,0,
26,0,,,,,1,0,0,1.000,4,4,2,fielding,10.1,,,696136,Jordan Wicks,1,0.90,0.25,2026,,,112,Chicago Cubs,0,0,
27,0,,,,,17,0,0,1.000,11,11,6,fielding,65.0,,,686894,Joey Wiemer,17,2.35,1.55,2026,,,120,Washington Nationals,0,0,
27,2,,,,,31,0,0,1.000,14,14,11,fielding,103.0,,,686894,Joey Wiemer,29,2.71,2.21,2026,,,120,Washington Nationals,0,0,
26,2,,,,,4,0,0,1.000,23,23,0,fielding,27.0,,,677961,Cole Wilcox,2,1.33,0.17,2026,,,136,Seattle Mariners,0,0,
23,2,,,,,3,0,0,1.000,8,8,6,fielding,27.2,,,683363,Matt Wilkinson,1,1.00,0.38,2026,,,137,San Francisco Giants,0,0,
23,8,,,,,11,1,0,1.000,4,4,3,fielding,23.0,,,700246,Carson Williams,3,4.30,2.75,2026,,,139,Tampa Bay Rays,0,0,
31,0,,,,,1,0,0,1.000,44,44,0,fielding,40.2,,,642207,Devin Williams,1,0.23,0.02,2026,,,121,New York Mets,0,0,
29,0,,,,,1,0,0,1.000,1,1,0,fielding,2.0,,,663897,Luke Williams,1,4.50,1.00,2026,,,144,Atlanta Braves,0,0,
25,1,,,,,1,0,0,1.000,5,5,0,fielding,5.0,,,810938,Ben Williamson,0,1.80,0.20,2026,,,139,Tampa Bay Rays,0,0,
25,3,,,,,4,0,0,1.000,7,7,0,fielding,12.1,,,810938,Ben Williamson,1,3.00,0.57,2026,,,139,Tampa Bay Rays,0,0,
28,5,,,,,7,0,0,1.000,12,12,9,fielding,52.2,,,682227,Brandon Williamson,2,1.21,0.58,2026,,,113,Cincinnati Reds,0,0,
28,2,,,,,4,1,0,1.000,16,16,0,fielding,35.1,,,669060,Bryse Wilson,2,1.03,0.25,2026,,,158,Milwaukee Brewers,0,0,
24,136,,,,,218,28,0,1.000,75,75,75,fielding,637.1,,,805779,Jacob Wilson,82,3.08,2.91,2026,,,133,Athletics,0,0,
31,1,,,,,1,1,0,1.000,4,4,0,fielding,3.1,,,642215,Weston Wilson,0,3.00,0.25,2026,,,136,Seattle Mariners,0,0,
31,4,,,,,16,0,0,1.000,3,3,2,fielding,19.0,,,642215,Weston Wilson,12,7.58,5.33,2026,,,136,Seattle Mariners,0,0,
31,1,,,,,4,0,0,1.000,7,7,3,fielding,32.0,,,642215,Weston Wilson,3,1.13,0.57,2026,,,136,Seattle Mariners,0,0,
27,1,,,,,1,0,0,1.000,2,2,2,fielding,14.0,,,669717,Will Wilson,0,0.64,0.50,2026,,,136,Seattle Mariners,0,0,
26,3,,,,,8,0,0,1.000,51,51,1,fielding,48.0,,,668390,Cole Winn,5,1.50,0.16,2026,,,140,Texas Rangers,0,0,
28,8,,,,,12,1,0,1.000,44,44,0,fielding,43.0,,,676775,Keaton Winn,4,2.51,0.27,2026,,,137,San Francisco Giants,0,0,
34,3,,,,,26,3,0,1.000,6,6,3,fielding,34.0,,,621550,Patrick Wisdom,23,6.88,4.33,2026,,,136,Seattle Mariners,0,0,
29,5,,,,,6,0,0,1.000,60,60,0,fielding,52.1,,,664991,Grant Wolfram,1,1.04,0.10,2026,,,110,Baltimore Orioles,0,0,
29,3,,,,,3,0,0,1.000,19,19,0,fielding,27.2,,,663765,Jake Woodford,0,1.00,0.16,2026,,,139,Tampa Bay Rays,0,0,
33,1,,,,,1,0,0,1.000,9,9,9,fielding,45.1,,,605540,Brandon Woodruff,0,0.20,0.11,2026,,,158,Milwaukee Brewers,0,0,
26,0,,,,,2,0,0,1.000,1,1,0,fielding,3.0,,,669398,Gage Workman,2,6.00,2.00,2026,,,135,San Diego Padres,0,0,
29,1,,,,,4,0,0,1.000,18,18,1,fielding,20.1,,,642376,Jefry Yan,3,1.80,0.22,2026,,,121,New York Mets,0,0,
34,10,,,,,15,0,0,1.000,38,38,2,fielding,63.1,,,642232,Ryan Yarbrough,5,2.14,0.39,2026,,,147,New York Yankees,0,0,
35,3,,,,,83,0,0,1.000,50,50,36,fielding,325.0,,,573262,Mike Yastrzemski,80,2.30,1.66,2026,,,144,Atlanta Braves,0,0,
25,0,,,,,1,0,0,1.000,8,8,1,fielding,11.0,,,678868,Eddy Yean,1,0.82,0.13,2026,,,120,Washington Nationals,0,0,
34,0,,,,,3,0,0,1.000,2,2,1,fielding,11.0,,,592885,Christian Yelich,3,2.45,1.50,2026,,,158,Milwaukee Brewers,0,0,
26,4,,,,,8,0,0,1.000,34,34,0,fielding,38.1,,,684974,Craig Yoho,4,1.89,0.24,2026,,,114,Cleveland Guardians,0,0,
24,0,,,,,6,0,0,1.000,3,3,2,fielding,16.0,,,694377,Nick Yorke,6,3.38,2.00,2026,,,134,Pittsburgh Pirates,0,0,
24,0,,,,,5,0,0,1.000,6,6,1,fielding,24.0,,,694377,Nick Yorke,5,1.88,0.83,2026,,,134,Pittsburgh Pirates,0,0,
32,1,,,,,11,0,0,1.000,7,7,5,fielding,46.0,,,807799,Masataka Yoshida,10,2.15,1.57,2026,,,111,Boston Red Sox,0,0,
32,1,,,,,1,0,0,1.000,16,16,1,fielding,12.1,,,664849,Danny Young,0,0.75,0.06,2026,,,144,Atlanta Braves,0,0,
30,1,,,,,8,0,0,1.000,7,7,2,fielding,24.0,,,676724,Jared Young,7,3.00,1.14,2026,,,121,New York Mets,0,0,
26,3,,,,,4,0,0,1.000,12,12,0,fielding,12.2,,,672582,Angel Zerpa,1,3.00,0.33,2026,,,158,Milwaukee Brewers,0,0,
31,0,,,,,1,0,0,1.000,1,1,0,fielding,5.0,,,669145,Bruce Zimmermann,1,1.80,1.00,2026,,,138,St. Louis Cardinals,0,0,
27,0,,,,,1,0,0,1.000,1,1,0,fielding,1.0,,,670871,Guillo Zuñiga,1,9.00,1.00,2026,,,121,New York Mets,0,0,
37,11,4.17,0,6,.273,232,1,0,1.000,28,28,26,fielding,211.2,0,0,518595,Travis d'Arnaud,221,9.90,8.29,2026,.727,16,108,Los Angeles Angels,0,0,9
38,9,,,,,18,1,0,1.000,31,31,31,fielding,162.2,,,594798,Jacob deGrom,9,1.00,0.58,2026,,,140,Texas Rangers,0,0,
36,102,,,,,1118,76,1,.999,152,152,152,fielding,1289.2,,,518692,Freddie Freeman,1015,7.80,7.35,2026,,,119,Los Angeles Dodgers,0,0,
21,25,3.69,0,12,.261,521,3,1,.998,63,63,60,fielding,517.0,3,2,694212,Samuel Basallo,495,9.05,8.25,2026,.739,34,110,Baltimore Orioles,1,0,16
27,20,3.91,0,11,.289,520,1,1,.998,70,70,63,fielding,557.2,1,0,665804,Miguel Amaya,499,8.39,7.41,2026,.711,27,112,Chicago Cubs,1,0,19
25,10,3.85,0,10,.250,493,1,1,.998,59,59,54,fielding,472.1,7,0,687221,Dalton Rushing,482,9.38,8.34,2026,.750,30,119,Los Angeles Dodgers,1,0,14
22,58,,,,,828,67,2,.998,117,117,110,fielding,948.0,,,701398,Sal Stewart,768,7.84,7.06,2026,,,113,Cincinnati Reds,1,0,
28,264,,,,,408,44,1,.998,116,116,106,fielding,953.1,,,681082,Bryson Stott,143,3.84,3.51,2026,,,143,Philadelphia Phillies,0,0,
27,36,,,,,378,37,1,.997,51,51,45,fielding,406.0,,,694374,Tim Tawa,341,8.36,7.39,2026,,,109,Arizona Diamondbacks,0,0,
35,112,,,,,1083,109,3,.997,154,154,150,fielding,1299.2,,,572233,Christian Walker,968,7.48,7.01,2026,,,117,Houston Astros,1,0,
30,29,3.74,1,17,.386,718,2,2,.997,86,86,74,fielding,673.2,4,1,620443,Luis Torrens,687,9.58,8.33,2026,.614,27,121,New York Mets,0,0,11
35,26,4.12,0,17,.230,711,4,2,.997,80,80,75,fielding,653.0,5,1,543877,Christian Vázquez,683,9.77,8.86,2026,.770,57,117,Houston Astros,2,0,25
28,151,,,,,1373,114,4,.997,160,160,158,fielding,1399.0,,,683737,Michael Busch,1218,8.81,8.56,2026,,,112,Chicago Cubs,1,0,
25,17,3.38,1,8,.151,681,2,2,.997,89,89,77,fielding,690.2,2,0,686948,Drake Baldwin,662,8.86,7.63,2026,.849,45,144,Atlanta Braves,1,0,16
21,27,,,,,340,36,1,.997,41,41,39,fielding,338.2,,,805811,Bryce Eldridge,312,9.03,8.27,2026,,,137,San Francisco Giants,0,0,
26,104,,,,,1291,115,4,.997,156,156,147,fielding,1314.0,,,679529,Spencer Torkelson,1183,8.82,8.25,2026,,,116,Detroit Tigers,2,0,
32,15,4.62,1,13,.169,643,0,2,.997,72,72,70,fielding,610.1,3,0,605170,Victor Caratini,626,9.46,8.90,2026,.831,64,142,Minnesota Twins,1,0,15
31,138,,,,,951,75,3,.997,127,127,116,fielding,1030.1,,,664034,Ty France,810,8.28,7.46,2026,,,135,San Diego Padres,1,0,
28,8,4.90,0,9,.273,317,0,1,.997,50,50,40,fielding,363.2,5,0,686452,Drew Millas,308,7.83,6.32,2026,.727,24,120,Washington Nationals,0,0,17
26,62,,,,,930,77,3,.997,119,119,116,fielding,1029.2,,,808959,Munetaka Murakami,865,8.11,7.79,2026,,,145,Chicago White Sox,0,0,
31,114,,,,,1169,95,4,.997,143,143,142,fielding,1258.0,,,624413,Pete Alonso,1051,8.33,8.15,2026,,,110,Baltimore Orioles,2,0,
31,4,,,,,290,1,1,.997,148,148,148,fielding,1289.1,,,668227,Randy Arozarena,285,2.02,1.95,2026,,,136,Seattle Mariners,0,0,
24,4,4.39,1,2,.125,290,0,1,.997,46,46,34,fielding,311.1,4,0,699625,Jimmy Crooks,285,8.36,6.28,2026,.875,14,138,St. Louis Cardinals,0,0,14
31,9,,,,,289,1,1,.997,150,150,139,fielding,1243.2,,,664023,Ian Happ,279,2.09,1.92,2026,,,112,Chicago Cubs,0,0,
28,11,,,,,282,0,1,.996,136,136,124,fielding,1105.1,,,686555,Isaac Collins,270,2.29,2.07,2026,,,118,Kansas City Royals,0,0,
27,23,3.97,1,11,.159,542,1,2,.996,75,75,63,fielding,539.0,4,0,689414,Liam Hicks,517,9.02,7.20,2026,.841,58,139,Tampa Bay Rays,1,0,19
25,40,,,,,539,40,2,.996,83,83,68,fielding,612.1,,,700932,Kyle Manzardo,497,7.90,6.47,2026,,,114,Cleveland Guardians,0,0,
23,367,,,,,533,76,2,.996,131,131,123,fielding,1101.1,,,802139,JJ Wetherholt,164,4.34,4.05,2026,,,138,St. Louis Cardinals,2,0,
22,2,,,,,252,0,1,.996,146,146,123,fielding,1113.1,,,702222,Justin Crawford,249,2.03,1.72,2026,,,143,Philadelphia Phillies,0,0,
26,34,3.75,1,14,.250,747,6,3,.996,104,104,99,fielding,886.0,2,4,672515,Gabriel Moreno,710,7.56,7.15,2026,.750,42,109,Arizona Diamondbacks,2,0,19
31,7,3.94,1,4,.211,245,1,1,.996,32,32,32,fielding,278.2,2,0,669221,Sean Murphy,237,7.90,7.63,2026,.789,15,144,Atlanta Braves,0,0,2
28,12,,,,,243,19,1,.996,48,48,27,fielding,265.1,,,668715,Spencer Steer,230,8.22,5.04,2026,,,113,Cincinnati Reds,0,0,
27,25,4.63,0,19,.235,719,2,3,.996,88,88,77,fielding,694.0,3,0,673237,Yainer Diaz,691,9.29,8.14,2026,.765,62,117,Houston Astros,3,0,24
28,5,,,,,230,0,1,.996,120,120,116,fielding,985.1,,,668709,JJ Bleday,224,2.09,1.91,2026,,,113,Cincinnati Reds,0,0,
23,40,,,,,690,62,3,.996,94,94,94,fielding,822.0,,,701762,Nick Kurtz,647,7.52,7.31,2026,,,133,Athletics,2,0,
30,116,,,,,1136,91,5,.996,154,154,149,fielding,1307.1,,,669394,Jake Burger,1015,7.79,7.34,2026,,,140,Texas Rangers,1,0,
28,35,4.83,1,17,.321,681,3,3,.996,74,74,72,fielding,634.0,7,1,669127,Shea Langeliers,643,9.62,9.16,2026,.679,36,133,Athletics,2,0,18
28,13,4.01,0,11,.407,224,2,1,.996,37,37,27,fielding,246.2,0,0,660710,Rodolfo Durán,210,8.16,6.03,2026,.593,16,135,San Diego Padres,1,0,10
29,37,4.72,1,22,.190,888,4,4,.995,116,116,104,fielding,921.1,2,0,663886,Tyler Stephenson,847,8.64,7.62,2026,.810,94,113,Cincinnati Reds,3,0,27
26,129,,,,,217,26,1,.995,73,73,57,fielding,513.0,,,672724,Oswald Peraza,87,3.79,2.96,2026,,,108,Los Angeles Angels,0,0,
26,21,4.16,1,17,.459,867,4,4,.995,94,94,85,fielding,744.2,6,2,680779,Henry Davis,842,10.44,9.18,2026,.541,20,134,Pittsburgh Pirates,2,0,16
31,12,5.61,1,5,.200,216,1,1,.995,26,26,21,fielding,186.0,0,0,661531,Brian Serven,203,10.40,8.27,2026,.800,20,133,Athletics,0,0,4
25,2,,,,,215,1,1,.995,109,109,83,fielding,731.2,,,687551,Drew Gilbert,212,2.63,1.96,2026,,,137,San Francisco Giants,1,0,
28,0,,,,,212,0,1,.995,141,141,114,fielding,1031.1,,,669016,Brandon Marsh,211,1.84,1.50,2026,,,143,Philadelphia Phillies,1,0,
28,6,,,,,207,0,1,.995,93,93,93,fielding,793.1,,,660670,Ronald Acuña Jr.,200,2.34,2.22,2026,,,144,Atlanta Braves,0,0,
25,133,,,,,206,18,1,.995,63,63,46,fielding,442.1,,,810938,Ben Williamson,72,4.17,3.25,2026,,,139,Tampa Bay Rays,0,0,
33,61,,,,,808,58,4,.995,109,109,107,fielding,923.2,,,547180,Bryce Harper,743,7.84,7.38,2026,,,143,Philadelphia Phillies,2,0,
29,5,,,,,202,0,1,.995,111,111,101,fielding,809.1,,,663616,Trevor Larnach,196,2.24,1.81,2026,,,142,Minnesota Twins,0,0,
24,6,,,,,202,0,1,.995,101,101,99,fielding,860.1,,,691016,Tyler Soderstrom,195,2.10,1.99,2026,,,133,Athletics,0,0,
31,18,3.12,0,10,.204,599,0,3,.995,67,67,59,fielding,528.0,3,0,669257,Will Smith,578,10.16,8.90,2026,.796,39,119,Los Angeles Dodgers,3,0,11
34,89,,,,,990,80,5,.995,128,128,127,fielding,1065.1,,,575929,Willson Contreras,896,8.32,7.70,2026,,,111,Boston Red Sox,0,0,
24,4,,,,,196,1,1,.995,92,92,87,fielding,750.0,,,694671,Wyatt Langford,191,2.34,2.12,2026,,,140,Texas Rangers,1,0,
27,39,3.78,0,20,.274,978,2,5,.995,116,116,113,fielding,995.2,4,4,693307,Dillon Dingler,934,8.80,8.39,2026,.726,53,116,Detroit Tigers,4,0,23
35,27,3.92,1,19,.311,570,3,3,.995,73,73,58,fielding,518.2,4,0,623168,Tyler Heineman,540,9.85,7.77,2026,.689,42,108,Los Angeles Angels,2,0,14
28,63,,,,,753,70,4,.995,107,107,100,fielding,871.2,,,687462,Spencer Horwitz,686,7.74,7.00,2026,,,134,Pittsburgh Pirates,3,0,
26,92,,,,,938,83,5,.995,131,131,112,fielding,985.2,,,671277,Luis García Jr.,841,8.52,7.12,2026,,,147,New York Yankees,3,0,
28,4,,,,,185,3,1,.995,88,88,77,fielding,637.0,,,680757,Steven Kwan,180,2.60,2.09,2026,,,114,Cleveland Guardians,0,0,
33,4,,,,,182,0,1,.995,118,118,114,fielding,966.1,,,606192,Teoscar Hernández,177,1.69,1.53,2026,,,119,Los Angeles Dodgers,0,0,
36,17,4.58,0,12,.353,363,1,2,.994,44,44,44,fielding,377.1,1,0,521692,Salvador Perez,344,8.62,8.20,2026,.647,22,118,Kansas City Royals,2,0,16
28,65,,,,,883,93,5,.994,108,108,108,fielding,943.0,,,686469,Vinnie Pasquantino,813,8.38,8.13,2026,,,118,Kansas City Royals,1,0,
26,2,,,,,176,0,1,.994,104,104,87,fielding,800.2,,,686217,Sal Frelick,173,1.97,1.68,2026,,,158,Milwaukee Brewers,0,0,
25,8,,,,,352,2,2,.994,137,137,133,fielding,1174.1,,,678882,Ceddanne Rafaela,342,2.68,2.55,2026,,,111,Boston Red Sox,1,0,
27,114,,,,,174,20,1,.994,53,53,49,fielding,403.0,,,677649,Ezequiel Duran,59,3.86,3.26,2026,,,140,Texas Rangers,1,0,
33,23,,,,,347,30,2,.994,62,62,49,fielding,423.1,,,656555,Rhys Hoskins,322,7.34,5.56,2026,,,114,Cleveland Guardians,2,0,
25,22,3.82,1,13,.333,346,4,2,.994,47,47,39,fielding,351.0,1,0,691740,Daniel Susac,322,8.82,7.32,2026,.667,26,137,San Francisco Giants,1,0,18
29,132,,,,,1197,102,7,.994,152,152,152,fielding,1333.1,,,647304,Josh Naylor,1058,8.03,7.83,2026,,,136,Seattle Mariners,5,0,
33,13,3.74,0,6,.240,338,1,2,.994,43,43,38,fielding,339.0,2,0,596142,Gary Sánchez,323,8.92,7.81,2026,.760,19,158,Milwaukee Brewers,1,0,16
24,104,,,,,168,17,1,.994,65,65,47,fielding,395.0,,,682668,Luisangel Acuña,63,3.81,2.57,2026,,,145,Chicago White Sox,1,0,
28,1,,,,,168,1,1,.994,68,68,54,fielding,437.2,,,664983,Jake McCarthy,166,3.44,2.46,2026,,,115,Colorado Rockies,0,0,
33,22,3.44,0,3,.067,666,1,4,.994,77,77,70,fielding,601.2,3,4,595978,Austin Hedges,640,9.91,8.60,2026,.933,42,114,Cleveland Guardians,4,0,21
27,37,3.80,2,15,.158,666,5,4,.994,72,72,68,fielding,599.2,2,0,672386,Alejandro Kirk,625,9.95,9.19,2026,.842,80,141,Toronto Blue Jays,1,0,14
26,5,,,,,333,2,2,.994,136,136,125,fielding,1085.0,,,696285,Jacob Young,326,2.75,2.43,2026,,,120,Washington Nationals,0,0,
30,10,,,,,165,14,1,.994,24,24,20,fielding,159.0,,,656976,Pavin Smith,154,9.28,6.83,2026,,,109,Arizona Diamondbacks,1,0,
27,114,,,,,1319,128,8,.994,156,156,148,fielding,1324.2,,,676475,Alec Burleson,1197,8.91,8.40,2026,,,138,St. Louis Cardinals,1,0,
32,108,,,,,1311,124,8,.994,162,162,162,fielding,1424.0,,,621566,Matt Olson,1195,8.24,8.04,2026,,,144,Atlanta Braves,2,0,
29,20,4.42,1,7,.106,654,4,4,.994,80,80,76,fielding,674.1,4,0,680777,Ryan Jeffers,630,8.68,8.13,2026,.894,59,142,Minnesota Twins,3,0,24
28,73,,,,,1139,80,7,.994,148,148,143,fielding,1271.0,,,666018,Jonathan Aranda,1059,8.02,7.65,2026,,,139,Tampa Bay Rays,2,0,
26,83,,,,,1137,97,7,.994,139,139,133,fielding,1156.1,,,681198,TJ Rumfield,1047,8.80,8.13,2026,,,115,Colorado Rockies,3,0,
32,8,,,,,161,17,1,.994,29,29,20,fielding,185.1,,,605170,Victor Caratini,152,7.78,5.52,2026,,,142,Minnesota Twins,1,0,
23,1,,,,,322,0,2,.994,140,140,112,fielding,1009.2,,,694497,Evan Carter,319,2.85,2.29,2026,,,140,Texas Rangers,1,0,
36,12,4.80,1,7,.146,322,0,2,.994,45,45,41,fielding,367.2,1,1,543510,James McCann,308,7.85,7.11,2026,.854,41,109,Arizona Diamondbacks,1,0,9
29,5,,,,,320,1,2,.994,136,136,128,fielding,1128.0,,,662139,Daulton Varsho,313,2.54,2.34,2026,,,117,Houston Astros,0,0,
27,36,4.51,3,18,.214,799,5,5,.994,102,102,94,fielding,816.1,3,2,660688,Keibert Ruiz,758,8.76,7.78,2026,.786,66,120,Washington Nationals,2,0,33
31,3,,,,,319,2,2,.994,132,132,122,fielding,1086.0,,,656775,Cedric Mullins,314,2.63,2.40,2026,,,139,Tampa Bay Rays,0,0,
25,111,,,,,158,22,1,.994,57,57,44,fielding,379.0,,,678391,Jorbit Vivas,46,3.73,2.75,2026,,,120,Washington Nationals,0,0,
23,3,,,,,157,2,1,.994,58,58,53,fielding,436.2,,,814439,Ryan Waldschmidt,153,3.22,2.69,2026,,,109,Arizona Diamondbacks,0,0,
35,31,3.76,1,21,.244,1255,2,8,.994,123,123,122,fielding,1058.2,4,0,592663,J.T. Realmuto,1216,10.61,10.14,2026,.756,65,143,Philadelphia Phillies,7,0,32
32,305,,,,,469,58,3,.994,115,115,114,fielding,989.2,,,606466,Ketel Marte,161,4.24,4.05,2026,,,109,Arizona Diamondbacks,1,0,
33,10,3.95,0,8,.364,156,0,1,.994,22,22,17,fielding,155.0,1,0,596117,Garrett Stubbs,145,9.00,7.05,2026,.636,14,143,Philadelphia Phillies,1,0,5
28,28,,,,,459,41,3,.993,75,75,68,fielding,547.0,,,683734,Andrew Vaughn,428,7.50,6.08,2026,,,158,Milwaukee Brewers,0,0,
29,36,4.24,0,21,.216,907,7,6,.993,104,104,102,fielding,894.0,4,2,663728,Cal Raleigh,865,9.07,8.66,2026,.784,76,136,Seattle Mariners,5,0,19
30,1,,,,,150,0,1,.993,64,64,59,fielding,492.1,,,663968,Jake Mangum,148,2.73,2.33,2026,,,134,Pittsburgh Pirates,0,0,
22,34,4.77,0,19,.333,749,1,5,.993,106,106,97,fielding,868.0,9,1,695600,Carter Jensen,710,7.71,7.02,2026,.667,38,118,Kansas City Royals,5,0,33
22,16,,,,,147,13,1,.993,20,20,17,fielding,152.1,,,699912,Jose Fernandez,130,8.64,7.30,2026,,,109,Arizona Diamondbacks,0,0,
27,24,4.13,1,16,.356,436,4,3,.993,56,56,51,fielding,447.0,1,0,669134,Luis Campusano,409,8.72,7.73,2026,.644,29,135,San Diego Padres,2,0,17
26,40,3.03,4,14,.219,1016,3,7,.993,122,122,109,fielding,959.1,4,0,669224,Austin Wells,969,9.47,8.27,2026,.781,50,147,New York Yankees,3,0,21
30,26,3.47,0,8,.145,574,0,4,.993,73,73,62,fielding,570.0,3,0,657136,Connor Wong,544,9.00,7.81,2026,.855,47,111,Boston Red Sox,4,0,17
25,11,3.58,0,7,.171,284,2,2,.993,37,37,29,fielding,269.1,1,0,804668,Rafael Flores Jr.,271,9.43,7.62,2026,.829,34,134,Pittsburgh Pirates,2,0,18
27,47,,,,,564,45,4,.993,82,82,78,fielding,684.0,,,668904,Royce Lewis,513,7.37,6.83,2026,,,142,Minnesota Twins,1,0,
27,8,,,,,141,12,1,.993,25,25,17,fielding,152.0,,,668723,Ryan Vilade,132,8.29,5.60,2026,,,139,Tampa Bay Rays,1,0,
31,2,,,,,138,0,1,.993,85,85,75,fielding,663.1,,,643289,Mauricio Dubón,135,1.86,1.61,2026,,,144,Atlanta Braves,0,0,
26,16,3.91,0,2,.043,414,1,3,.993,52,52,52,fielding,447.0,1,0,671056,Iván Herrera,395,8.28,7.90,2026,.957,45,138,St. Louis Cardinals,2,0,20
37,7,3.14,0,5,.294,138,2,1,.993,21,21,17,fielding,134.2,0,0,506702,Sandy León,130,9.20,6.52,2026,.706,12,144,Atlanta Braves,1,0,2
34,4,,,,,272,0,2,.993,109,109,109,fielding,945.2,,,545361,Mike Trout,266,2.57,2.48,2026,,,108,Los Angeles Angels,0,0,
27,18,,,,,269,28,2,.993,56,56,35,fielding,291.2,,,665953,Andrés Chaparro,249,8.26,4.77,2026,,,120,Washington Nationals,0,0,
23,11,,,,,403,2,3,.993,156,156,155,fielding,1362.1,,,701538,Jackson Merrill,389,2.64,2.56,2026,,,135,San Diego Padres,1,0,
24,3,,,,,134,1,1,.993,73,73,60,fielding,528.0,,,686611,Dylan Crews,130,2.27,1.82,2026,,,120,Washington Nationals,0,0,
26,5,5.53,1,1,.125,134,0,1,.993,21,21,16,fielding,138.1,0,0,680728,Adrian Del Castillo,128,8.67,6.33,2026,.875,7,109,Arizona Diamondbacks,0,0,1
31,86,,,,,134,15,1,.993,45,45,28,fielding,256.2,,,656716,Zach McKinstry,47,4.68,2.96,2026,,,116,Detroit Tigers,0,0,
30,159,,,,,264,26,2,.992,72,72,69,fielding,576.1,,,665019,Kody Clemens,103,4.09,3.64,2026,,,142,Minnesota Twins,2,0,
29,18,3.61,0,14,.184,660,1,5,.992,90,90,76,fielding,626.1,6,1,676439,Hunter Feduccia,637,9.42,7.28,2026,.816,62,119,Los Angeles Dodgers,4,0,18
26,29,4.69,1,14,.219,653,2,5,.992,75,75,68,fielding,595.0,5,0,681351,Logan O'Hoppe,619,9.80,8.64,2026,.781,50,140,Texas Rangers,4,0,31
24,30,4.54,0,15,.268,779,5,6,.992,88,88,82,fielding,720.0,10,1,682626,Francisco Alvarez,743,9.66,8.78,2026,.732,41,121,New York Mets,6,0,31
32,78,,,,,129,19,1,.992,55,55,38,fielding,338.0,,,622268,Donovan Walton,50,3.41,2.33,2026,,,133,Athletics,0,0,
27,36,3.70,1,11,.186,773,2,6,.992,93,93,83,fielding,730.2,4,0,665966,Carlos Narváez,731,9.46,8.25,2026,.814,48,110,Baltimore Orioles,5,0,15
29,1,,,,,127,0,1,.992,69,69,51,fielding,455.1,,,663837,Matt Vierling,125,2.49,1.83,2026,,,116,Detroit Tigers,0,0,
27,91,,,,,1003,78,8,.992,128,128,127,fielding,1095.1,,,665489,Vladimir Guerrero Jr.,904,8.18,7.77,2026,,,141,Toronto Blue Jays,4,0,
23,4,,,,,248,0,2,.992,132,132,124,fielding,1106.2,,,695734,Daylen Lile,242,2.00,1.86,2026,,,120,Washington Nationals,0,0,
25,4,,,,,372,1,3,.992,143,143,142,fielding,1239.1,,,677594,Julio Rodríguez,365,2.68,2.58,2026,,,136,Seattle Mariners,1,0,
25,14,,,,,369,3,3,.992,132,132,131,fielding,1151.2,,,681624,Andy Pages,352,2.86,2.77,2026,,,119,Los Angeles Dodgers,0,0,
28,3,,,,,121,0,1,.992,60,60,52,fielding,448.1,,,663457,Lars Nootbaar,117,2.41,2.00,2026,,,109,Arizona Diamondbacks,0,0,
31,8,,,,,242,1,2,.992,111,111,110,fielding,972.2,,,673548,Seiya Suzuki,232,2.22,2.16,2026,,,112,Chicago Cubs,1,0,
27,9,,,,,120,11,1,.992,20,20,16,fielding,139.0,,,666624,Christopher Morel,110,7.71,5.95,2026,,,121,New York Mets,1,0,
31,24,6.03,1,17,.230,594,2,5,.992,72,72,70,fielding,613.1,5,1,641680,Jonah Heim,565,8.65,8.18,2026,.770,57,133,Athletics,3,0,33
26,369,,,,,593,91,5,.992,151,151,148,fielding,1311.2,,,668930,Brice Turang,219,4.04,3.89,2026,,,158,Milwaukee Brewers,2,0,
26,9,4.64,1,2,.083,237,1,2,.992,29,29,25,fielding,219.0,1,0,666310,Bo Naylor,226,9.66,8.10,2026,.917,22,158,Milwaukee Brewers,1,0,7
27,2,,,,,118,0,1,.992,65,65,45,fielding,441.0,,,676356,Jonny DeLuca,115,2.39,1.80,2026,,,139,Tampa Bay Rays,0,0,
27,40,3.79,1,24,.296,939,7,8,.991,107,107,92,fielding,828.0,4,1,672275,Patrick Bailey,891,10.12,8.70,2026,.704,57,114,Cleveland Guardians,6,0,30
27,35,,,,,461,37,4,.991,56,56,53,fielding,474.2,,,700250,Ben Rice,422,8.68,8.16,2026,,,147,New York Yankees,1,0,
31,27,4.24,1,20,.241,796,6,7,.991,105,105,94,fielding,848.1,4,0,608348,Carson Kelly,762,8.37,7.51,2026,.759,63,112,Chicago Cubs,6,0,16
29,71,,,,,906,77,8,.991,100,100,100,fielding,874.2,,,646240,Rafael Devers,827,9.25,8.98,2026,,,137,San Francisco Giants,2,0,
31,11,4.03,2,5,.278,225,5,2,.991,31,31,25,fielding,216.2,1,0,641555,J.C. Escarra,212,9.29,7.19,2026,.722,13,147,New York Yankees,0,0,5
30,35,,,,,559,51,5,.991,84,84,74,fielding,641.2,,,676724,Jared Young,519,7.78,6.60,2026,,,121,New York Mets,1,0,
30,1,,,,,221,0,2,.991,106,106,65,fielding,663.2,,,667472,Dane Myers,218,2.97,2.07,2026,,,113,Cincinnati Reds,1,0,
26,28,,,,,330,29,3,.991,47,47,43,fielding,368.2,,,681393,Connor Norby,299,8.00,6.96,2026,,,115,Colorado Rockies,1,0,
34,143,,,,,220,33,2,.991,56,56,48,fielding,446.2,,,545121,Ildemaro Vargas,75,4.40,3.89,2026,,,109,Arizona Diamondbacks,0,0,
33,5,,,,,109,9,1,.991,20,20,18,fielding,141.0,,,605137,Josh Bell,103,6.89,5.40,2026,,,142,Minnesota Twins,1,0,
28,5,,,,,108,1,1,.991,47,47,40,fielding,337.1,,,666160,Mickey Moniak,102,2.86,2.28,2026,,,115,Colorado Rockies,0,0,
35,10,3.86,2,6,.162,323,3,3,.991,36,36,32,fielding,287.0,3,0,641598,Mitch Garver,310,10.03,8.89,2026,.838,31,136,Seattle Mariners,1,0,10
24,1,,,,,106,1,1,.991,57,57,50,fielding,435.2,,,682622,Noelvi Marte,104,2.17,1.84,2026,,,113,Cincinnati Reds,0,0,
25,5,,,,,314,0,3,.990,148,148,142,fielding,1264.0,,,802415,Chandler Simpson,306,2.21,2.10,2026,,,139,Tampa Bay Rays,2,0,
22,397,,,,,626,79,6,.990,157,157,154,fielding,1350.1,,,702284,Cole Young,223,4.13,3.95,2026,,,136,Seattle Mariners,3,0,
24,69,,,,,832,60,8,.990,105,105,103,fielding,896.1,,,694384,Nolan Schanuel,755,8.28,7.85,2026,,,108,Los Angeles Angels,4,0,
26,2,,,,,207,0,2,.990,94,94,75,fielding,664.0,,,681297,Colton Cowser,203,2.78,2.18,2026,,,110,Baltimore Orioles,0,0,
33,202,,,,,310,19,3,.990,139,139,139,fielding,1210.0,,,592518,Manny Machado,105,2.28,2.21,2026,,,135,San Diego Padres,2,0,
27,4,,,,,310,2,3,.990,140,140,124,fielding,1105.0,,,669003,Garrett Mitchell,303,2.50,2.19,2026,,,158,Milwaukee Brewers,1,0,
29,319,,,,,516,64,5,.990,120,120,119,fielding,1019.2,,,663538,Nico Hoerner,192,4.51,4.26,2026,,,112,Chicago Cubs,2,0,
25,2,,,,,205,0,2,.990,124,124,122,fielding,1048.2,,,682985,Riley Greene,201,1.74,1.64,2026,,,116,Detroit Tigers,2,0,
30,19,,,,,407,35,4,.990,69,69,55,fielding,494.0,,,663993,Nathaniel Lowe,384,7.34,5.84,2026,,,114,Cleveland Guardians,1,0,
23,7,,,,,203,0,2,.990,95,95,92,fielding,766.0,,,695506,Jac Caglianone,194,2.36,2.12,2026,,,118,Kansas City Royals,1,0,
31,19,4.16,1,8,.167,506,1,5,.990,60,60,58,fielding,501.1,1,0,643376,Danny Jansen,482,9.00,8.35,2026,.833,40,140,Texas Rangers,4,0,12
30,9,,,,,101,5,1,.990,14,14,10,fielding,95.2,,,672960,Kazuma Okamoto,91,9.47,7.14,2026,,,141,Toronto Blue Jays,0,0,
27,35,4.16,3,19,.317,504,4,5,.990,79,79,61,fielding,532.1,3,0,686780,Pedro Pagés,464,8.44,6.32,2026,.683,41,138,St. Louis Cardinals,2,0,22
25,39,,,,,396,38,4,.990,56,56,47,fielding,428.0,,,687093,Vaughn Grissom,353,8.24,7.00,2026,,,108,Los Angeles Angels,3,0,
29,4,5.64,1,4,.308,99,2,1,.990,25,25,8,fielding,97.1,0,0,650968,Yohel Pozo,94,9.09,3.92,2026,.692,9,110,Baltimore Orioles,0,0,4
31,4,,,,,198,2,2,.990,115,115,113,fielding,939.0,,,668804,Bryan Reynolds,192,1.88,1.70,2026,,,134,Pittsburgh Pirates,2,0,
26,2,,,,,296,1,3,.990,132,132,107,fielding,926.0,,,671976,Tristan Peters,291,2.85,2.22,2026,,,145,Chicago White Sox,0,0,
28,290,,,,,492,69,5,.990,126,126,114,fielding,994.1,,,686681,Michael Massey,197,4.41,3.87,2026,,,118,Kansas City Royals,3,0,
29,1,,,,,98,0,1,.990,60,60,46,fielding,394.0,,,687859,Troy Johnston,96,2.22,1.62,2026,,,115,Colorado Rockies,0,0,
31,37,3.95,2,24,.304,684,4,7,.990,95,95,74,fielding,660.2,0,1,666023,Freddy Fermin,640,9.23,7.13,2026,.696,55,135,San Diego Padres,4,0,12
36,24,,,,,195,21,2,.990,25,25,24,fielding,201.0,,,521692,Salvador Perez,169,8.64,7.72,2026,,,118,Kansas City Royals,2,0,
22,9,4.21,0,4,.174,193,2,2,.990,29,29,22,fielding,194.1,3,0,694208,Moisés Ballesteros,182,8.86,6.59,2026,.826,19,108,Los Angeles Angels,2,0,8
29,15,4.53,2,9,.200,287,3,3,.990,41,41,33,fielding,288.1,0,0,663698,Joey Bart,269,8.88,6.93,2026,.800,36,145,Chicago White Sox,1,0,7
28,36,4.17,1,21,.339,669,4,7,.990,81,81,77,fielding,675.2,3,2,668939,Adley Rutschman,626,8.83,8.17,2026,.661,41,111,Boston Red Sox,5,0,20
23,25,,,,,286,21,3,.990,39,39,30,fielding,274.1,,,695506,Jac Caglianone,258,9.30,7.26,2026,,,118,Kansas City Royals,2,0,
35,3,5.07,0,3,.200,93,0,1,.989,18,18,14,fielding,119.0,1,0,571912,Luke Maile,89,6.96,5.11,2026,.800,12,118,Kansas City Royals,0,0,2
27,2,,,,,91,1,1,.989,59,59,34,fielding,324.2,,,668885,Austin Martin,88,2.50,1.53,2026,,,142,Minnesota Twins,0,0,
35,22,4.72,2,12,.364,541,0,6,.989,75,75,57,fielding,517.0,2,1,553869,Elias Díaz,513,9.31,7.13,2026,.636,21,140,Texas Rangers,4,0,18
32,3,,,,,180,0,2,.989,90,90,90,fielding,793.0,,,621493,Taylor Ward,175,2.02,1.98,2026,,,110,Baltimore Orioles,1,0,
25,4,,,,,359,1,4,.989,152,152,152,fielding,1314.1,,,682998,Corbin Carroll,351,2.43,2.34,2026,,,109,Arizona Diamondbacks,3,0,
35,334,,,,,538,58,6,.989,139,139,134,fielding,1203.2,,,543760,Marcus Semien,198,3.98,3.83,2026,,,121,New York Mets,5,0,
28,31,,,,,444,33,5,.989,59,59,56,fielding,484.2,,,669065,Kyle Stowers,408,8.16,7.44,2026,,,146,Miami Marlins,2,1,
32,17,5.60,1,12,.203,439,3,5,.989,67,67,56,fielding,506.2,3,0,664954,Brett Sullivan,417,7.72,6.48,2026,.797,47,115,Colorado Rockies,4,0,15
29,390,,,,,603,84,7,.988,158,158,158,fielding,1393.0,,,645277,Ozzie Albies,206,3.85,3.77,2026,,,144,Atlanta Braves,2,0,
31,105,,,,,169,16,2,.988,53,53,42,fielding,386.1,,,669242,Tommy Edman,62,3.89,3.15,2026,,,119,Los Angeles Dodgers,0,0,
30,4,,,,,84,1,1,.988,50,50,31,fielding,269.0,,,656537,Derek Hill,79,2.78,1.66,2026,,,143,Philadelphia Phillies,0,0,
22,103,,,,,168,18,2,.988,43,43,34,fielding,312.1,,,699393,Pedro Ramírez,63,4.79,3.86,2026,,,112,Chicago Cubs,1,0,
25,97,,,,,166,24,2,.988,48,48,45,fielding,400.0,,,686797,Brooks Lee,67,3.69,3.42,2026,,,142,Minnesota Twins,1,0,
30,8,,,,,248,2,3,.988,123,123,112,fielding,1008.2,,,641355,Cody Bellinger,237,2.19,1.99,2026,,,147,New York Yankees,1,0,
29,27,3.61,1,16,.180,739,2,9,.988,106,106,78,fielding,739.2,2,0,663743,Nick Fortes,703,8.89,6.89,2026,.820,73,139,Tampa Bay Rays,7,0,21
28,0,,,,,82,0,1,.988,61,61,36,fielding,349.2,,,666211,Taylor Trammell,81,2.09,1.33,2026,,,117,Houston Astros,1,0,
26,8,3.28,0,4,.174,163,1,2,.988,19,19,18,fielding,164.2,0,1,680664,Eduardo Valencia,153,8.84,8.47,2026,.826,19,116,Detroit Tigers,1,0,4
23,1,,,,,81,0,1,.988,55,55,49,fielding,376.0,,,696030,Alejandro Osuna,79,1.91,1.45,2026,,,140,Texas Rangers,0,0,
29,4,,,,,242,1,3,.988,119,119,106,fielding,961.1,,,663757,Trent Grisham,235,2.24,2.01,2026,,,147,New York Yankees,0,0,
26,343,,,,,555,68,7,.987,138,138,136,fielding,1176.0,,,669364,Xavier Edwards,205,4.19,3.97,2026,,,146,Miami Marlins,1,1,
29,8,,,,,237,1,3,.987,126,126,115,fielding,1052.0,,,680776,Jarren Duran,226,2.00,1.86,2026,,,111,Boston Red Sox,2,0,
28,7,,,,,158,2,2,.987,98,98,65,fielding,626.2,,,680757,Steven Kwan,149,2.24,1.59,2026,,,114,Cleveland Guardians,1,0,
27,4,,,,,237,0,3,.987,129,129,118,fielding,1044.1,,,808982,Jung Hoo Lee,230,2.02,1.81,2026,,,137,San Francisco Giants,1,0,
23,85,,,,,158,14,2,.987,46,46,40,fielding,350.1,,,691785,Marcelo Mayer,71,4.01,3.39,2026,,,137,San Francisco Giants,1,0,
30,47,,,,,707,66,9,.987,119,119,86,fielding,836.1,,,641343,Jake Bauers,651,7.51,5.87,2026,,,158,Milwaukee Brewers,3,0,
27,94,,,,,155,19,2,.987,62,62,40,fielding,342.2,,,679822,Justin Foscue,59,4.03,2.47,2026,,,140,Texas Rangers,1,0,
28,1,,,,,155,1,2,.987,81,81,65,fielding,559.1,,,664983,Jake McCarthy,152,2.46,1.89,2026,,,115,Colorado Rockies,1,0,
26,362,,,,,618,94,8,.987,157,157,156,fielding,1372.0,,,672695,Geraldo Perdomo,248,4.00,3.89,2026,,,109,Arizona Diamondbacks,2,0,
31,14,4.31,0,8,.348,154,2,2,.987,32,32,18,fielding,165.0,1,1,640459,Brian Navarreto,138,8.29,4.75,2026,.652,15,146,Miami Marlins,2,0,6
26,0,,,,,77,0,1,.987,45,45,32,fielding,302.0,,,672761,Wenceel Pérez,76,2.26,1.69,2026,,,116,Detroit Tigers,0,0,
28,1,,,,,77,0,1,.987,31,31,27,fielding,219.1,,,666211,Taylor Trammell,75,3.12,2.45,2026,,,117,Houston Astros,0,0,
29,394,,,,,612,83,8,.987,149,149,147,fielding,1275.1,,,650333,Luis Arraez,210,4.26,4.05,2026,,,143,Philadelphia Phillies,5,0,
27,2,,,,,76,2,1,.987,39,39,35,fielding,290.1,,,669392,Samad Taylor,73,2.33,1.92,2026,,,135,San Diego Padres,1,0,
24,18,4.55,0,10,.208,303,0,4,.987,52,52,42,fielding,373.2,4,0,701852,Drew Cavanaugh,281,7.21,5.75,2026,.792,38,137,San Francisco Giants,4,0,8
28,50,,,,,75,4,1,.987,30,30,26,fielding,243.2,,,660844,Leo Rivas,24,2.74,2.47,2026,,,136,Seattle Mariners,0,0,
22,56,,,,,75,4,1,.987,45,45,33,fielding,306.2,,,701398,Sal Stewart,18,2.18,1.64,2026,,,113,Cincinnati Reds,1,0,
28,2,,,,,75,0,1,.987,33,33,33,fielding,284.0,,,670242,Matt Wallner,72,2.35,2.24,2026,,,142,Minnesota Twins,0,0,
24,31,3.93,2,17,.283,520,1,7,.987,60,60,56,fielding,504.0,5,0,691011,Drew Romo,482,9.16,8.55,2026,.717,43,145,Chicago White Sox,5,0,21
26,4,,,,,220,0,3,.986,122,122,103,fielding,932.0,,,681715,Heriberto Hernández,213,2.10,1.78,2026,,,146,Miami Marlins,1,0,
28,2,,,,,73,0,1,.986,53,53,40,fielding,341.1,,,666139,Josh Lowe,70,1.90,1.36,2026,,,108,Los Angeles Angels,0,0,
26,6,4.87,2,5,.143,292,1,4,.986,38,38,30,fielding,273.2,0,0,682848,Endy Rodríguez,282,9.49,7.58,2026,.857,30,134,Pittsburgh Pirates,2,0,19
29,6,3.36,1,3,.188,289,0,4,.986,51,51,27,fielding,265.1,2,1,645305,Ali Sánchez,279,9.68,5.59,2026,.813,13,147,New York Yankees,3,0,9
25,3,,,,,216,1,3,.986,133,133,94,fielding,909.1,,,671732,Lawrence Butler,210,2.11,1.60,2026,,,133,Athletics,1,0,
25,3,,,,,71,11,1,.986,13,13,9,fielding,82.0,,,682988,Tyler Locklear,67,7.68,5.38,2026,,,109,Arizona Diamondbacks,0,0,
30,2,,,,,142,1,2,.986,63,63,52,fielding,458.2,,,657041,Lane Thomas,138,2.75,2.22,2026,,,118,Kansas City Royals,1,0,
25,43,3.94,1,19,.302,636,3,9,.986,84,84,68,fielding,618.2,1,1,678218,Brandon Valenzuela,584,9.13,7.46,2026,.698,44,141,Toronto Blue Jays,6,0,31
30,7,,,,,70,9,1,.986,10,10,10,fielding,86.0,,,681508,Mickey Gasper,62,7.22,6.90,2026,,,111,Boston Red Sox,0,0,
30,3,,,,,70,0,1,.986,66,66,31,fielding,329.2,,,663968,Jake Mangum,66,1.89,1.05,2026,,,134,Pittsburgh Pirates,0,0,
31,8,3.07,0,1,.143,140,1,2,.986,20,20,13,fielding,132.0,2,0,644433,Chadwick Tromp,130,9.41,6.90,2026,.857,6,110,Baltimore Orioles,1,0,4
24,329,,,,,558,65,8,.986,150,150,148,fielding,1275.2,,,805367,Chase Meidroth,221,3.88,3.67,2026,,,145,Chicago White Sox,5,0,
29,7,,,,,279,0,4,.986,152,152,147,fielding,1295.2,,,663656,Kyle Tucker,268,1.91,1.81,2026,,,119,Los Angeles Dodgers,2,0,
32,203,,,,,346,37,5,.986,95,95,95,fielding,827.2,,,608369,Corey Seager,138,3.71,3.59,2026,,,140,Texas Rangers,1,0,
28,5,,,,,69,7,1,.986,10,10,8,fielding,73.0,,,695391,Brett Harris,63,8.38,6.80,2026,,,137,San Francisco Giants,0,0,
25,2,,,,,138,0,2,.986,61,61,55,fielding,477.2,,,687363,Victor Scott II,134,2.57,2.23,2026,,,138,St. Louis Cardinals,0,0,
24,167,,,,,274,28,4,.985,80,80,67,fielding,579.0,,,690976,Alex Freeland,103,4.20,3.38,2026,,,119,Los Angeles Dodgers,2,0,
23,10,,,,,273,2,4,.985,134,134,126,fielding,1140.0,,,701807,Carson Benge,259,2.12,2.01,2026,,,121,New York Mets,1,0,
34,189,,,,,340,40,5,.985,104,104,88,fielding,759.1,,,643446,Jeff McNeil,146,3.97,3.22,2026,,,133,Athletics,4,0,
28,87,,,,,136,14,2,.985,45,45,39,fielding,338.2,,,669701,Josh Smith,47,3.57,2.98,2026,,,141,Toronto Blue Jays,1,0,
27,0,,,,,136,0,2,.985,66,66,66,fielding,572.0,,,665742,Juan Soto,134,2.11,2.03,2026,,,121,New York Mets,0,0,
29,186,,,,,272,43,4,.985,76,76,75,fielding,613.1,,,650402,Gleyber Torres,82,3.93,3.53,2026,,,116,Detroit Tigers,1,0,
24,5,,,,,404,1,6,.985,157,157,156,fielding,1370.0,,,691718,Pete Crow-Armstrong,393,2.61,2.54,2026,,,112,Chicago Cubs,0,0,
27,44,,,,,67,5,1,.985,42,42,12,fielding,152.1,,,669397,Nick Allen,22,3.91,1.57,2026,,,117,Houston Astros,0,0,
37,39,,,,,67,5,1,.985,28,28,17,fielding,169.0,,,500743,Miguel Rojas,27,3.51,2.36,2026,,,119,Los Angeles Dodgers,0,0,
23,44,3.86,1,26,.295,800,4,12,.985,104,104,89,fielding,783.2,6,2,691788,Joe Mack,744,9.06,7.58,2026,.705,62,146,Miami Marlins,9,0,26
23,2,,,,,199,0,3,.985,121,121,109,fielding,918.2,,,803011,Sam Antonacci,194,1.92,1.62,2026,,,145,Chicago White Sox,1,0,
36,248,,,,,397,53,6,.985,129,129,127,fielding,1061.2,,,514888,Jose Altuve,143,3.32,3.03,2026,,,117,Houston Astros,3,0,
25,85,,,,,131,21,2,.985,38,38,27,fielding,249.0,,,678545,Osleivis Basabe,44,4.66,3.39,2026,,,137,San Francisco Giants,0,0,
35,11,4.33,1,4,.143,196,1,3,.985,31,31,24,fielding,207.2,0,1,642851,Austin Wynns,182,8.39,6.23,2026,.857,24,140,Texas Rangers,2,0,3
32,242,,,,,390,43,6,.985,93,93,88,fielding,781.1,,,630105,Jake Cronenworth,142,4.43,4.13,2026,,,135,San Diego Padres,2,0,
33,1,,,,,65,0,1,.985,43,43,43,fielding,363.2,,,547180,Bryce Harper,63,1.59,1.49,2026,,,143,Philadelphia Phillies,0,0,
27,3,,,,,195,0,3,.985,120,120,104,fielding,930.0,,,665487,Fernando Tatis Jr.,189,1.86,1.60,2026,,,135,San Diego Padres,0,0,
29,28,,,,,389,36,6,.985,50,50,47,fielding,424.2,,,664761,Alec Bohm,355,8.13,7.66,2026,,,143,Philadelphia Phillies,1,0,
24,2,,,,,64,0,1,.984,53,53,30,fielding,309.1,,,682657,Angel Martínez,61,1.83,1.19,2026,,,114,Cleveland Guardians,0,0,
22,0,,,,,64,0,1,.984,37,37,35,fielding,291.0,,,699302,Héctor Rodríguez,63,1.95,1.70,2026,,,113,Cincinnati Reds,1,0,
40,4,,,,,64,4,1,.984,8,8,8,fielding,62.0,,,467793,Carlos Santana,59,9.15,7.88,2026,,,109,Arizona Diamondbacks,0,0,
33,19,4.61,5,11,.234,384,2,6,.984,46,46,43,fielding,369.0,1,0,624431,Jose Trevino,359,9.22,8.22,2026,.766,36,113,Cincinnati Reds,1,0,16
29,0,,,,,255,0,4,.984,98,98,90,fielding,786.2,,,664728,Kyle Isbel,251,2.87,2.56,2026,,,118,Kansas City Royals,0,0,
31,112,,,,,190,28,3,.984,69,69,53,fielding,466.0,,,670032,Nicky Lopez,75,3.61,2.71,2026,,,140,Texas Rangers,2,0,
29,126,,,,,189,24,3,.984,73,73,51,fielding,439.1,,,650489,Willi Castro,60,3.81,2.55,2026,,,115,Colorado Rockies,0,0,
24,44,,,,,63,5,1,.984,43,43,30,fielding,264.2,,,695657,Colson Montgomery,18,2.11,1.44,2026,,,145,Chicago White Sox,0,0,
26,22,5.38,1,17,.187,683,2,11,.984,99,99,95,fielding,816.1,5,0,696100,Hunter Goodman,650,7.41,6.79,2026,.813,74,115,Colorado Rockies,9,0,30
27,41,,,,,62,6,1,.984,21,21,15,fielding,133.2,,,665877,José Fermín,20,4.13,2.90,2026,,,138,St. Louis Cardinals,0,0,
23,0,,,,,62,0,1,.984,37,37,29,fielding,260.0,,,691783,Jordan Lawlar,61,2.11,1.65,2026,,,109,Arizona Diamondbacks,1,0,
27,7,,,,,124,11,2,.984,16,16,12,fielding,115.2,,,669477,Casey Schmitt,115,9.55,7.63,2026,,,137,San Francisco Giants,1,0,
23,16,4.27,3,11,.262,433,0,7,.984,55,55,49,fielding,438.0,3,1,700337,Edgar Quero,410,8.75,7.75,2026,.738,31,145,Chicago White Sox,2,0,23
32,322,,,,,490,57,8,.984,124,124,124,fielding,1087.2,,,621020,Dansby Swanson,160,3.99,3.89,2026,,,112,Chicago Cubs,7,0,
25,4,,,,,61,0,1,.984,36,36,25,fielding,219.2,,,687597,Jordan Beck,56,2.47,1.67,2026,,,115,Colorado Rockies,1,0,
34,5,,,,,61,2,1,.984,9,9,9,fielding,63.0,,,592626,Joc Pederson,55,8.57,6.67,2026,,,140,Texas Rangers,0,0,
32,3,,,,,61,0,1,.984,40,40,27,fielding,250.1,,,621438,Tyrone Taylor,57,2.16,1.50,2026,,,112,Chicago Cubs,1,0,
26,0,,,,,121,0,2,.983,83,83,67,fielding,558.0,,,685133,Wade Meckler,119,1.92,1.43,2026,,,108,Los Angeles Angels,1,0,
27,278,,,,,481,57,8,.983,148,148,131,fielding,1179.0,,,665926,Andrés Giménez,195,3.61,3.20,2026,,,141,Toronto Blue Jays,3,0,
29,39,,,,,60,11,1,.983,23,23,13,fielding,124.2,,,676609,José Caballero,20,4.28,2.57,2026,,,147,New York Yankees,1,0,
31,72,,,,,120,16,2,.983,43,43,31,fielding,283.2,,,643396,Isiah Kiner-Falefa,46,3.75,2.74,2026,,,111,Boston Red Sox,0,0,
24,0,,,,,60,0,1,.983,44,44,35,fielding,283.0,,,682818,Yohendrick Piñango,59,1.88,1.34,2026,,,141,Toronto Blue Jays,0,0,
29,2,,,,,60,0,1,.983,36,36,23,fielding,217.0,,,682177,Daniel Schneemann,57,2.45,1.64,2026,,,114,Cleveland Guardians,1,0,
25,4,,,,,59,4,1,.983,11,11,5,fielding,54.0,,,677870,Leo Jiménez,54,9.67,5.27,2026,,,146,Miami Marlins,1,0,
27,2,,,,,117,0,2,.983,63,63,48,fielding,437.1,,,665750,Leody Taveras,113,2.37,1.83,2026,,,110,Baltimore Orioles,0,0,
28,0,,,,,58,0,1,.983,31,31,24,fielding,192.2,,,666181,Will Benson,57,2.67,1.84,2026,,,113,Cincinnati Reds,1,0,
25,0,,,,,58,0,1,.983,32,32,25,fielding,204.0,,,671732,Lawrence Butler,57,2.51,1.78,2026,,,133,Athletics,0,0,
32,7,,,,,58,6,1,.983,8,8,6,fielding,56.0,,,630105,Jake Cronenworth,50,9.16,7.13,2026,,,135,San Diego Padres,0,0,
21,2,,,,,232,0,4,.983,101,101,96,fielding,841.2,,,805999,A.J. Ewing,226,2.44,2.26,2026,,,121,New York Mets,2,0,
28,19,,,,,173,19,3,.983,26,26,16,fielding,170.2,,,686765,Nick Sogard,151,9.00,6.54,2026,,,111,Boston Red Sox,1,0,
23,39,,,,,57,9,1,.982,20,20,16,fielding,145.0,,,691182,Adael Amador,17,3.48,2.80,2026,,,115,Colorado Rockies,0,0,
34,1,,,,,57,0,1,.982,44,44,30,fielding,248.0,,,545341,Randal Grichuk,55,2.03,1.27,2026,,,145,Chicago White Sox,1,0,
23,139,,,,,228,28,4,.982,74,74,53,fielding,492.2,,,701678,Hao-Yu Lee,85,4.10,3.03,2026,,,116,Detroit Tigers,1,0,
25,3,,,,,227,0,4,.982,109,109,91,fielding,809.0,,,701675,Nathan Church,220,2.48,2.05,2026,,,138,St. Louis Cardinals,1,0,
24,8,,,,,113,9,2,.982,18,18,15,fielding,117.0,,,690993,Colt Keith,103,8.54,6.17,2026,,,116,Detroit Tigers,0,0,
24,350,,,,,565,91,10,.982,135,135,129,fielding,1141.1,,,691026,Masyn Winn,205,4.38,4.11,2026,,,138,St. Louis Cardinals,4,0,
27,2,,,,,169,0,3,.982,82,82,65,fielding,607.1,,,665750,Leody Taveras,164,2.46,2.02,2026,,,110,Baltimore Orioles,1,0,
26,39,,,,,450,27,8,.982,67,67,58,fielding,519.1,,,668901,Mark Vientos,403,7.66,6.60,2026,,,121,New York Mets,2,0,
36,11,4.34,1,7,.179,392,3,7,.982,48,48,45,fielding,388.0,1,0,543309,Kyle Higashioka,374,8.93,8.02,2026,.821,32,140,Texas Rangers,6,0,15
31,98,,,,,168,23,3,.982,62,62,51,fielding,452.0,,,622761,Jorge Mateo,67,3.29,2.66,2026,,,139,Tampa Bay Rays,2,0,
28,315,,,,,503,59,9,.982,137,137,129,fielding,1155.0,,,665862,Jazz Chisholm Jr.,179,3.85,3.61,2026,,,147,New York Yankees,3,0,
29,236,,,,,391,44,7,.982,115,115,101,fielding,863.2,,,680700,Richie Palacios,148,4.00,3.34,2026,,,139,Tampa Bay Rays,4,0,
32,251,,,,,335,30,6,.982,143,143,141,fielding,1248.0,,,608324,Alex Bregman,78,2.37,2.30,2026,,,112,Chicago Cubs,3,0,
27,6,,,,,222,0,4,.982,87,87,85,fielding,756.1,,,665833,Oneil Cruz,212,2.60,2.51,2026,,,134,Pittsburgh Pirates,0,0,
28,29,,,,,55,11,1,.982,17,17,13,fielding,123.2,,,660844,Leo Rivas,25,3.95,3.18,2026,,,136,Seattle Mariners,0,0,
24,71,,,,,109,7,2,.982,66,66,49,fielding,420.1,,,690993,Colt Keith,36,2.29,1.62,2026,,,116,Detroit Tigers,0,0,
27,70,,,,,108,11,2,.981,37,37,25,fielding,229.0,,,677649,Ezequiel Duran,36,4.17,2.86,2026,,,140,Texas Rangers,1,0,
30,6,4.95,2,2,.125,162,0,3,.981,23,23,16,fielding,151.0,1,0,656577,Alex Jackson,153,9.48,6.91,2026,.875,14,142,Minnesota Twins,1,0,6
28,36,,,,,54,8,1,.981,13,13,10,fielding,80.0,,,663494,Bryan Torres,17,5.96,4.08,2026,,,138,St. Louis Cardinals,1,0,
27,31,,,,,54,11,1,.981,20,20,13,fielding,110.0,,,675961,Alika Williams,22,4.34,2.65,2026,,,133,Athletics,0,0,
25,300,,,,,483,66,9,.981,105,105,96,fielding,842.0,,,683083,Nasim Nuñez,174,5.07,4.51,2026,,,120,Washington Nationals,5,0,
22,3,,,,,319,2,6,.981,114,114,105,fielding,909.0,,,703607,Henry Bolte,310,3.10,2.75,2026,,,133,Athletics,1,0,
29,3,4.13,0,1,.500,53,0,1,.981,7,7,6,fielding,48.0,0,0,663584,Hayden Senger,49,9.75,7.43,2026,.500,1,121,New York Mets,1,0,1
33,12,5.84,1,6,.214,158,0,3,.981,24,24,22,fielding,191.0,2,0,606992,Eric Haase,143,7.30,6.46,2026,.786,22,137,San Francisco Giants,2,0,10
23,268,,,,,419,53,8,.981,113,113,112,fielding,984.1,,,683953,Travis Bazzana,143,3.76,3.64,2026,,,114,Cleveland Guardians,5,0,
30,100,,,,,157,20,3,.981,47,47,42,fielding,365.0,,,673490,Ha-Seong Kim,54,3.80,3.28,2026,,,144,Atlanta Braves,1,0,
31,2,,,,,52,0,1,.981,28,28,24,fielding,193.2,,,641584,Jake Fraley,49,2.38,1.82,2026,,,139,Tampa Bay Rays,1,0,
29,31,,,,,52,4,1,.981,24,24,15,fielding,131.2,,,649966,Luis Urías,20,3.50,2.13,2026,,,141,Toronto Blue Jays,1,0,
22,188,,,,,311,38,6,.981,85,85,81,fielding,706.2,,,702616,Jackson Holliday,117,3.89,3.59,2026,,,110,Baltimore Orioles,2,0,
29,280,,,,,466,49,9,.981,123,123,115,fielding,1036.2,,,670764,Taylor Walls,177,3.97,3.72,2026,,,139,Tampa Bay Rays,1,0,
26,326,,,,,516,75,10,.981,140,140,140,fielding,1209.0,,,677951,Bobby Witt Jr.,180,3.77,3.61,2026,,,118,Kansas City Royals,6,0,
25,11,,,,,206,16,4,.981,34,34,19,fielding,201.0,,,678554,Curtis Mead,191,9.04,5.94,2026,,,120,Washington Nationals,2,0,
27,6,3.74,2,1,.063,154,0,3,.981,24,24,16,fielding,144.1,0,0,665861,Sebastián Rivero,145,9.44,6.29,2026,.938,15,108,Los Angeles Angels,1,0,5
23,8,,,,,308,2,6,.981,157,157,139,fielding,1259.2,,,701358,Cam Smith,294,2.16,1.92,2026,,,117,Houston Astros,1,0,
24,11,4.48,1,3,.115,205,1,4,.980,28,28,23,fielding,198.2,3,0,682663,Agustín Ramírez,190,9.14,7.18,2026,.885,23,146,Miami Marlins,2,0,12
31,170,,,,,307,42,6,.980,85,85,84,fielding,720.0,,,641487,J.P. Crawford,131,3.76,3.54,2026,,,136,Seattle Mariners,5,0,
28,89,,,,,153,23,3,.980,58,58,40,fielding,395.0,,,668952,Ryan Kreidler,61,3.42,2.59,2026,,,142,Minnesota Twins,1,0,
27,2,,,,,51,1,1,.980,29,29,19,fielding,168.1,,,694388,Joey Loperfido,48,2.68,1.72,2026,,,117,Houston Astros,1,0,
29,26,,,,,51,7,1,.980,21,21,10,fielding,116.0,,,823550,Sung-Mun Song,24,3.88,2.38,2026,,,135,San Diego Padres,1,0,
22,2,,,,,102,1,2,.980,65,65,63,fielding,503.1,,,699013,Esmerlyn Valdez,98,1.79,1.54,2026,,,134,Pittsburgh Pirates,2,0,
25,128,,,,,202,27,4,.980,57,57,49,fielding,454.2,,,683011,Anthony Volpe,70,3.93,3.47,2026,,,147,New York Yankees,2,0,
31,363,,,,,554,78,11,.980,138,138,133,fielding,1181.0,,,664040,Brandon Lowe,180,4.14,3.93,2026,,,134,Pittsburgh Pirates,5,0,
24,316,,,,,501,78,10,.980,146,146,133,fielding,1158.2,,,678662,Ezequiel Tovar,175,3.82,3.36,2026,,,115,Colorado Rockies,3,0,
31,0,,,,,50,0,1,.980,43,43,20,fielding,238.1,,,669743,Alex Call,49,1.85,1.14,2026,,,119,Los Angeles Dodgers,0,0,
32,0,,,,,50,0,1,.980,27,27,17,fielding,168.2,,,621438,Tyrone Taylor,49,2.63,1.81,2026,,,112,Chicago Cubs,0,0,
33,318,,,,,549,77,11,.980,151,151,149,fielding,1298.1,,,593428,Xander Bogaerts,220,3.73,3.56,2026,,,135,San Diego Padres,4,0,
33,3,,,,,248,0,5,.980,146,146,145,fielding,1229.1,,,607043,Brandon Nimmo,240,1.78,1.66,2026,,,140,Texas Rangers,2,0,
30,278,,,,,446,54,9,.980,132,132,107,fielding,981.2,,,676391,Ernie Clement,159,4.01,3.31,2026,,,141,Toronto Blue Jays,4,0,
30,34,,,,,49,4,1,.980,21,21,18,fielding,160.0,,,624641,Edmundo Sosa,14,2.70,2.29,2026,,,143,Philadelphia Phillies,1,0,
28,2,,,,,49,0,1,.980,30,30,23,fielding,211.2,,,668715,Spencer Steer,46,2.05,1.60,2026,,,113,Cincinnati Reds,0,0,
31,66,,,,,97,5,2,.979,56,56,43,fielding,364.2,,,642215,Weston Wilson,29,2.35,1.70,2026,,,136,Seattle Mariners,1,0,
24,5,,,,,240,3,5,.979,83,83,71,fielding,634.2,,,694249,Cole Carrigg,230,3.34,2.83,2026,,,115,Colorado Rockies,1,0,
30,0,,,,,48,0,1,.979,55,55,15,fielding,206.0,,,656537,Derek Hill,47,2.05,0.85,2026,,,143,Philadelphia Phillies,0,0,
24,31,,,,,48,8,1,.979,14,14,8,fielding,87.0,,,807713,Matt Shaw,16,4.86,3.36,2026,,,112,Chicago Cubs,0,0,
23,0,,,,,48,0,1,.979,19,19,15,fielding,143.1,,,828599,Lucas Spence,47,2.96,2.47,2026,,,117,Houston Astros,0,0,
27,115,,,,,190,19,4,.979,53,53,50,fielding,413.0,,,665487,Fernando Tatis Jr.,71,4.05,3.51,2026,,,135,San Diego Padres,3,0,
29,97,,,,,142,21,3,.979,44,44,38,fielding,352.1,,,663538,Nico Hoerner,42,3.55,3.16,2026,,,112,Chicago Cubs,2,0,
27,34,,,,,47,5,1,.979,35,35,26,fielding,235.0,,,665877,José Fermín,12,1.76,1.31,2026,,,138,St. Louis Cardinals,1,0,
26,24,,,,,47,6,1,.979,19,19,11,fielding,104.2,,,680869,Zack Gelof,22,3.98,2.42,2026,,,133,Athletics,0,0,
23,2,,,,,47,0,1,.979,44,44,21,fielding,210.2,,,814439,Ryan Waldschmidt,44,1.97,1.05,2026,,,109,Arizona Diamondbacks,0,0,
29,192,,,,,276,42,6,.978,70,70,66,fielding,579.0,,,676609,José Caballero,78,4.20,3.86,2026,,,147,New York Yankees,2,0,
24,26,,,,,46,3,1,.978,22,22,12,fielding,103.0,,,694249,Cole Carrigg,19,3.93,2.05,2026,,,115,Colorado Rockies,0,0,
31,14,,,,,46,3,1,.978,32,32,32,fielding,185.0,,,650633,Michael King,31,2.19,1.41,2026,,,135,San Diego Padres,1,0,
28,26,,,,,46,3,1,.978,16,16,14,fielding,115.0,,,668715,Spencer Steer,19,3.52,2.81,2026,,,113,Cincinnati Reds,0,0,
28,0,,,,,46,0,1,.978,27,27,26,fielding,201.0,,,668715,Spencer Steer,45,2.01,1.67,2026,,,113,Cincinnati Reds,1,0,
24,4,,,,,137,0,3,.978,65,65,57,fielding,510.1,,,683748,Victor Mesa Jr.,130,2.36,2.06,2026,,,139,Tampa Bay Rays,3,0,
26,16,,,,,136,6,3,.978,26,26,16,fielding,154.2,,,683146,Brett Baty,117,7.77,5.12,2026,,,121,New York Mets,2,0,
25,0,,,,,90,0,2,.978,42,42,34,fielding,315.1,,,682987,Spencer Jones,88,2.51,2.10,2026,,,147,New York Yankees,0,0,
21,145,,,,,225,34,5,.978,74,74,68,fielding,607.0,,,806198,Cooper Pratt,75,3.26,2.97,2026,,,158,Milwaukee Brewers,2,0,
27,8,,,,,222,0,5,.977,133,133,124,fielding,1093.1,,,666176,Jo Adell,209,1.79,1.63,2026,,,114,Cleveland Guardians,3,0,
28,135,,,,,222,10,5,.977,113,113,108,fielding,943.2,,,666182,Bo Bichette,82,2.07,1.92,2026,,,121,New York Mets,4,0,
23,9,,,,,222,1,5,.977,92,92,87,fielding,785.0,,,695731,Braden Montgomery,208,2.49,2.36,2026,,,145,Chicago White Sox,2,0,
25,298,,,,,488,55,11,.977,143,143,141,fielding,1253.2,,,677587,Brayan Rocchio,179,3.43,3.34,2026,,,114,Cleveland Guardians,5,0,
33,257,,,,,397,51,9,.977,122,122,120,fielding,1050.2,,,605141,Mookie Betts,131,3.33,3.18,2026,,,119,Los Angeles Dodgers,3,0,
31,130,,,,,220,33,5,.977,62,62,51,fielding,456.2,,,643289,Mauricio Dubón,85,4.24,3.47,2026,,,144,Atlanta Braves,3,0,
29,0,,,,,88,0,2,.977,53,53,37,fielding,354.1,,,681546,James Outman,86,2.19,1.62,2026,,,116,Detroit Tigers,0,0,
27,0,,,,,44,0,1,.977,22,22,18,fielding,137.1,,,694374,Tim Tawa,43,2.82,1.95,2026,,,109,Arizona Diamondbacks,0,0,
28,2,,,,,44,0,1,.977,11,11,7,fielding,58.0,,,676572,Eric Wagaman,41,6.67,3.91,2026,,,121,New York Mets,0,0,
24,30,,,,,44,2,1,.977,29,29,20,fielding,186.1,,,694377,Nick Yorke,13,2.08,1.48,2026,,,134,Pittsburgh Pirates,0,0,
29,11,,,,,130,7,3,.977,23,23,17,fielding,142.0,,,687859,Troy Johnston,116,8.05,5.52,2026,,,115,Colorado Rockies,1,0,
26,2,,,,,43,0,1,.977,26,26,18,fielding,165.1,,,681297,Colton Cowser,40,2.29,1.62,2026,,,110,Baltimore Orioles,0,0,
28,134,,,,,215,12,5,.977,100,100,99,fielding,847.0,,,673962,Josh Jung,76,2.23,2.10,2026,,,140,Texas Rangers,3,0,
26,27,,,,,43,7,1,.977,13,13,8,fielding,78.0,,,672724,Oswald Peraza,15,4.85,3.23,2026,,,108,Los Angeles Angels,0,0,
29,1,,,,,43,0,1,.977,21,21,13,fielding,129.0,,,645302,Victor Robles,41,2.93,2.00,2026,,,136,Seattle Mariners,0,0,
28,0,,,,,43,0,1,.977,39,39,32,fielding,265.1,,,663494,Bryan Torres,42,1.43,1.08,2026,,,138,St. Louis Cardinals,0,0,
27,139,,,,,213,29,5,.977,72,72,56,fielding,467.1,,,666397,Edouard Julien,69,4.01,2.89,2026,,,115,Colorado Rockies,2,0,
25,22,,,,,42,4,1,.976,10,10,10,fielding,83.0,,,677587,Brayan Rocchio,19,4.45,4.10,2026,,,114,Cleveland Guardians,0,0,
31,58,,,,,83,6,2,.976,34,34,19,fielding,191.0,,,656716,Zach McKinstry,23,3.82,2.38,2026,,,116,Detroit Tigers,1,0,
26,24,,,,,41,5,1,.976,15,15,10,fielding,94.0,,,672356,Gabriel Arias,16,3.83,2.67,2026,,,112,Chicago Cubs,1,0,
30,0,,,,,41,0,1,.976,47,47,7,fielding,145.1,,,670770,TJ Friedl,40,2.48,0.85,2026,,,113,Cincinnati Reds,0,0,
25,86,,,,,123,14,3,.976,38,38,34,fielding,288.0,,,687093,Vaughn Grissom,34,3.75,3.16,2026,,,108,Los Angeles Angels,1,0,
25,22,,,,,41,4,1,.976,31,31,31,fielding,168.2,,,700241,Michael McGreevy,18,2.14,1.29,2026,,,138,St. Louis Cardinals,1,0,
33,6,,,,,41,3,1,.976,8,8,6,fielding,50.0,,,656941,Kyle Schwarber,34,7.20,5.00,2026,,,143,Philadelphia Phillies,0,0,
35,2,,,,,123,0,3,.976,83,83,64,fielding,557.2,,,573262,Mike Yastrzemski,118,1.94,1.45,2026,,,144,Atlanta Braves,1,0,
35,216,,,,,324,27,8,.975,145,145,142,fielding,1223.2,,,571448,Nolan Arenado,100,2.33,2.18,2026,,,109,Arizona Diamondbacks,3,0,
31,11,,,,,40,1,1,.975,32,32,32,fielding,153.2,,,621111,Walker Buehler,28,2.29,1.22,2026,,,135,San Diego Padres,1,0,
26,0,,,,,40,0,1,.975,28,28,20,fielding,166.0,,,701305,Zach Dezenzo,39,2.11,1.39,2026,,,117,Houston Astros,0,0,
30,26,,,,,40,4,1,.975,18,18,8,fielding,95.0,,,624641,Edmundo Sosa,13,3.69,2.17,2026,,,143,Philadelphia Phillies,1,0,
28,42,,,,,80,5,2,.975,50,50,27,fielding,260.1,,,669707,Jared Triolo,36,2.70,1.56,2026,,,134,Pittsburgh Pirates,1,0,
24,4,,,,,117,0,3,.974,72,72,62,fielding,522.0,,,682657,Angel Martínez,110,1.97,1.58,2026,,,114,Cleveland Guardians,2,0,
35,16,,,,,39,0,1,.974,34,34,19,fielding,137.0,,,607067,Colin Rea,22,2.50,1.12,2026,,,112,Chicago Cubs,1,0,
29,2,,,,,39,1,1,.974,37,37,19,fielding,183.0,,,645302,Victor Robles,36,1.87,1.03,2026,,,136,Seattle Mariners,0,0,
24,2,3.79,0,0,.000,78,0,2,.974,12,12,11,fielding,95.0,1,0,683679,Jesus Rodriguez,74,7.20,6.33,2026,1.000,10,137,San Francisco Giants,2,0,4
33,4,,,,,39,3,1,.974,8,8,6,fielding,41.0,,,596142,Gary Sánchez,34,8.34,4.75,2026,,,158,Milwaukee Brewers,0,0,
23,0,,,,,38,0,1,.974,24,24,21,fielding,171.1,,,695491,Joshua Báez,37,1.95,1.54,2026,,,138,St. Louis Cardinals,0,0,
24,259,,,,,418,46,11,.974,126,126,111,fielding,979.0,,,695657,Colson Montgomery,148,3.74,3.23,2026,,,145,Chicago White Sox,3,0,
27,47,,,,,76,6,2,.974,24,24,24,fielding,200.0,,,669477,Casey Schmitt,27,3.33,3.08,2026,,,137,San Francisco Giants,2,0,
27,0,,,,,38,0,1,.974,28,28,15,fielding,159.1,,,694374,Tim Tawa,37,2.09,1.32,2026,,,109,Arizona Diamondbacks,0,0,
24,9,,,,,304,1,8,.974,149,149,148,fielding,1306.1,,,691023,Jordan Walker,287,2.04,1.99,2026,,,138,St. Louis Cardinals,5,0,
27,15,,,,,38,0,1,.974,28,28,28,fielding,185.0,,,808967,Yoshinobu Yamamoto,22,1.80,1.32,2026,,,119,Los Angeles Dodgers,1,0,
27,78,,,,,113,6,3,.973,58,58,43,fielding,388.1,,,687401,Joey Ortiz,32,2.55,1.90,2026,,,158,Milwaukee Brewers,2,0,
27,52,,,,,75,5,2,.973,35,35,23,fielding,211.0,,,694376,Shay Whitcomb,21,3.11,2.09,2026,,,137,San Francisco Giants,0,0,
27,127,,,,,187,13,5,.973,75,75,64,fielding,582.1,,,679845,Nick Loftin,55,2.81,2.43,2026,,,118,Kansas City Royals,4,0,
27,74,,,,,112,5,3,.973,57,57,41,fielding,369.1,,,677649,Ezequiel Duran,35,2.66,1.91,2026,,,140,Texas Rangers,1,0,
28,98,,,,,149,13,4,.973,87,87,66,fielding,577.1,,,666152,David Hamilton,47,2.26,1.67,2026,,,158,Milwaukee Brewers,3,0,
27,109,,,,,186,28,5,.973,66,66,47,fielding,436.2,,,675961,Alika Williams,72,3.74,2.74,2026,,,133,Athletics,3,0,
27,49,,,,,74,11,2,.973,21,21,16,fielding,139.2,,,677942,Blaze Alexander,23,4.66,3.43,2026,,,110,Baltimore Orioles,2,0,
30,0,,,,,37,0,1,.973,32,32,28,fielding,199.0,,,641343,Jake Bauers,36,1.63,1.13,2026,,,158,Milwaukee Brewers,0,0,
33,1,3.96,1,0,.000,37,1,1,.973,8,8,6,fielding,50.0,1,0,605244,Aramis Garcia,35,6.48,4.50,2026,1.000,6,109,Arizona Diamondbacks,0,0,2
25,0,,,,,37,0,1,.973,16,16,13,fielding,118.0,,,677956,Rece Hinds,36,2.75,2.25,2026,,,110,Baltimore Orioles,0,0,
27,1,,,,,37,0,1,.973,15,15,10,fielding,91.1,,,669326,Bryce Teodosio,35,3.56,2.40,2026,,,108,Los Angeles Angels,1,0,
30,64,,,,,110,15,3,.973,40,40,31,fielding,257.0,,,676391,Ernie Clement,43,3.75,2.68,2026,,,141,Toronto Blue Jays,2,0,
29,128,,,,,183,16,5,.973,94,94,73,fielding,655.1,,,663647,Ke'Bryan Hayes,50,2.45,1.89,2026,,,113,Cincinnati Reds,2,0,
27,2,7.30,0,1,.100,73,0,2,.973,20,20,11,fielding,98.2,0,0,690924,Braxton Fulford,69,6.52,3.55,2026,.900,9,115,Colorado Rockies,2,0,3
23,4,,,,,182,0,5,.973,93,93,86,fielding,751.0,,,695578,James Wood,173,2.12,1.90,2026,,,120,Washington Nationals,2,0,
20,19,,,,,36,2,1,.972,15,15,15,fielding,129.0,,,806068,Colt Emerson,16,2.44,2.33,2026,,,136,Seattle Mariners,1,0,
22,0,,,,,36,0,1,.972,12,12,10,fielding,85.0,,,699115,Carlos Jorge,35,3.71,2.92,2026,,,113,Cincinnati Reds,0,0,
30,0,,,,,36,0,1,.972,34,34,17,fielding,164.1,,,663968,Jake Mangum,35,1.92,1.03,2026,,,134,Pittsburgh Pirates,0,0,
23,48,,,,,72,16,2,.972,24,24,20,fielding,181.0,,,807726,John Peck,22,3.48,2.92,2026,,,116,Detroit Tigers,1,0,
20,2,3.58,1,0,.000,72,0,2,.972,10,10,9,fielding,73.0,0,0,806956,Ethan Salas,68,8.63,7.00,2026,1.000,6,135,San Diego Padres,1,0,3
22,18,,,,,36,7,1,.972,8,8,7,fielding,57.0,,,701398,Sal Stewart,17,5.53,4.38,2026,,,113,Cincinnati Reds,0,0,
27,154,,,,,250,31,7,.972,86,86,64,fielding,580.2,,,687401,Joey Ortiz,89,3.77,2.83,2026,,,158,Milwaukee Brewers,5,0,
27,67,,,,,107,13,3,.972,37,37,27,fielding,236.0,,,693304,Nick Gonzales,37,3.97,2.81,2026,,,134,Pittsburgh Pirates,1,0,
26,282,,,,,388,31,11,.972,151,151,147,fielding,1302.0,,,702332,Caleb Durbin,95,2.61,2.50,2026,,,111,Boston Red Sox,5,0,
29,132,,,,,211,26,6,.972,54,54,51,fielding,459.0,,,655316,Andruw Monasterio,73,4.02,3.80,2026,,,111,Boston Red Sox,3,0,
22,94,,,,,140,19,4,.971,42,42,35,fielding,318.2,,,695490,Edwin Arroyo,42,3.85,3.24,2026,,,113,Cincinnati Reds,2,0,
33,13,,,,,35,6,1,.971,12,12,4,fielding,53.1,,,595879,Javier Báez,21,5.77,2.83,2026,,,116,Detroit Tigers,1,0,
26,67,,,,,105,9,3,.971,34,34,26,fielding,250.2,,,680574,Matt McLain,35,3.67,3.00,2026,,,113,Cincinnati Reds,0,0,
27,13,,,,,312,2,9,.971,153,153,153,fielding,1357.0,,,677800,Wilyer Abreu,290,2.01,1.98,2026,,,111,Boston Red Sox,5,0,
23,160,,,,,277,38,8,.971,76,76,72,fielding,636.1,,,807712,Luke Keaschall,109,3.81,3.54,2026,,,142,Minnesota Twins,2,0,
26,140,,,,,207,20,6,.971,76,76,75,fielding,636.0,,,672580,Maikel Garcia,61,2.84,2.64,2026,,,118,Kansas City Royals,3,0,
25,367,,,,,616,75,18,.971,149,149,149,fielding,1311.1,,,683002,Gunnar Henderson,231,4.11,4.01,2026,,,110,Baltimore Orioles,9,0,
29,239,,,,,376,13,11,.971,158,158,157,fielding,1387.0,,,663586,Austin Riley,126,2.37,2.31,2026,,,144,Atlanta Braves,6,0,
28,1,,,,,34,0,1,.971,17,17,15,fielding,121.0,,,666139,Josh Lowe,32,2.45,1.94,2026,,,108,Los Angeles Angels,1,0,
26,67,,,,,102,12,3,.971,27,27,23,fielding,207.0,,,681393,Connor Norby,32,4.30,3.67,2026,,,115,Colorado Rockies,0,0,
31,7,,,,,102,2,3,.971,67,67,51,fielding,458.2,,,641933,Tyler O'Neill,92,1.95,1.48,2026,,,110,Baltimore Orioles,1,0,
33,155,,,,,238,39,7,.971,62,62,62,fielding,544.0,,,596115,Trevor Story,76,3.82,3.73,2026,,,111,Boston Red Sox,4,0,
23,6,,,,,67,3,2,.970,12,12,9,fielding,77.0,,,815873,Sean Keys,59,7.60,5.42,2026,,,141,Toronto Blue Jays,0,0,
21,191,,,,,301,41,9,.970,96,96,78,fielding,675.2,,,805808,Kevin McGonigle,101,3.89,3.04,2026,,,116,Detroit Tigers,4,0,
30,0,,,,,33,0,1,.970,21,21,17,fielding,132.1,,,665019,Kody Clemens,32,2.18,1.52,2026,,,142,Minnesota Twins,1,0,
28,1,,,,,33,0,1,.970,24,24,12,fielding,114.1,,,664983,Jake McCarthy,31,2.53,1.33,2026,,,115,Colorado Rockies,0,0,
32,0,,,,,66,0,2,.970,42,42,42,fielding,335.1,,,656811,Ryan O'Hearn,64,1.72,1.52,2026,,,134,Pittsburgh Pirates,1,0,
29,0,,,,,33,0,1,.970,22,22,21,fielding,162.0,,,650859,Luis Rengifo,32,1.78,1.45,2026,,,135,San Diego Padres,1,0,
28,17,,,,,33,4,1,.970,12,12,11,fielding,95.0,,,669699,Braden Shewmake,15,3.03,2.67,2026,,,117,Houston Astros,0,0,
29,25,,,,,33,0,1,.970,33,33,33,fielding,207.0,,,650911,Cristopher Sánchez,7,1.39,0.97,2026,,,143,Philadelphia Phillies,1,0,
23,1,,,,,33,0,1,.970,19,19,17,fielding,143.0,,,696135,Kahlil Watson,31,2.01,1.68,2026,,,114,Cleveland Guardians,1,0,
23,67,,,,,98,10,3,.969,33,33,33,fielding,281.0,,,701785,Kaelen Culpepper,28,3.04,2.88,2026,,,142,Minnesota Twins,0,0,
27,102,,,,,163,21,5,.969,46,46,40,fielding,354.0,,,678011,Anthony Seigler,56,4.02,3.43,2026,,,111,Boston Red Sox,2,0,
33,79,,,,,130,17,4,.969,35,35,31,fielding,260.1,,,595879,Javier Báez,47,4.36,3.60,2026,,,116,Detroit Tigers,3,0,
27,41,,,,,65,11,2,.969,16,16,11,fielding,107.1,,,668904,Royce Lewis,22,5.30,3.94,2026,,,142,Minnesota Twins,1,0,
27,174,,,,,292,25,9,.969,138,138,135,fielding,1167.0,,,670623,Isaac Paredes,109,2.18,2.05,2026,,,117,Houston Astros,4,0,
23,61,,,,,97,10,3,.969,56,56,51,fielding,444.2,,,691777,Max Muncy,33,1.91,1.68,2026,,,133,Athletics,3,0,
20,177,,,,,322,47,10,.969,76,76,74,fielding,664.1,,,804606,Konnor Griffin,135,4.23,4.11,2026,,,134,Pittsburgh Pirates,5,0,
31,25,,,,,32,1,1,.969,17,17,7,fielding,85.1,,,669289,Santiago Espinal,6,3.28,1.82,2026,,,119,Los Angeles Dodgers,0,0,
30,23,,,,,32,2,1,.969,31,31,31,fielding,172.2,,,656492,Foster Griffin,8,1.62,1.00,2026,,,114,Cleveland Guardians,1,0,
32,16,,,,,32,6,1,.969,18,18,11,fielding,102.0,,,622268,Donovan Walton,15,2.74,1.72,2026,,,133,Athletics,1,0,
27,43,,,,,93,11,3,.968,35,35,22,fielding,229.2,,,669397,Nick Allen,47,3.54,2.57,2026,,,117,Houston Astros,3,0,
33,0,,,,,31,0,1,.968,14,14,10,fielding,83.0,,,595879,Javier Báez,30,3.25,2.14,2026,,,116,Detroit Tigers,0,0,
24,1,,,,,31,1,1,.968,22,22,16,fielding,131.2,,,814430,Brett Callahan,29,2.06,1.36,2026,,,116,Detroit Tigers,0,0,
23,36,,,,,62,4,2,.968,24,24,20,fielding,179.0,,,691785,Marcelo Mayer,24,3.02,2.50,2026,,,111,Boston Red Sox,0,0,
26,14,,,,,31,1,1,.968,21,21,14,fielding,121.0,,,681393,Connor Norby,16,2.23,1.43,2026,,,115,Colorado Rockies,1,0,
28,2,,,,,62,0,2,.968,33,33,26,fielding,237.1,,,670231,John Rave,58,2.28,1.82,2026,,,118,Kansas City Royals,1,0,
27,1,,,,,62,0,2,.968,60,60,25,fielding,272.2,,,665923,Esteury Ruiz,59,1.99,1.00,2026,,,146,Miami Marlins,1,0,
28,23,,,,,31,5,1,.968,14,14,5,fielding,54.2,,,686475,Tyler Tolbert,7,5.00,2.14,2026,,,118,Kansas City Royals,1,0,
29,20,,,,,31,1,1,.968,27,27,27,fielding,160.2,,,657277,Logan Webb,10,1.69,1.11,2026,,,137,San Francisco Giants,1,0,
25,332,,,,,557,74,18,.968,153,153,153,fielding,1340.1,,,687263,Zach Neto,207,3.62,3.52,2026,,,108,Los Angeles Angels,7,0,
26,85,,,,,122,7,4,.967,66,66,57,fielding,502.0,,,669357,Nolan Gorman,33,2.12,1.79,2026,,,138,St. Louis Cardinals,1,0,
28,37,,,,,61,6,2,.967,23,23,14,fielding,132.2,,,686475,Tyler Tolbert,22,4.02,2.57,2026,,,118,Kansas City Royals,1,0,
32,197,,,,,334,43,11,.967,103,103,102,fielding,894.1,,,596019,Francisco Lindor,126,3.25,3.14,2026,,,121,New York Mets,4,0,
28,61,,,,,91,8,3,.967,43,43,41,fielding,367.2,,,681082,Bryson Stott,27,2.16,2.05,2026,,,143,Philadelphia Phillies,2,0,
27,16,,,,,30,2,1,.967,25,25,25,fielding,138.2,,,676106,Emerson Hancock,13,1.89,1.16,2026,,,136,Seattle Mariners,1,0,
37,17,,,,,30,1,1,.967,29,29,29,fielding,162.0,,,518876,Merrill Kelly,12,1.61,1.00,2026,,,109,Arizona Diamondbacks,1,0,
24,16,,,,,30,3,1,.967,32,32,32,fielding,174.1,,,694973,Paul Skenes,13,1.50,0.91,2026,,,134,Pittsburgh Pirates,1,0,
28,208,,,,,387,58,13,.966,109,109,106,fielding,904.1,,,665161,Jeremy Peña,166,3.72,3.43,2026,,,117,Houston Astros,4,0,
25,150,,,,,238,16,8,.966,110,110,106,fielding,939.2,,,686797,Brooks Lee,80,2.20,2.09,2026,,,142,Minnesota Twins,4,0,
23,60,,,,,89,8,3,.966,41,41,32,fielding,270.0,,,701678,Hao-Yu Lee,26,2.87,2.10,2026,,,116,Detroit Tigers,1,0,
31,35,,,,,59,6,2,.966,24,24,16,fielding,143.0,,,670097,Zack Short,22,3.59,2.38,2026,,,121,New York Mets,1,0,
28,118,,,,,205,35,7,.966,71,71,59,fielding,527.2,,,669707,Jared Triolo,80,3.38,2.79,2026,,,134,Pittsburgh Pirates,2,0,
29,152,,,,,232,17,8,.966,106,106,103,fielding,907.2,,,664761,Alec Bohm,72,2.22,2.11,2026,,,143,Philadelphia Phillies,4,0,
29,35,,,,,58,2,2,.966,37,37,23,fielding,218.1,,,676609,José Caballero,21,2.31,1.51,2026,,,147,New York Yankees,2,0,
30,21,,,,,29,0,1,.966,14,14,10,fielding,88.2,,,676391,Ernie Clement,7,2.86,2.00,2026,,,141,Toronto Blue Jays,0,0,
23,193,,,,,290,19,10,.966,129,129,116,fielding,1027.2,,,691720,Kyle Karros,87,2.45,2.17,2026,,,115,Colorado Rockies,2,0,
34,14,,,,,29,3,1,.966,32,32,25,fielding,127.1,,,547179,Michael Lorenzen,14,1.98,0.88,2026,,,141,Toronto Blue Jays,1,0,
26,2,3.86,0,2,.333,29,0,1,.966,5,5,3,fielding,28.0,0,0,805672,Collin Price,26,9.00,5.60,2026,.667,4,117,Houston Astros,1,0,1
27,16,,,,,29,4,1,.966,29,29,29,fielding,155.0,,,694738,Landen Roupp,12,1.63,0.97,2026,,,137,San Francisco Giants,1,0,
25,36,,,,,58,7,2,.966,22,22,20,fielding,170.0,,,810938,Ben Williamson,20,2.96,2.55,2026,,,139,Tampa Bay Rays,1,0,
33,4,,,,,113,0,4,.965,66,66,63,fielding,563.0,,,666969,Adolis García,105,1.74,1.65,2026,,,143,Philadelphia Phillies,2,0,
27,66,,,,,113,13,4,.965,36,36,25,fielding,220.0,,,679845,Nick Loftin,43,4.46,3.03,2026,,,118,Kansas City Royals,3,0,
30,13,,,,,28,2,1,.964,30,30,11,fielding,88.2,,,656288,Griffin Canning,14,2.76,0.90,2026,,,135,San Diego Padres,1,0,
33,11,,,,,28,0,1,.964,18,18,18,fielding,101.1,,,605280,Clay Holmes,16,2.41,1.50,2026,,,112,Chicago Cubs,1,0,
27,16,,,,,28,2,1,.964,16,16,9,fielding,90.2,,,671083,Buddy Kennedy,11,2.70,1.69,2026,,,137,San Francisco Giants,1,0,
26,0,,,,,56,0,2,.964,26,26,23,fielding,202.2,,,671218,Heliot Ramos,54,2.41,2.08,2026,,,147,New York Yankees,1,0,
24,290,,,,,503,59,18,.964,131,131,131,fielding,1140.2,,,682829,Elly De La Cruz,195,3.83,3.70,2026,,,113,Cincinnati Reds,7,0,
27,344,,,,,581,76,21,.964,156,156,154,fielding,1357.0,,,672640,Otto Lopez,216,3.71,3.59,2026,,,146,Miami Marlins,13,0,
25,81,,,,,110,6,4,.964,48,48,42,fielding,380.2,,,678554,Curtis Mead,25,2.51,2.21,2026,,,120,Washington Nationals,2,0,
27,1,,,,,55,0,2,.964,28,28,23,fielding,180.0,,,665923,Esteury Ruiz,52,2.65,1.89,2026,,,146,Miami Marlins,1,0,
27,9,,,,,27,2,1,.963,31,31,31,fielding,179.2,,,669358,Shane Baz,17,1.31,0.84,2026,,,110,Baltimore Orioles,1,0,
28,79,,,,,135,18,5,.963,47,47,44,fielding,391.1,,,666182,Bo Bichette,51,2.99,2.77,2026,,,121,New York Mets,2,0,
23,18,,,,,27,1,1,.963,12,12,7,fielding,62.0,,,695508,Cam Cauley,8,3.77,2.17,2026,,,140,Texas Rangers,0,0,
31,19,,,,,27,3,1,.963,14,14,12,fielding,92.0,,,621043,Carlos Correa,7,2.54,1.86,2026,,,117,Houston Astros,1,0,
25,34,,,,,54,3,2,.963,26,26,16,fielding,148.0,,,683227,Cody Freeman,18,3.16,2.00,2026,,,140,Texas Rangers,1,0,
33,15,,,,,27,0,1,.963,33,33,33,fielding,175.1,,,605400,Aaron Nola,11,1.34,0.79,2026,,,143,Philadelphia Phillies,0,0,
33,341,,,,,564,61,21,.963,154,154,154,fielding,1343.1,,,607208,Trea Turner,202,3.64,3.53,2026,,,143,Philadelphia Phillies,8,0,
30,282,,,,,479,74,18,.962,121,121,121,fielding,1046.1,,,642715,Willy Adames,179,3.97,3.81,2026,,,137,San Francisco Giants,10,0,
28,1,,,,,53,0,2,.962,31,31,29,fielding,236.0,,,669065,Kyle Stowers,50,1.94,1.65,2026,,,146,Miami Marlins,0,0,
28,5,,,,,79,1,3,.962,45,45,41,fielding,353.2,,,686527,Dominic Canzone,71,1.94,1.69,2026,,,136,Seattle Mariners,3,0,
33,172,,,,,235,21,9,.962,83,83,82,fielding,718.2,,,656305,Matt Chapman,54,2.83,2.72,2026,,,137,San Francisco Giants,5,0,
29,10,,,,,26,0,1,.962,32,32,32,fielding,186.0,,,669302,Logan Gilbert,15,1.21,0.78,2026,,,136,Seattle Mariners,1,0,
27,17,,,,,26,2,1,.962,27,27,24,fielding,138.1,,,669372,J.T. Ginn,8,1.63,0.93,2026,,,133,Athletics,1,0,
31,13,,,,,26,4,1,.962,27,27,27,fielding,149.0,,,641816,Tyler Mahle,12,1.51,0.93,2026,,,144,Atlanta Braves,1,0,
23,16,,,,,26,3,1,.962,9,9,8,fielding,65.1,,,700246,Carson Williams,9,3.46,2.78,2026,,,139,Tampa Bay Rays,0,0,
25,306,,,,,511,69,20,.961,132,132,127,fielding,1118.0,,,682928,CJ Abrams,185,3.95,3.72,2026,,,120,Washington Nationals,8,0,
34,65,,,,,102,8,4,.961,50,50,49,fielding,401.0,,,553993,Eugenio Suárez,33,2.20,1.96,2026,,,113,Cincinnati Reds,1,0,
26,81,,,,,126,7,5,.960,58,58,50,fielding,457.0,,,683146,Brett Baty,40,2.38,2.09,2026,,,121,New York Mets,3,0,
31,148,,,,,226,8,9,.960,122,122,90,fielding,875.1,,,641857,Ryan McMahon,69,2.23,1.78,2026,,,147,New York Yankees,6,0,
22,8,5.18,3,6,.240,150,2,6,.960,20,20,15,fielding,140.2,1,0,699024,Leo Bernal,136,9.26,7.20,2026,.760,19,138,St. Louis Cardinals,3,0,5
26,16,,,,,25,2,1,.960,32,32,27,fielding,172.1,,,680732,Sean Burke,8,1.26,0.75,2026,,,145,Chicago White Sox,1,0,
24,30,,,,,50,8,2,.960,19,19,11,fielding,95.0,,,813841,Jonah Cox,18,4.55,2.53,2026,,,137,San Francisco Giants,1,0,
23,1,,,,,75,1,3,.960,45,45,42,fielding,375.2,,,691176,Jasson Domínguez,71,1.73,1.60,2026,,,147,New York Yankees,0,0,
26,153,,,,,250,27,10,.960,80,80,63,fielding,581.0,,,669236,Jeremiah Jackson,87,3.72,3.00,2026,,,110,Baltimore Orioles,4,0,
31,16,,,,,25,0,1,.960,33,33,31,fielding,158.0,,,641743,Anthony Kay,8,1.37,0.73,2026,,,145,Chicago White Sox,1,0,
27,17,,,,,25,1,1,.960,76,76,0,fielding,86.0,,,670970,Adrian Morejon,7,2.51,0.32,2026,,,135,San Diego Padres,1,0,
26,36,,,,,50,4,2,.960,32,32,18,fielding,179.0,,,672724,Oswald Peraza,12,2.41,1.50,2026,,,108,Los Angeles Angels,1,0,
28,16,,,,,25,3,1,.960,10,10,8,fielding,59.0,,,669699,Braden Shewmake,8,3.66,2.40,2026,,,158,Milwaukee Brewers,0,0,
25,32,,,,,50,6,2,.960,12,12,11,fielding,102.1,,,683011,Anthony Volpe,16,4.24,4.00,2026,,,147,New York Yankees,0,0,
32,0,,,,,25,0,1,.960,15,15,12,fielding,109.1,,,621493,Taylor Ward,24,1.98,1.60,2026,,,136,Seattle Mariners,1,0,
26,15,,,,,25,1,1,.960,32,32,32,fielding,184.1,,,668909,Gavin Williams,9,1.17,0.75,2026,,,114,Cleveland Guardians,1,0,
27,13,,,,,25,0,1,.960,28,28,28,fielding,156.2,,,687064,Brandon Young,11,1.38,0.86,2026,,,110,Baltimore Orioles,1,0,
29,64,,,,,123,7,5,.959,56,56,47,fielding,430.0,,,650859,Luis Rengifo,54,2.47,2.11,2026,,,135,San Diego Padres,3,0,
30,2,,,,,73,0,3,.959,57,57,26,fielding,274.0,,,642350,Jose Siri,68,2.30,1.23,2026,,,108,Los Angeles Angels,0,0,
33,10,,,,,24,0,1,.958,33,33,15,fielding,141.0,,,607200,Erick Fedde,13,1.47,0.70,2026,,,145,Chicago White Sox,0,0,
32,17,,,,,24,1,1,.958,20,20,20,fielding,112.2,,,608331,Max Fried,6,1.85,1.15,2026,,,147,New York Yankees,1,0,
33,3,,,,,24,4,1,.958,3,3,3,fielding,26.0,,,656582,Connor Joe,20,7.96,7.67,2026,,,136,Seattle Mariners,1,0,
23,93,,,,,120,7,5,.958,52,52,44,fielding,399.0,,,691458,Blaze Jordan,22,2.59,2.21,2026,,,138,St. Louis Cardinals,1,0,
31,17,,,,,24,2,1,.958,67,67,0,fielding,67.0,,,642528,Jonathan Loáisiga,6,3.09,0.34,2026,,,109,Arizona Diamondbacks,1,0,
30,18,,,,,24,0,1,.958,32,32,32,fielding,169.0,,,642547,Freddy Peralta,5,1.22,0.72,2026,,,139,Tampa Bay Rays,1,0,
27,17,,,,,24,3,1,.958,7,7,5,fielding,51.0,,,669477,Casey Schmitt,6,4.06,3.29,2026,,,137,San Francisco Giants,1,0,
25,0,,,,,48,0,2,.958,33,33,23,fielding,168.0,,,687515,Colby Thomas,46,2.46,1.39,2026,,,133,Athletics,0,0,
27,3,,,,,24,5,1,.958,7,7,4,fielding,39.0,,,669911,Michael Toglia,20,5.31,3.29,2026,,,113,Cincinnati Reds,0,0,
25,67,,,,,95,7,4,.958,54,54,42,fielding,349.2,,,688363,Graham Pauley,24,2.35,1.69,2026,,,146,Miami Marlins,1,0,
20,110,,,,,189,24,8,.958,54,54,52,fielding,459.0,,,806068,Colt Emerson,71,3.55,3.35,2026,,,136,Seattle Mariners,6,0,
22,3,,,,,47,0,2,.957,30,30,29,fielding,242.0,,,701350,Roman Anthony,42,1.67,1.50,2026,,,111,Boston Red Sox,2,0,
30,22,,,,,47,3,2,.957,18,18,15,fielding,135.0,,,656484,Tristan Gray,23,3.00,2.50,2026,,,142,Minnesota Twins,1,0,
21,165,,,,,235,12,10,.957,94,94,72,fielding,644.0,,,805808,Kevin McGonigle,60,3.14,2.39,2026,,,116,Detroit Tigers,5,0,
23,173,,,,,255,16,11,.957,119,119,84,fielding,778.1,,,691594,Javier Sanoja,71,2.82,2.05,2026,,,146,Miami Marlins,4,0,
30,17,,,,,23,0,1,.957,36,36,33,fielding,214.0,,,645261,Sandy Alcantara,5,0.93,0.61,2026,,,146,Miami Marlins,1,0,
26,128,,,,,184,12,8,.957,70,70,66,fielding,572.2,,,680869,Zack Gelof,48,2.77,2.51,2026,,,133,Athletics,5,0,
27,2,,,,,69,0,3,.957,30,30,24,fielding,222.0,,,806367,Turner Hill,64,2.68,2.20,2026,,,137,San Francisco Giants,1,0,
25,14,,,,,23,0,1,.957,32,32,25,fielding,155.0,,,672456,Keider Montero,8,1.28,0.69,2026,,,116,Detroit Tigers,0,0,
28,13,,,,,23,1,1,.957,14,14,6,fielding,58.0,,,683734,Andrew Vaughn,9,3.41,1.57,2026,,,158,Milwaukee Brewers,1,0,
27,9,,,,,23,1,1,.957,32,32,23,fielding,140.2,,,681190,Randy Vásquez,13,1.41,0.69,2026,,,135,San Diego Padres,0,0,
22,131,,,,,181,9,8,.956,84,84,73,fielding,658.0,,,694203,Denzer Guzman,42,2.37,2.06,2026,,,108,Los Angeles Angels,4,0,
26,78,,,,,112,8,5,.955,50,50,45,fielding,411.2,,,687952,Christian Encarnacion-Strand,29,2.34,2.14,2026,,,110,Baltimore Orioles,2,0,
28,0,,,,,67,0,3,.955,44,44,38,fielding,284.1,,,660821,Jesús Sánchez,64,2.03,1.45,2026,,,141,Toronto Blue Jays,1,0,
28,95,,,,,155,18,7,.955,41,41,38,fielding,346.2,,,683766,Christian Koss,53,3.85,3.61,2026,,,137,San Francisco Giants,5,0,
34,14,,,,,22,0,1,.955,16,16,13,fielding,91.1,,,571771,Enrique Hernández,7,2.08,1.31,2026,,,119,Los Angeles Dodgers,1,0,
28,12,,,,,22,0,1,.955,30,30,30,fielding,174.2,,,669923,George Kirby,9,1.09,0.70,2026,,,136,Seattle Mariners,0,0,
29,3,,,,,44,0,2,.955,28,28,19,fielding,186.0,,,663604,Brandon Lockridge,39,2.03,1.50,2026,,,158,Milwaukee Brewers,1,0,
27,24,,,,,44,4,2,.955,12,12,8,fielding,73.2,,,676914,Davis Schneider,18,5.18,3.50,2026,,,141,Toronto Blue Jays,1,0,
26,1,,,,,22,0,1,.955,13,13,12,fielding,104.0,,,682927,Ronny Simon,20,1.82,1.62,2026,,,134,Pittsburgh Pirates,0,0,
24,1,,,,,22,3,1,.955,5,5,3,fielding,23.0,,,694377,Nick Yorke,20,8.22,4.20,2026,,,134,Pittsburgh Pirates,1,0,
35,213,,,,,326,15,15,.954,145,145,131,fielding,1158.0,,,571970,Max Muncy,98,2.42,2.14,2026,,,119,Los Angeles Dodgers,6,0,
26,184,,,,,303,20,14,.954,140,140,129,fielding,1142.0,,,678246,Miguel Vargas,105,2.28,2.06,2026,,,145,Chicago White Sox,12,0,
24,56,,,,,86,15,4,.953,26,26,23,fielding,203.1,,,682877,Juan Brito,26,3.64,3.15,2026,,,113,Cincinnati Reds,1,0,
23,42,,,,,64,7,3,.953,22,22,14,fielding,128.0,,,691594,Javier Sanoja,19,4.29,2.77,2026,,,146,Miami Marlins,2,0,
25,91,,,,,148,31,7,.953,38,38,35,fielding,311.1,,,805347,Jim Jarvis,50,4.08,3.71,2026,,,144,Atlanta Braves,1,0,
34,4,,,,,21,0,1,.952,3,3,3,fielding,24.0,,,608841,Joey Meneses,16,7.50,6.67,2026,,,133,Athletics,0,0,
35,16,,,,,21,0,1,.952,30,30,26,fielding,142.0,,,527048,Martín Pérez,4,1.27,0.67,2026,,,144,Atlanta Braves,0,0,
32,49,,,,,63,5,3,.952,30,30,22,fielding,196.0,,,668942,Josh Rojas,11,2.76,2.00,2026,,,118,Kansas City Royals,3,0,
24,2,,,,,62,0,3,.952,31,31,18,fielding,171.2,,,682668,Luisangel Acuña,57,3.11,1.90,2026,,,145,Chicago White Sox,2,0,
24,79,,,,,143,12,7,.951,76,76,67,fielding,568.2,,,691723,Coby Mayo,57,2.15,1.79,2026,,,110,Baltimore Orioles,6,0,
25,0,,,,,20,0,1,.950,23,23,7,fielding,94.2,,,678489,Jorge Barrosa,19,1.82,0.83,2026,,,117,Houston Astros,1,0,
33,9,,,,,20,0,1,.950,71,71,2,fielding,73.0,,,664199,Taylor Clarke,10,2.34,0.27,2026,,,109,Arizona Diamondbacks,1,0,
25,1,,,,,20,0,1,.950,14,14,7,fielding,69.0,,,805904,Zach Cole,18,2.48,1.36,2026,,,117,Houston Astros,1,0,
27,11,,,,,20,1,1,.950,20,20,20,fielding,111.0,,,676974,Max Meyer,8,1.54,0.95,2026,,,146,Miami Marlins,1,0,
28,0,,,,,20,0,1,.950,10,10,7,fielding,69.1,,,663457,Lars Nootbaar,19,2.48,1.90,2026,,,109,Arizona Diamondbacks,1,0,
31,8,,,,,20,0,1,.950,14,14,14,fielding,85.2,,,660271,Shohei Ohtani,11,2.01,1.36,2026,,,119,Los Angeles Dodgers,1,0,
32,13,,,,,20,0,1,.950,13,13,11,fielding,101.0,,,622268,Donovan Walton,6,1.69,1.46,2026,,,133,Athletics,1,0,
27,13,,,,,20,3,1,.950,7,7,4,fielding,37.0,,,694376,Shay Whitcomb,6,4.62,2.71,2026,,,137,San Francisco Giants,0,0,
34,10,,,,,20,0,1,.950,10,10,7,fielding,72.2,,,621550,Patrick Wisdom,9,2.38,1.90,2026,,,136,Seattle Mariners,1,0,
22,263,,,,,388,20,20,.948,161,161,161,fielding,1401.2,,,691406,Junior Caminero,105,2.36,2.29,2026,,,139,Tampa Bay Rays,12,0,
29,0,,,,,38,0,2,.947,25,25,24,fielding,194.0,,,670541,Yordan Alvarez,36,1.67,1.44,2026,,,117,Houston Astros,1,0,
24,2,,,,,38,0,2,.947,19,19,18,fielding,143.0,,,682674,Victor Bericoto,34,2.27,1.89,2026,,,137,San Francisco Giants,1,0,
24,53,,,,,95,17,5,.947,36,36,25,fielding,221.0,,,694378,Jacob Gonzalez,37,3.67,2.50,2026,,,134,Pittsburgh Pirates,2,0,
37,8,,,,,19,0,1,.947,25,25,11,fielding,116.0,,,571945,Miles Mikolas,10,1.40,0.72,2026,,,120,Washington Nationals,1,0,
28,15,,,,,19,1,1,.947,9,9,7,fielding,60.0,,,686765,Nick Sogard,3,2.70,2.00,2026,,,111,Boston Red Sox,0,0,
25,11,,,,,19,1,1,.947,22,22,19,fielding,97.0,,,687075,Brandon Sproat,7,1.67,0.82,2026,,,158,Milwaukee Brewers,1,0,
23,1,,,,,38,0,2,.947,19,19,17,fielding,149.0,,,695578,James Wood,35,2.17,1.89,2026,,,120,Washington Nationals,1,0,
27,122,,,,,208,11,11,.947,112,112,101,fielding,884.1,,,693304,Nick Gonzales,75,2.01,1.76,2026,,,134,Pittsburgh Pirates,6,0,
29,50,,,,,94,3,5,.947,47,47,36,fielding,305.0,,,650489,Willi Castro,39,2.63,1.89,2026,,,115,Colorado Rockies,3,0,
21,102,,,,,169,25,9,.947,42,42,42,fielding,373.2,,,806146,George Lombard Jr.,58,3.86,3.81,2026,,,147,New York Yankees,1,0,
33,159,,,,,244,15,13,.947,99,99,98,fielding,864.1,,,608070,José Ramírez,72,2.41,2.33,2026,,,114,Cleveland Guardians,3,0,
28,62,,,,,112,18,6,.946,34,34,29,fielding,247.0,,,666152,David Hamilton,44,3.86,3.12,2026,,,158,Milwaukee Brewers,2,0,
35,11,,,,,37,0,2,.946,32,32,32,fielding,177.2,,,592332,Kevin Gausman,24,1.78,1.09,2026,,,112,Chicago Cubs,1,0,
36,21,,,,,37,3,2,.946,32,32,32,fielding,172.1,,,607625,Seth Lugo,14,1.83,1.09,2026,,,118,Kansas City Royals,2,0,
24,57,,,,,91,12,5,.945,31,31,26,fielding,221.1,,,687231,Darell Hernaiz,29,3.50,2.77,2026,,,133,Athletics,3,0,
30,63,,,,,109,13,6,.945,37,37,34,fielding,277.1,,,656484,Tristan Gray,40,3.35,2.78,2026,,,142,Minnesota Twins,2,0,
28,12,,,,,18,0,1,.944,28,28,11,fielding,94.1,,,665871,Javier Assad,5,1.63,0.61,2026,,,112,Chicago Cubs,1,0,
26,14,,,,,18,1,1,.944,31,31,30,fielding,177.1,,,702070,Noah Cameron,3,0.86,0.55,2026,,,118,Kansas City Royals,1,0,
26,10,,,,,18,0,1,.944,7,7,6,fielding,51.0,,,669384,Raynel Delgado,7,3.00,2.43,2026,,,117,Houston Astros,1,0,
22,12,,,,,18,2,1,.944,7,7,6,fielding,57.0,,,694197,Angel Genao,5,2.68,2.43,2026,,,114,Cleveland Guardians,1,0,
27,42,,,,,72,9,4,.944,27,27,24,fielding,202.0,,,808975,Hyeseong Kim,26,3.03,2.52,2026,,,119,Los Angeles Dodgers,2,0,
26,10,,,,,18,0,1,.944,40,40,5,fielding,83.1,,,695418,Brad Lord,7,1.84,0.43,2026,,,120,Washington Nationals,0,0,
29,11,,,,,18,0,1,.944,26,26,26,fielding,131.1,,,663554,Casey Mize,6,1.17,0.65,2026,,,135,San Diego Padres,1,0,
25,85,,,,,144,18,8,.944,44,44,35,fielding,319.0,,,683083,Nasim Nuñez,51,3.84,3.09,2026,,,120,Washington Nationals,2,0,
31,0,,,,,18,0,1,.944,7,7,6,fielding,53.0,,,670042,Luke Raley,17,2.89,2.43,2026,,,136,Seattle Mariners,0,0,
28,0,,,,,18,0,1,.944,12,12,6,fielding,61.0,,,670231,John Rave,17,2.51,1.42,2026,,,118,Kansas City Royals,0,0,
29,10,,,,,18,4,1,.944,7,7,3,fielding,31.0,,,650859,Luis Rengifo,7,4.94,2.43,2026,,,135,San Diego Padres,1,0,
36,24,,,,,36,2,2,.944,54,54,4,fielding,91.0,,,608718,Brent Suter,10,3.36,0.63,2026,,,144,Atlanta Braves,2,0,
32,11,,,,,18,0,1,.944,31,31,31,fielding,174.0,,,664285,Framber Valdez,6,0.88,0.55,2026,,,116,Detroit Tigers,0,0,
33,6,4.55,3,2,.133,71,2,4,.944,13,13,9,fielding,85.0,0,0,664731,P.J. Higgins,61,7.09,5.15,2026,.867,13,113,Cincinnati Reds,1,0,2
27,58,,,,,88,6,5,.943,56,56,36,fielding,333.2,,,677942,Blaze Alexander,25,2.24,1.48,2026,,,110,Baltimore Orioles,1,0,
30,36,,,,,52,4,3,.942,14,14,11,fielding,86.1,,,624641,Edmundo Sosa,13,5.13,3.50,2026,,,143,Philadelphia Phillies,0,0,
23,35,,,,,52,4,3,.942,25,25,20,fielding,181.0,,,695720,Tommy White,14,2.44,1.96,2026,,,133,Athletics,0,0,
27,55,,,,,86,4,5,.942,40,40,35,fielding,306.0,,,668904,Royce Lewis,26,2.38,2.03,2026,,,142,Minnesota Twins,2,0,
27,10,,,,,17,0,1,.941,25,25,17,fielding,112.2,,,674841,Andrew Alvarez,6,1.29,0.64,2026,,,120,Washington Nationals,1,0,
28,9,,,,,17,0,1,.941,75,75,1,fielding,89.1,,,676879,Aaron Ashby,7,1.62,0.21,2026,,,158,Milwaukee Brewers,1,0,
34,12,,,,,17,0,1,.941,74,74,2,fielding,64.0,,,657514,Brennan Bernardino,4,2.25,0.22,2026,,,115,Colorado Rockies,1,0,
29,6,,,,,17,0,1,.941,73,73,0,fielding,77.2,,,677865,Justin Bruihl,10,1.87,0.22,2026,,,138,St. Louis Cardinals,1,0,
26,10,,,,,17,0,1,.941,9,9,3,fielding,39.0,,,669384,Raynel Delgado,6,3.69,1.78,2026,,,117,Houston Astros,0,0,
27,9,,,,,17,1,1,.941,4,4,4,fielding,32.0,,,693304,Nick Gonzales,7,4.50,4.00,2026,,,134,Pittsburgh Pirates,1,0,
25,7,,,,,17,0,1,.941,13,13,13,fielding,64.0,,,686799,Jack Kochanowicz,9,2.25,1.23,2026,,,108,Los Angeles Angels,1,0,
28,11,,,,,17,2,1,.941,7,7,5,fielding,45.0,,,668952,Ryan Kreidler,5,3.20,2.29,2026,,,142,Minnesota Twins,1,0,
28,0,,,,,17,0,1,.941,19,19,14,fielding,100.0,,,669016,Brandon Marsh,16,1.44,0.84,2026,,,143,Philadelphia Phillies,1,0,
28,0,,,,,17,0,1,.941,9,9,7,fielding,64.0,,,670224,Kameron Misner,16,2.25,1.78,2026,,,118,Kansas City Royals,0,0,
33,14,,,,,17,1,1,.941,60,60,6,fielding,90.1,,,656794,Sean Newcomb,2,1.60,0.27,2026,,,145,Chicago White Sox,1,0,
28,12,,,,,17,1,1,.941,30,30,30,fielding,169.2,,,669432,Trevor Rogers,4,0.85,0.53,2026,,,110,Baltimore Orioles,0,0,
26,33,,,,,49,3,3,.939,28,28,24,fielding,207.2,,,672356,Gabriel Arias,13,2.00,1.64,2026,,,114,Cleveland Guardians,2,0,
25,37,,,,,49,5,3,.939,28,28,25,fielding,211.0,,,687093,Vaughn Grissom,9,1.96,1.64,2026,,,108,Los Angeles Angels,3,0,
27,14,,,,,16,0,1,.938,32,32,32,fielding,166.0,,,671096,Andrew Abbott,1,0.81,0.47,2026,,,113,Cincinnati Reds,1,0,
27,11,,,,,16,2,1,.938,15,15,4,fielding,53.0,,,669397,Nick Allen,4,2.55,1.00,2026,,,117,Houston Astros,0,0,
24,0,,,,,16,0,1,.938,14,14,6,fielding,55.0,,,682674,Victor Bericoto,15,2.45,1.07,2026,,,137,San Francisco Giants,0,0,
28,8,,,,,16,5,1,.938,7,7,2,fielding,18.1,,,686555,Isaac Collins,7,7.50,2.14,2026,,,118,Kansas City Royals,0,0,
28,3,,,,,16,3,1,.938,2,2,2,fielding,18.0,,,666464,Jerar Encarnacion,12,7.50,7.50,2026,,,137,San Francisco Giants,0,0,
29,7,,,,,16,1,1,.938,26,26,22,fielding,123.1,,,663372,Ryan Feltner,8,1.10,0.58,2026,,,115,Colorado Rockies,1,0,
32,11,,,,,16,1,1,.938,75,75,0,fielding,67.0,,,670329,Rico Garcia,4,2.01,0.20,2026,,,110,Baltimore Orioles,1,0,
22,22,,,,,32,3,2,.938,12,12,12,fielding,107.0,,,694197,Angel Genao,8,2.52,2.50,2026,,,114,Cleveland Guardians,1,0,
25,0,,,,,16,0,1,.938,26,26,5,fielding,74.2,,,687551,Drew Gilbert,15,1.82,0.58,2026,,,137,San Francisco Giants,0,0,
28,13,,,,,16,4,1,.938,21,21,21,fielding,108.2,,,666157,Nick Lodolo,2,1.25,0.71,2026,,,113,Cincinnati Reds,1,0,
31,41,,,,,64,2,4,.938,31,31,29,fielding,233.1,,,660162,Yoán Moncada,19,2.32,1.94,2026,,,108,Los Angeles Angels,1,0,
35,11,,,,,16,0,1,.938,65,65,0,fielding,60.1,,,573124,Taylor Rogers,4,2.25,0.23,2026,,,142,Minnesota Twins,0,0,
34,9,,,,,16,1,1,.938,46,46,0,fielding,40.2,,,657044,Ryan Thompson,6,3.38,0.33,2026,,,109,Arizona Diamondbacks,1,0,
24,10,,,,,16,1,1,.938,15,15,15,fielding,84.1,,,804267,Zac Thornton,5,1.61,1.00,2026,,,121,New York Mets,1,0,
32,1,,,,,16,3,1,.938,2,2,2,fielding,15.0,,,602104,Ramón Urías,14,9.00,7.50,2026,,,138,St. Louis Cardinals,0,0,
27,0,,,,,32,0,2,.938,27,27,17,fielding,138.0,,,676369,Nelson Velázquez,30,1.96,1.11,2026,,,117,Houston Astros,0,0,
28,6,,,,,16,0,1,.938,65,65,0,fielding,69.2,,,666171,Ryan Zeferjahn,9,1.96,0.23,2026,,,112,Chicago Cubs,1,0,
29,35,,,,,63,5,4,.937,25,25,15,fielding,138.0,,,650489,Willi Castro,24,3.85,2.36,2026,,,115,Colorado Rockies,1,0,
25,35,,,,,63,3,4,.937,40,40,29,fielding,239.1,,,677870,Leo Jiménez,24,2.22,1.48,2026,,,146,Miami Marlins,4,1,
23,106,,,,,171,7,11,.936,83,83,71,fielding,644.1,,,691781,Brady House,54,2.24,1.93,2026,,,120,Washington Nationals,2,0,
23,0,,,,,31,0,2,.935,19,19,14,fielding,117.0,,,701807,Carson Benge,29,2.23,1.53,2026,,,121,New York Mets,0,0,
30,201,,,,,310,14,20,.935,143,143,139,fielding,1227.2,,,672960,Kazuma Okamoto,89,2.13,2.03,2026,,,141,Toronto Blue Jays,11,0,
22,0,,,,,15,0,1,.933,13,13,4,fielding,53.0,,,703607,Henry Bolte,14,2.38,1.08,2026,,,133,Athletics,0,0,
29,0,,,,,15,0,1,.933,11,11,7,fielding,62.0,,,676609,José Caballero,14,2.03,1.27,2026,,,147,New York Yankees,1,0,
34,0,,,,,15,0,1,.933,12,12,6,fielding,52.0,,,545341,Randal Grichuk,14,2.42,1.17,2026,,,145,Chicago White Sox,0,0,
33,15,,,,,30,1,2,.933,26,26,16,fielding,109.2,,,605288,Adrian Houser,13,2.31,1.08,2026,,,137,San Francisco Giants,1,0,
31,13,,,,,15,0,1,.933,22,22,18,fielding,108.1,,,641778,Eric Lauer,1,1.17,0.64,2026,,,119,Los Angeles Dodgers,1,0,
30,2,,,,,15,1,1,.933,26,26,14,fielding,124.1,,,641793,Zack Littell,12,1.02,0.54,2026,,,109,Arizona Diamondbacks,0,0,
32,38,,,,,60,1,4,.933,33,33,20,fielding,185.1,,,602104,Ramón Urías,18,2.72,1.70,2026,,,138,St. Louis Cardinals,0,0,
32,7,,,,,15,0,1,.933,68,68,0,fielding,67.0,,,657097,Jacob Webb,7,1.88,0.21,2026,,,112,Chicago Cubs,1,0,
29,55,,,,,88,4,6,.932,38,38,36,fielding,307.1,,,680977,Brendan Donovan,27,2.40,2.16,2026,,,136,Seattle Mariners,4,0,
29,16,,,,,29,1,2,.931,29,29,28,fielding,146.0,,,663436,Davis Martin,11,1.66,0.93,2026,,,145,Chicago White Sox,1,0,
25,15,,,,,29,0,2,.931,33,33,33,fielding,193.2,,,693645,Cam Schlittler,12,1.26,0.82,2026,,,147,New York Yankees,1,0,
24,24,,,,,43,2,3,.930,31,31,31,fielding,179.2,,,690997,Nolan McLean,16,2.01,1.29,2026,,,121,New York Mets,3,0,
21,8,,,,,14,0,1,.929,9,9,3,fielding,34.0,,,703197,Michael Arroyo,5,3.44,1.44,2026,,,136,Seattle Mariners,1,0,
36,7,,,,,14,0,1,.929,60,60,6,fielding,67.0,,,623211,Huascar Brazobán,6,1.75,0.22,2026,,,145,Chicago White Sox,1,0,
30,12,,,,,14,0,1,.929,66,66,0,fielding,71.1,,,660853,Enyel De Los Santos,1,1.65,0.20,2026,,,117,Houston Astros,1,0,
34,8,,,,,14,3,1,.929,63,63,0,fielding,60.2,,,640448,Kyle Finnegan,5,1.95,0.21,2026,,,116,Detroit Tigers,1,0,
29,5,,,,,14,2,1,.929,10,10,10,fielding,54.0,,,663568,Stephen Kolek,8,2.17,1.30,2026,,,118,Kansas City Royals,1,0,
29,8,,,,,14,2,1,.929,3,3,3,fielding,24.0,,,680474,Max Schuemann,5,4.88,4.33,2026,,,147,New York Yankees,1,0,
28,8,,,,,14,0,1,.929,22,22,21,fielding,116.0,,,647336,Michael Soroka,5,1.01,0.59,2026,,,109,Arizona Diamondbacks,0,0,
25,1,,,,,14,1,1,.929,5,5,1,fielding,19.0,,,678218,Brandon Valenzuela,12,6.16,2.60,2026,,,141,Toronto Blue Jays,0,0,
27,6,,,,,14,1,1,.929,4,4,4,fielding,25.0,,,695238,Will Wagner,7,4.68,3.25,2026,,,135,San Diego Padres,0,0,
22,3,,,,,14,0,1,.929,20,20,20,fielding,97.2,,,702056,Trey Yesavage,10,1.21,0.65,2026,,,141,Toronto Blue Jays,1,0,
31,42,,,,,69,3,5,.928,33,33,28,fielding,254.1,,,641487,J.P. Crawford,22,2.27,1.94,2026,,,136,Seattle Mariners,4,0,
24,9,,,,,27,0,2,.926,26,26,23,fielding,122.1,,,808963,Roki Sasaki,16,1.84,0.96,2026,,,119,Los Angeles Dodgers,2,0,
22,9,,,,,27,1,2,.926,29,29,27,fielding,148.1,,,700712,Walbert Ureña,16,1.52,0.86,2026,,,108,Los Angeles Angels,2,0,
22,30,,,,,40,6,3,.925,19,19,14,fielding,136.0,,,699393,Pedro Ramírez,7,2.45,1.95,2026,,,112,Chicago Cubs,0,0,
30,5,,,,,13,1,1,.923,69,69,0,fielding,68.1,,,676534,Calvin Faucher,7,1.59,0.17,2026,,,146,Miami Marlins,1,0,
31,1,,,,,13,0,1,.923,13,13,10,fielding,80.0,,,664770,Nathan Lukes,11,1.35,0.92,2026,,,141,Toronto Blue Jays,1,0,
30,7,,,,,13,0,1,.923,54,54,0,fielding,64.0,,,673513,Yuki Matsui,5,1.69,0.22,2026,,,135,San Diego Padres,1,0,
25,14,,,,,26,1,2,.923,10,10,10,fielding,89.0,,,677595,Ronny Mauricio,10,2.43,2.40,2026,,,121,New York Mets,1,0,
31,6,,,,,13,1,1,.923,8,8,4,fielding,42.1,,,656716,Zach McKinstry,6,2.57,1.50,2026,,,116,Detroit Tigers,0,0,
27,7,,,,,13,0,1,.923,70,70,0,fielding,64.1,,,666661,Juan Morillo,5,1.69,0.17,2026,,,109,Arizona Diamondbacks,0,0,
24,4,,,,,13,0,1,.923,52,52,0,fielding,59.2,,,689296,Anthony Nunez,8,1.83,0.23,2026,,,110,Baltimore Orioles,0,0,
25,0,,,,,13,0,1,.923,10,10,7,fielding,62.0,,,694514,Sterlin Thompson,12,1.74,1.20,2026,,,115,Colorado Rockies,1,0,
26,6,,,,,26,0,2,.923,30,30,30,fielding,173.0,,,693433,Bryan Woo,18,1.25,0.80,2026,,,136,Seattle Mariners,2,0,
25,61,,,,,90,6,7,.922,54,54,44,fielding,368.1,,,678391,Jorbit Vivas,22,2.03,1.54,2026,,,120,Washington Nationals,3,0,
22,35,,,,,51,3,4,.922,23,23,16,fielding,152.1,,,699912,Jose Fernandez,12,2.78,2.04,2026,,,109,Arizona Diamondbacks,1,0,
26,23,,,,,38,4,3,.921,10,10,10,fielding,87.2,,,801126,Brock Rodden,12,3.62,3.50,2026,,,136,Seattle Mariners,3,0,
34,11,,,,,25,1,2,.920,32,32,32,fielding,200.2,,,608379,Michael Wacha,12,1.04,0.72,2026,,,118,Kansas City Royals,2,0,
31,6,,,,,12,0,1,.917,7,7,5,fielding,47.0,,,609280,Miguel Andujar,5,2.11,1.57,2026,,,135,San Diego Padres,0,0,
31,7,,,,,12,1,1,.917,7,7,6,fielding,48.0,,,669242,Tommy Edman,4,2.06,1.57,2026,,,119,Los Angeles Dodgers,1,0,
31,8,,,,,12,0,1,.917,52,52,0,fielding,48.1,,,668674,Lucas Erceg,3,2.06,0.21,2026,,,118,Kansas City Royals,0,0,
22,7,,,,,12,2,1,.917,7,7,4,fielding,38.0,,,699912,Jose Fernandez,4,2.61,1.57,2026,,,109,Arizona Diamondbacks,1,0,
28,7,,,,,12,0,1,.917,24,24,12,fielding,103.2,,,685299,Tanner Gordon,4,0.96,0.46,2026,,,115,Colorado Rockies,0,0,
33,7,,,,,12,0,1,.917,71,71,0,fielding,66.0,,,656546,Jeff Hoffman,4,1.50,0.15,2026,,,142,Minnesota Twins,1,0,
29,12,,,,,24,0,2,.917,29,29,29,fielding,155.2,,,663567,Peter Lambert,10,1.28,0.76,2026,,,117,Houston Astros,1,0,
34,8,,,,,12,0,1,.917,65,65,0,fielding,56.1,,,594580,Sam Moll,3,1.77,0.17,2026,,,113,Cincinnati Reds,1,0,
27,4,,,,,12,0,1,.917,57,57,6,fielding,106.0,,,694477,Chad Patrick,7,0.93,0.19,2026,,,158,Milwaukee Brewers,0,0,
31,9,,,,,12,0,1,.917,57,57,0,fielding,73.1,,,622608,Antonio Senzatela,2,1.36,0.19,2026,,,158,Milwaukee Brewers,1,0,
29,0,,,,,12,0,1,.917,10,10,6,fielding,58.0,,,663837,Matt Vierling,11,1.71,1.10,2026,,,116,Detroit Tigers,0,0,
27,10,,,,,23,0,2,.913,26,26,26,fielding,149.0,,,693821,Bryce Elder,11,1.27,0.81,2026,,,144,Atlanta Braves,2,0,
34,17,,,,,23,1,2,.913,31,31,30,fielding,165.2,,,592662,Robbie Ray,4,1.15,0.68,2026,,,135,San Diego Padres,1,0,
24,0,,,,,23,0,2,.913,22,22,11,fielding,96.0,,,691728,Zac Veen,21,1.97,0.95,2026,,,115,Colorado Rockies,0,0,
27,14,,,,,34,2,3,.912,32,32,32,fielding,169.2,,,676917,Cade Cavalli,17,1.65,0.97,2026,,,120,Washington Nationals,2,0,
30,53,,,,,79,2,7,.911,55,55,45,fielding,317.1,,,642708,Amed Rosario,19,2.04,1.31,2026,,,147,New York Yankees,4,0,
22,7,,,,,11,0,1,.909,4,4,3,fielding,25.0,,,695490,Edwin Arroyo,3,3.60,2.50,2026,,,113,Cincinnati Reds,1,0,
31,4,,,,,11,2,1,.909,65,65,0,fielding,62.1,,,641329,Bryan Baker,6,1.45,0.15,2026,,,139,Tampa Bay Rays,0,0,
26,0,,,,,11,0,1,.909,7,7,7,fielding,41.0,,,683146,Brett Baty,10,2.20,1.43,2026,,,121,New York Mets,0,0,
29,15,,,,,33,3,3,.909,29,29,29,fielding,155.0,,,680694,Kyle Bradish,15,1.74,1.03,2026,,,110,Baltimore Orioles,2,0,
26,7,,,,,11,0,1,.909,18,18,3,fielding,36.2,,,683000,Riley Cornelio,3,2.50,0.56,2026,,,120,Washington Nationals,1,0,
31,11,,,,,22,1,2,.909,15,15,13,fielding,74.1,,,677976,Randy Dobnak,9,2.43,1.33,2026,,,118,Kansas City Royals,2,0,
27,6,,,,,11,2,1,.909,67,67,3,fielding,64.2,,,676263,Jack Dreyer,4,1.41,0.15,2026,,,119,Los Angeles Dodgers,1,0,
30,3,,,,,11,0,1,.909,20,20,19,fielding,88.1,,,656427,Jack Flaherty,7,1.02,0.50,2026,,,116,Detroit Tigers,1,0,
36,9,,,,,11,3,1,.909,59,59,0,fielding,60.0,,,628452,Raisel Iglesias,1,1.50,0.17,2026,,,144,Atlanta Braves,1,0,
28,0,,,,,11,0,1,.909,6,6,5,fielding,44.0,,,675659,Greg Jones,10,2.05,1.67,2026,,,158,Milwaukee Brewers,0,0,
30,10,,,,,22,0,2,.909,26,26,25,fielding,123.2,,,676083,Janson Junk,10,1.46,0.77,2026,,,146,Miami Marlins,2,0,
34,7,,,,,11,0,1,.909,60,60,6,fielding,67.1,,,641835,Tim Mayza,3,1.34,0.17,2026,,,143,Philadelphia Phillies,1,0,
34,7,,,,,11,4,1,.909,5,5,2,fielding,32.0,,,545121,Ildemaro Vargas,3,2.81,2.00,2026,,,109,Arizona Diamondbacks,0,0,
25,9,,,,,11,0,1,.909,20,20,10,fielding,66.0,,,680573,Simeon Woods Richardson,1,1.36,0.50,2026,,,141,Toronto Blue Jays,1,0,
27,18,,,,,32,1,3,.906,33,33,33,fielding,188.0,,,676440,Tanner Bibee,11,1.39,0.88,2026,,,114,Cleveland Guardians,2,0,
32,5,,,,,10,0,1,.900,58,58,0,fielding,55.0,,,622088,Tejay Antone,4,1.47,0.16,2026,,,113,Cincinnati Reds,0,0,
26,7,,,,,10,0,1,.900,44,44,0,fielding,48.2,,,696147,Sam Bachman,2,1.69,0.20,2026,,,108,Los Angeles Angels,0,0,
30,5,,,,,10,1,1,.900,73,73,0,fielding,67.1,,,660825,Eduard Bazardo,4,1.21,0.12,2026,,,136,Seattle Mariners,1,0,
26,2,,,,,10,0,1,.900,20,20,8,fielding,68.0,,,676962,Ben Brown,7,1.19,0.45,2026,,,112,Chicago Cubs,1,0,
26,3,,,,,10,1,1,.900,18,18,17,fielding,94.2,,,681347,Mike Burrows,6,0.86,0.50,2026,,,117,Houston Astros,1,0,
27,6,,,,,10,1,1,.900,2,2,2,fielding,16.0,,,665828,Oswaldo Cabrera,3,5.06,4.50,2026,,,113,Cincinnati Reds,0,0,
21,5,,,,,10,0,1,.900,58,58,1,fielding,73.1,,,800311,Didier Fuentes,4,1.11,0.16,2026,,,144,Atlanta Braves,1,0,
23,8,,,,,10,1,1,.900,20,20,20,fielding,98.2,,,695611,Gage Jump,1,0.83,0.45,2026,,,133,Athletics,0,0,
23,6,,,,,10,0,1,.900,8,8,7,fielding,36.1,,,800600,Jackson Kent,3,2.25,1.13,2026,,,120,Washington Nationals,1,0,
26,9,,,,,10,1,1,.900,3,3,3,fielding,26.0,,,695020,Tanner Murray,0,3.12,3.00,2026,,,145,Chicago White Sox,0,0,
31,9,,,,,20,0,2,.900,66,66,0,fielding,64.0,,,676617,Riley O'Brien,9,2.53,0.27,2026,,,138,St. Louis Cardinals,2,0,
27,0,,,,,10,0,1,.900,9,9,1,fielding,25.0,,,665506,Cristian Pache,9,3.24,1.00,2026,,,121,New York Mets,0,0,
23,7,,,,,10,0,1,.900,17,17,11,fielding,73.1,,,702275,JR Ritchie,2,1.11,0.53,2026,,,144,Atlanta Braves,1,0,
33,7,,,,,10,1,1,.900,16,16,16,fielding,84.1,,,607074,Carlos Rodón,2,0.96,0.56,2026,,,147,New York Yankees,1,0,
32,4,,,,,10,0,1,.900,37,37,0,fielding,43.2,,,621074,Michael Rucker,5,1.88,0.24,2026,,,136,Seattle Mariners,1,0,
27,6,,,,,10,0,1,.900,47,47,16,fielding,132.2,,,693855,Ian Seymour,3,0.61,0.19,2026,,,139,Tampa Bay Rays,0,0,
26,22,,,,,29,3,3,.897,17,17,11,fielding,92.0,,,801126,Brock Rodden,4,2.54,1.53,2026,,,136,Seattle Mariners,3,0,
23,11,,,,,19,0,2,.895,29,29,29,fielding,154.1,,,695505,Chase Burns,6,0.99,0.59,2026,,,113,Cincinnati Reds,1,0,
34,14,,,,,19,0,2,.895,33,33,19,fielding,150.2,,,640455,Sean Manaea,3,1.02,0.52,2026,,,121,New York Mets,2,0,
24,5,,,,,9,0,1,.889,8,8,5,fielding,28.1,,,703615,Jose Cabrera,3,2.57,1.00,2026,,,109,Arizona Diamondbacks,1,0,
33,13,,,,,27,0,3,.889,29,29,23,fielding,130.2,,,622491,Luis Castillo,11,1.66,0.83,2026,,,145,Chicago White Sox,2,0,
33,9,,,,,18,0,2,.889,26,26,26,fielding,135.1,,,607536,Kyle Freeland,7,1.07,0.62,2026,,,115,Colorado Rockies,2,0,
35,6,,,,,9,0,1,.889,40,40,0,fielding,40.2,,,594027,Tyron Guerrero,2,1.80,0.20,2026,,,111,Boston Red Sox,1,0,
29,6,,,,,9,0,1,.889,70,70,9,fielding,67.1,,,663542,Bryan Hudson,2,1.07,0.11,2026,,,145,Chicago White Sox,1,0,
27,5,,,,,9,1,1,.889,29,29,0,fielding,35.1,,,676428,Brant Hurter,3,2.06,0.28,2026,,,116,Detroit Tigers,1,0,
33,0,,,,,9,0,1,.889,14,14,5,fielding,56.0,,,656582,Connor Joe,8,1.29,0.57,2026,,,136,Seattle Mariners,1,0,
24,5,,,,,9,0,1,.889,6,6,6,fielding,27.0,,,691946,George Klassen,3,2.67,1.33,2026,,,108,Los Angeles Angels,0,0,
32,4,,,,,9,2,1,.889,10,10,8,fielding,44.0,,,621121,Lance McCullers Jr.,4,1.64,0.80,2026,,,158,Milwaukee Brewers,1,0,
25,11,,,,,18,1,2,.889,14,14,14,fielding,70.1,,,686790,Trevor McDonald,5,2.06,1.14,2026,,,137,San Francisco Giants,1,0,
32,2,,,,,9,0,1,.889,63,63,0,fielding,61.2,,,656730,Trevor Megill,6,1.18,0.13,2026,,,158,Milwaukee Brewers,1,0,
25,8,,,,,18,1,2,.889,65,65,1,fielding,70.0,,,675848,Juan Mejia,8,2.06,0.25,2026,,,115,Colorado Rockies,2,0,
29,8,,,,,9,0,1,.889,4,4,3,fielding,26.0,,,655316,Andruw Monasterio,0,2.77,2.00,2026,,,111,Boston Red Sox,1,0,
28,4,,,,,9,0,1,.889,19,19,15,fielding,87.1,,,669194,Ryne Nelson,4,0.83,0.42,2026,,,109,Arizona Diamondbacks,0,0,
30,13,,,,,27,3,3,.889,32,32,23,fielding,148.1,,,656849,David Peterson,11,1.46,0.75,2026,,,112,Chicago Cubs,2,0,
28,4,,,,,9,0,1,.889,45,45,0,fielding,43.0,,,687377,Orlando Ribalta,4,1.67,0.18,2026,,,120,Washington Nationals,1,0,
41,6,,,,,9,0,1,.889,18,18,18,fielding,84.2,,,453286,Max Scherzer,2,0.86,0.44,2026,,,141,Toronto Blue Jays,0,0,
30,7,,,,,9,1,1,.889,41,41,2,fielding,50.1,,,681810,Austin Warren,1,1.44,0.20,2026,,,121,New York Mets,1,0,
26,12,,,,,26,0,3,.885,28,28,28,fielding,165.1,,,677952,Braxton Ashcraft,11,1.25,0.82,2026,,,134,Pittsburgh Pirates,2,0,
37,5,,,,,17,0,2,.882,20,20,18,fielding,102.0,,,605135,Chris Bassitt,10,1.32,0.75,2026,,,110,Baltimore Orioles,1,0,
26,9,,,,,17,3,2,.882,6,6,5,fielding,44.0,,,680716,Jonathan Ornelas,6,3.07,2.50,2026,,,158,Milwaukee Brewers,1,0,
26,8,,,,,17,1,2,.882,37,37,17,fielding,121.0,,,678022,Jack Perkins,7,1.12,0.41,2026,,,133,Athletics,1,0,
30,9,,,,,17,3,2,.882,7,7,7,fielding,48.0,,,642708,Amed Rosario,6,2.81,2.14,2026,,,147,New York Yankees,1,0,
26,9,,,,,17,2,2,.882,11,11,5,fielding,58.1,,,669398,Gage Workman,6,2.33,1.36,2026,,,135,San Diego Padres,1,0,
30,13,,,,,25,0,3,.880,29,29,29,fielding,169.0,,,656302,Dylan Cease,9,1.17,0.76,2026,,,141,Toronto Blue Jays,2,0,
25,16,,,,,25,0,3,.880,32,32,32,fielding,186.1,,,800048,Parker Messick,6,1.06,0.69,2026,,,114,Cleveland Guardians,2,0,
31,8,,,,,16,0,2,.875,75,75,5,fielding,73.0,,,641302,Tyler Alexander,6,1.73,0.19,2026,,,140,Texas Rangers,2,0,
26,9,,,,,16,1,2,.875,33,33,30,fielding,159.0,,,676282,Joey Cantillo,5,0.79,0.42,2026,,,114,Cleveland Guardians,2,0,
27,7,,,,,8,1,1,.875,15,15,0,fielding,27.1,,,680604,Blas Castaño,0,2.33,0.47,2026,,,115,Colorado Rockies,1,0,
24,5,,,,,8,1,1,.875,61,61,1,fielding,60.0,,,683618,Edgardo Henriquez,2,1.05,0.11,2026,,,119,Los Angeles Dodgers,1,0,
26,5,,,,,8,0,1,.875,36,36,3,fielding,41.2,,,694361,Will Klein,2,1.54,0.19,2026,,,119,Los Angeles Dodgers,1,0,
29,0,,,,,8,0,1,.875,10,10,1,fielding,23.0,,,681546,James Outman,7,2.74,0.70,2026,,,116,Detroit Tigers,0,0,
26,0,,,,,8,0,1,.875,4,4,4,fielding,34.0,,,702176,Alan Roden,7,1.85,1.75,2026,,,142,Minnesota Twins,1,0,
25,3,,,,,8,0,1,.875,17,17,9,fielding,56.2,,,694918,Blade Tidwell,4,1.13,0.41,2026,,,137,San Francisco Giants,0,0,
27,8,,,,,16,1,2,.875,12,12,4,fielding,40.0,,,668723,Ryan Vilade,6,3.15,1.17,2026,,,139,Tampa Bay Rays,0,0,
33,6,,,,,8,0,1,.875,5,5,4,fielding,22.2,,,592836,Taijuan Walker,1,2.86,1.40,2026,,,143,Philadelphia Phillies,1,0,
31,15,,,,,23,2,3,.870,9,9,6,fielding,59.0,,,622761,Jorge Mateo,5,3.05,2.22,2026,,,139,Tampa Bay Rays,1,0,
25,10,,,,,15,0,2,.867,13,13,6,fielding,50.1,,,678545,Osleivis Basabe,3,2.34,1.00,2026,,,137,San Francisco Giants,2,0,
25,11,,,,,15,0,2,.867,24,24,22,fielding,125.2,,,687570,Connor Prielipp,2,0.94,0.54,2026,,,142,Minnesota Twins,1,0,
22,4,,,,,15,0,2,.867,68,68,4,fielding,74.0,,,699134,Bradgley Rodriguez,9,1.58,0.19,2026,,,135,San Diego Padres,2,0,
29,16,,,,,29,0,4,.862,31,31,31,fielding,157.0,,,663903,Brady Singer,9,1.43,0.81,2026,,,113,Cincinnati Reds,3,0,
28,3,,,,,7,0,1,.857,21,21,1,fielding,20.0,,,679775,Kyle Backhus,3,2.70,0.29,2026,,,143,Philadelphia Phillies,1,0,
28,5,,,,,7,0,1,.857,26,26,7,fielding,43.0,,,669620,Brady Basso,1,1.26,0.23,2026,,,133,Athletics,0,0,
24,0,,,,,7,1,1,.857,2,2,1,fielding,9.0,,,682674,Victor Bericoto,6,6.00,3.00,2026,,,137,San Francisco Giants,0,0,
30,5,,,,,7,1,1,.857,26,26,0,fielding,37.1,,,656240,Scott Blewett,1,1.46,0.23,2026,,,133,Athletics,0,0,
29,0,,,,,7,0,1,.857,4,4,3,fielding,28.1,,,676609,José Caballero,6,1.93,1.50,2026,,,147,New York Yankees,1,0,
27,5,,,,,7,0,1,.857,4,4,2,fielding,21.2,,,665828,Oswaldo Cabrera,1,2.57,1.50,2026,,,113,Cincinnati Reds,0,0,
23,9,,,,,21,2,3,.857,31,31,30,fielding,154.0,,,696149,Bubba Chandler,9,1.05,0.58,2026,,,134,Pittsburgh Pirates,3,0,
27,0,,,,,7,0,1,.857,3,3,3,fielding,23.0,,,694362,Blake Dunn,6,2.35,2.00,2026,,,113,Cincinnati Reds,0,0,
24,5,,,,,14,1,2,.857,18,18,18,fielding,98.1,,,701656,Logan Henderson,7,1.10,0.67,2026,,,158,Milwaukee Brewers,1,0,
25,5,,,,,7,0,1,.857,62,62,0,fielding,58.0,,,689147,Orion Kerkering,1,0.93,0.10,2026,,,143,Philadelphia Phillies,1,0,
31,5,,,,,7,0,1,.857,37,37,0,fielding,34.1,,,664875,Justin Lawrence,1,1.59,0.16,2026,,,120,Washington Nationals,1,0,
27,2,,,,,7,0,1,.857,66,66,0,fielding,70.0,,,695243,Mason Miller,4,0.77,0.09,2026,,,135,San Diego Padres,1,0,
35,5,,,,,7,0,1,.857,57,57,0,fielding,59.2,,,667297,Tommy Nance,1,0.92,0.11,2026,,,142,Minnesota Twins,1,0,
23,0,,,,,7,0,1,.857,3,3,1,fielding,14.2,,,691594,Javier Sanoja,6,3.86,2.00,2026,,,146,Miami Marlins,0,0,
27,5,,,,,7,1,1,.857,25,25,1,fielding,31.2,,,693313,Carson Seymour,1,1.74,0.24,2026,,,137,San Francisco Giants,0,0,
29,5,,,,,7,0,1,.857,46,46,0,fielding,42.2,,,686993,Justin Sterner,1,1.29,0.13,2026,,,133,Athletics,1,0,
27,0,,,,,7,0,1,.857,4,4,2,fielding,22.0,,,694374,Tim Tawa,6,2.45,1.50,2026,,,109,Arizona Diamondbacks,0,0,
22,8,,,,,14,2,2,.857,9,9,3,fielding,40.0,,,702284,Cole Young,4,2.70,1.33,2026,,,136,Seattle Mariners,0,0,
31,9,,,,,20,0,3,.850,66,66,1,fielding,85.0,,,670990,Yohan Ramírez,8,1.80,0.26,2026,,,134,Pittsburgh Pirates,3,0,
26,8,,,,,13,0,2,.846,5,5,4,fielding,36.0,,,682997,Tyler Callihan,3,2.75,2.20,2026,,,134,Pittsburgh Pirates,2,0,
22,10,,,,,13,1,2,.846,19,19,14,fielding,74.1,,,702273,Noah Schultz,1,1.34,0.58,2026,,,145,Chicago White Sox,1,0,
23,5,,,,,13,0,2,.846,26,26,26,fielding,148.2,,,801139,Payton Tolle,6,0.67,0.42,2026,,,111,Boston Red Sox,0,0,
28,13,,,,,25,1,4,.840,71,71,0,fielding,78.0,,,686973,Louis Varland,8,2.42,0.30,2026,,,141,Toronto Blue Jays,2,0,
29,2,,,,,6,1,1,.833,66,66,0,fielding,62.2,,,650556,Bryan Abreu,3,0.73,0.08,2026,,,117,Houston Astros,1,0,
27,3,,,,,6,1,1,.833,56,56,0,fielding,55.1,,,665660,Elvis Alvarado,2,0.82,0.09,2026,,,133,Athletics,1,0,
32,5,,,,,6,0,1,.833,39,39,0,fielding,34.1,,,607455,Anthony Banda,0,1.32,0.13,2026,,,142,Minnesota Twins,0,0,
29,4,,,,,6,0,1,.833,59,59,0,fielding,56.1,,,680742,Jonathan Bowlan,1,0.80,0.08,2026,,,143,Philadelphia Phillies,1,0,
27,4,,,,,6,0,1,.833,6,6,4,fielding,36.0,,,665953,Andrés Chaparro,1,1.25,0.83,2026,,,120,Washington Nationals,0,0,
27,1,,,,,6,0,1,.833,24,24,0,fielding,27.1,,,689546,Nick Davila,4,1.67,0.21,2026,,,136,Seattle Mariners,1,0,
26,3,,,,,6,0,1,.833,11,11,8,fielding,54.0,,,690928,Hunter Dobbins,2,0.83,0.45,2026,,,138,St. Louis Cardinals,1,0,
28,3,,,,,6,1,1,.833,4,4,1,fielding,14.0,,,686554,Oliver Dunn,2,3.21,1.25,2026,,,139,Tampa Bay Rays,0,0,
28,3,,,,,6,0,1,.833,9,9,4,fielding,27.1,,,661563,Luis Gil,2,1.67,0.56,2026,,,147,New York Yankees,0,0,
31,3,,,,,6,0,1,.833,7,7,5,fielding,29.2,,,608337,Lucas Giolito,2,1.55,0.71,2026,,,135,San Diego Padres,0,0,
27,0,,,,,6,0,1,.833,3,3,3,fielding,25.0,,,671155,Ivan Johnson,5,1.80,1.67,2026,,,113,Cincinnati Reds,1,0,
35,1,,,,,6,0,1,.833,56,56,0,fielding,48.2,,,572955,Pierce Johnson,4,0.94,0.09,2026,,,113,Cincinnati Reds,1,0,
28,13,,,,,18,0,3,.833,27,27,24,fielding,123.1,,,682052,Jacob Lopez,2,1.10,0.56,2026,,,133,Athletics,2,0,
32,4,,,,,6,0,1,.833,48,48,0,fielding,45.2,,,621345,A.J. Minter,1,1.00,0.10,2026,,,142,Minnesota Twins,0,0,
23,0,,,,,6,0,1,.833,5,5,3,fielding,29.0,,,695681,Christian Moore,5,1.55,1.00,2026,,,108,Los Angeles Angels,0,0,
24,8,,,,,12,0,2,.833,64,64,3,fielding,73.2,,,702193,Andrew Morris,2,1.23,0.16,2026,,,142,Minnesota Twins,2,0,
29,1,,,,,6,1,1,.833,42,42,0,fielding,46.0,,,663878,Nate Pearson,4,0.98,0.12,2026,,,118,Kansas City Royals,1,0,
39,5,,,,,6,0,1,.833,58,58,0,fielding,50.0,,,573204,Caleb Thielbar,0,0.90,0.09,2026,,,112,Chicago Cubs,1,0,
26,3,,,,,6,0,1,.833,4,4,1,fielding,12.0,,,668930,Brice Turang,2,3.75,1.25,2026,,,158,Milwaukee Brewers,1,0,
26,4,,,,,6,1,1,.833,2,2,2,fielding,13.0,,,669398,Gage Workman,1,3.46,2.50,2026,,,116,Detroit Tigers,1,0,
26,5,,,,,11,0,2,.818,57,57,0,fielding,51.1,,,805299,Brandyn Garcia,4,1.59,0.16,2026,,,109,Arizona Diamondbacks,2,0,
27,4,,,,,11,0,2,.818,21,21,20,fielding,109.1,,,688107,Robert Gasser,5,0.74,0.43,2026,,,158,Milwaukee Brewers,1,0,
28,7,,,,,11,0,2,.818,81,81,0,fielding,78.1,,,687396,Brent Headrick,2,1.04,0.11,2026,,,147,New York Yankees,1,0,
30,6,,,,,11,0,2,.818,38,38,6,fielding,35.0,,,663992,Richard Lovelady,3,2.31,0.24,2026,,,120,Washington Nationals,2,0,
23,4,,,,,11,0,2,.818,30,30,29,fielding,159.0,,,691587,Eury Pérez,5,0.51,0.30,2026,,,146,Miami Marlins,2,0,
25,8,,,,,16,0,3,.813,75,75,10,fielding,75.2,,,680755,Braydon Fisher,5,1.56,0.17,2026,,,141,Toronto Blue Jays,3,0,
29,9,,,,,15,1,3,.800,77,77,0,fielding,74.1,,,656271,Brock Burke,3,1.46,0.16,2026,,,113,Cincinnati Reds,3,0,
32,2,,,,,5,0,1,.800,2,2,2,fielding,18.0,,,600869,Jeimer Candelario,2,2.00,2.00,2026,,,108,Los Angeles Angels,1,0,
26,10,,,,,15,0,3,.800,73,73,0,fielding,64.2,,,678606,José A. Ferrer,2,1.69,0.16,2026,,,136,Seattle Mariners,3,0,
30,6,,,,,10,0,2,.800,4,4,2,fielding,23.2,,,680737,Michael Helman,2,3.13,2.00,2026,,,140,Texas Rangers,1,0,
28,3,,,,,5,0,1,.800,1,1,1,fielding,6.0,,,675659,Greg Jones,1,6.00,4.00,2026,,,158,Milwaukee Brewers,0,0,
22,3,,,,,5,0,1,.800,5,5,3,fielding,24.1,,,805074,Yunior Marte,1,1.50,0.80,2026,,,137,San Francisco Giants,1,0,
37,5,,,,,10,1,2,.800,11,11,11,fielding,48.0,,,500779,Jose Quintana,3,1.50,0.73,2026,,,115,Colorado Rockies,0,0,
29,8,,,,,15,1,3,.800,15,15,13,fielding,70.1,,,663776,Patrick Sandoval,4,1.54,0.80,2026,,,111,Boston Red Sox,1,0,
36,2,,,,,5,0,1,.800,62,62,0,fielding,53.1,,,623149,Paul Sewald,2,0.68,0.06,2026,,,141,Toronto Blue Jays,0,0,
27,0,,,,,5,0,1,.800,3,3,2,fielding,17.0,,,665750,Leody Taveras,4,2.12,1.33,2026,,,110,Baltimore Orioles,0,0,
23,1,,,,,5,0,1,.800,7,7,4,fielding,30.2,,,804636,Jonah Tong,3,1.20,0.57,2026,,,121,New York Mets,1,0,
29,1,,,,,5,0,1,.800,34,34,0,fielding,33.0,,,681402,Gus Varland,3,1.09,0.12,2026,,,120,Washington Nationals,1,0,
25,5,,,,,10,0,2,.800,28,28,22,fielding,140.0,,,680736,Justin Wrobleski,3,0.51,0.29,2026,,,119,Los Angeles Dodgers,1,0,
29,14,,,,,19,1,4,.789,24,24,24,fielding,118.0,,,663556,Shane McClanahan,1,1.14,0.63,2026,,,139,Tampa Bay Rays,4,0,
33,3,,,,,14,0,3,.786,66,66,0,fielding,66.2,,,670036,Matt Festa,8,1.50,0.17,2026,,,114,Cleveland Guardians,3,0,
28,5,,,,,9,0,2,.778,66,66,0,fielding,60.2,,,666808,Camilo Doval,2,1.05,0.11,2026,,,137,San Francisco Giants,2,0,
28,6,,,,,9,0,2,.778,57,57,1,fielding,51.1,,,669062,Erik Miller,1,1.24,0.12,2026,,,111,Boston Red Sox,2,0,
31,2,,,,,4,0,1,.750,24,24,2,fielding,25.1,,,669211,Keegan Akin,1,1.08,0.13,2026,,,110,Baltimore Orioles,0,0,
27,3,,,,,8,0,2,.750,50,50,0,fielding,48.0,,,690925,Clayton Beeter,3,1.13,0.12,2026,,,120,Washington Nationals,2,0,
31,2,,,,,4,0,1,.750,35,35,0,fielding,34.1,,,669622,Anthony Bender,1,0.79,0.09,2026,,,146,Miami Marlins,1,0,
28,2,,,,,4,0,1,.750,10,10,8,fielding,44.0,,,674003,Cody Bradford,1,0.61,0.30,2026,,,140,Texas Rangers,1,0,
25,2,,,,,4,0,1,.750,9,9,0,fielding,10.1,,,681168,Luis Curvelo,1,2.70,0.33,2026,,,140,Texas Rangers,1,0,
30,0,,,,,4,0,1,.750,1,1,0,fielding,5.0,,,656413,Stuart Fairchild,3,5.40,3.00,2026,,,114,Cleveland Guardians,1,0,
30,0,,,,,4,0,1,.750,4,4,1,fielding,19.0,,,656413,Stuart Fairchild,3,1.42,0.75,2026,,,114,Cleveland Guardians,0,0,
24,3,,,,,4,0,1,.750,53,53,0,fielding,53.2,,,820862,José Fermin,0,0.51,0.06,2026,,,108,Los Angeles Angels,1,0,
30,1,,,,,4,0,1,.750,24,24,0,fielding,26.0,,,671345,Jason Foley,2,1.04,0.13,2026,,,137,San Francisco Giants,1,0,
33,2,,,,,4,0,1,.750,15,15,0,fielding,13.2,,,605242,Michael Fulmer,1,2.08,0.20,2026,,,147,New York Yankees,1,0,
22,2,,,,,4,1,1,.750,2,2,1,fielding,12.0,,,694203,Denzer Guzman,1,2.25,1.50,2026,,,108,Los Angeles Angels,0,0,
26,2,,,,,4,0,1,.750,32,32,0,fielding,29.0,,,678020,Seth Halvorsen,1,0.93,0.09,2026,,,119,Los Angeles Dodgers,0,0,
29,1,,,,,4,0,1,.750,45,45,0,fielding,36.2,,,656529,Sam Hentges,2,0.75,0.07,2026,,,137,San Francisco Giants,1,0,
31,5,,,,,12,0,3,.750,34,34,23,fielding,112.1,,,643377,Griffin Jax,4,0.72,0.26,2026,,,139,Tampa Bay Rays,1,0,
33,0,,,,,4,0,1,.750,3,3,2,fielding,18.0,,,656582,Connor Joe,3,1.50,1.00,2026,,,136,Seattle Mariners,0,0,
25,2,,,,,4,0,1,.750,15,15,0,fielding,16.0,,,696522,Hayden Juenger,1,1.69,0.20,2026,,,133,Athletics,1,0,
28,1,,,,,4,0,1,.750,11,11,0,fielding,16.1,,,687849,Zak Kent,2,1.69,0.27,2026,,,120,Washington Nationals,1,0,
31,3,,,,,4,0,1,.750,9,9,1,fielding,18.1,,,678061,Ray Kerr,0,1.50,0.33,2026,,,144,Atlanta Braves,1,0,
28,1,,,,,4,0,1,.750,33,33,3,fielding,33.2,,,669684,Chris Murphy,2,0.82,0.09,2026,,,145,Chicago White Sox,1,0,
25,2,,,,,4,0,1,.750,27,27,0,fielding,30.0,,,683175,Connor Phillips,1,0.90,0.11,2026,,,113,Cincinnati Reds,0,0,
25,0,,,,,4,0,1,.750,2,2,1,fielding,11.0,,,687605,Andrew Pinckney,3,2.45,1.50,2026,,,120,Washington Nationals,1,0,
23,3,,,,,4,0,1,.750,12,12,4,fielding,29.2,,,696070,Kendry Rojas,0,0.93,0.25,2026,,,142,Minnesota Twins,1,0,
30,3,,,,,4,0,1,.750,24,24,0,fielding,21.1,,,665665,Reiver Sanmartin,0,1.29,0.13,2026,,,137,San Francisco Giants,1,0,
30,2,,,,,4,1,1,.750,57,57,0,fielding,56.2,,,642701,Dennis Santana,1,0.48,0.05,2026,,,109,Arizona Diamondbacks,1,0,
28,1,,,,,4,0,1,.750,36,36,0,fielding,31.1,,,686580,Justin Slaten,2,0.87,0.08,2026,,,111,Boston Red Sox,1,0,
26,3,,,,,4,0,1,.750,3,3,3,fielding,8.1,,,681343,Shane Smith,0,3.38,1.00,2026,,,145,Chicago White Sox,1,0,
28,0,,,,,4,0,1,.750,6,6,2,fielding,24.0,,,669707,Jared Triolo,3,1.13,0.50,2026,,,134,Pittsburgh Pirates,1,0,
26,2,,,,,11,1,3,.727,24,24,19,fielding,110.2,,,681293,Spencer Arrighetti,6,0.65,0.33,2026,,,141,Toronto Blue Jays,2,0,
32,0,,,,,7,0,2,.714,18,18,0,fielding,18.2,,,621053,Tyler Ferguson,5,2.50,0.28,2026,,,112,Chicago Cubs,2,0,
31,3,,,,,6,0,2,.667,68,68,0,fielding,58.1,,,621237,José Alvarado,1,0.62,0.06,2026,,,143,Philadelphia Phillies,2,0,
31,0,,,,,3,0,1,.667,1,1,1,fielding,9.0,,,668227,Randy Arozarena,2,2.00,2.00,2026,,,136,Seattle Mariners,1,0,
26,2,,,,,3,0,1,.667,3,3,1,fielding,13.0,,,683146,Brett Baty,0,1.38,0.67,2026,,,121,New York Mets,0,0,
28,1,,,,,3,0,1,.667,18,18,0,fielding,19.1,,,685801,Hunter Bigge,1,0.95,0.11,2026,,,139,Tampa Bay Rays,1,0,
27,3,,,,,6,0,2,.667,9,9,0,fielding,21.1,,,670103,Raymond Burgos,1,1.71,0.44,2026,,,111,Boston Red Sox,1,0,
22,0,,,,,3,0,1,.667,1,1,0,fielding,1.0,,,691406,Junior Caminero,2,18.00,2.00,2026,,,139,Tampa Bay Rays,0,0,
24,2,,,,,3,0,1,.667,30,30,0,fielding,30.2,,,694795,Josh Ekness,0,0.60,0.07,2026,,,146,Miami Marlins,0,0,
32,0,,,,,3,0,1,.667,46,46,1,fielding,41.1,,,664126,Pete Fairbanks,2,0.44,0.04,2026,,,146,Miami Marlins,1,0,
27,0,,,,,3,0,1,.667,1,1,0,fielding,2.0,,,671289,Tyler Freeman,2,9.00,2.00,2026,,,115,Colorado Rockies,1,0,
33,4,,,,,9,0,3,.667,3,3,2,fielding,17.0,,,628451,Andy Ibáñez,2,3.18,2.00,2026,,,121,New York Mets,2,0,
24,0,,,,,9,0,3,.667,4,4,4,fielding,32.0,,,694876,Cooper Ingle,6,1.69,1.50,2026,,,114,Cleveland Guardians,2,0,
27,1,,,,,3,1,1,.667,3,3,0,fielding,3.2,,,694374,Tim Tawa,1,6.00,0.67,2026,,,109,Arizona Diamondbacks,0,0,
35,2,,,,,3,1,1,.667,25,25,0,fielding,22.0,,,623437,Justin Topa,0,0.82,0.08,2026,,,147,New York Yankees,1,0,
38,1,,,,,3,0,1,.667,36,36,0,fielding,29.2,,,595014,Blake Treinen,1,0.62,0.06,2026,,,119,Los Angeles Dodgers,1,0,
31,1,,,,,3,0,1,.667,31,31,0,fielding,30.1,,,677020,Josh Walker,1,0.60,0.06,2026,,,110,Baltimore Orioles,0,0,
34,0,,,,,3,0,1,.667,15,15,1,fielding,28.2,,,592866,Trevor Williams,2,0.64,0.13,2026,,,140,Texas Rangers,1,0,
26,1,,,,,3,0,1,.667,11,11,0,fielding,13.2,,,685464,Cade Winquest,1,1.38,0.18,2026,,,138,St. Louis Cardinals,1,0,
28,3,,,,,8,1,3,.625,17,17,0,fielding,23.0,,,681676,Ryan Fernandez,2,1.96,0.29,2026,,,138,St. Louis Cardinals,2,0,
26,0,,,,,2,0,1,.500,2,2,1,fielding,10.0,,,678225,Jihwan Bae,1,0.90,0.50,2026,,,158,Milwaukee Brewers,0,0,
34,1,,,,,2,0,1,.500,42,42,0,fielding,41.0,,,592155,Cam Booser,0,0.22,0.02,2026,,,139,Tampa Bay Rays,1,0,
29,2,,,,,4,0,2,.500,30,30,0,fielding,42.1,,,646241,Enmanuel De Jesus,0,0.43,0.07,2026,,,116,Detroit Tigers,2,0,
30,0,,,,,2,0,1,.500,1,1,0,fielding,3.0,,,676596,Josh Fleming,1,3.00,1.00,2026,,,141,Toronto Blue Jays,1,0,
25,0,,,,,2,0,1,.500,10,10,0,fielding,20.1,,,683742,Jose Franco,1,0.45,0.10,2026,,,113,Cincinnati Reds,1,0,
33,1,,,,,2,0,1,.500,34,34,0,fielding,27.1,,,657424,Matt Gage,0,0.33,0.03,2026,,,137,San Francisco Giants,0,0,
27,1,,,,,4,0,2,.500,3,3,0,fielding,13.2,,,695049,Brett Kerry,1,1.38,0.67,2026,,,108,Los Angeles Angels,1,0,
28,0,,,,,2,0,1,.500,4,4,0,fielding,11.2,,,689017,Landon Knack,1,0.82,0.25,2026,,,119,Los Angeles Dodgers,0,0,
33,1,,,,,2,0,1,.500,1,1,0,fielding,6.0,,,605335,Brandon Leibrandt,0,1.50,1.00,2026,,,113,Cincinnati Reds,1,0,
28,0,,,,,2,0,1,.500,3,3,0,fielding,7.1,,,666201,Alek Manoah,1,1.29,0.33,2026,,,108,Los Angeles Angels,1,0,
27,1,,,,,2,0,1,.500,1,1,0,fielding,6.0,,,678011,Anthony Seigler,0,1.50,1.00,2026,,,111,Boston Red Sox,1,0,
27,1,,,,,2,0,1,.500,5,5,0,fielding,6.1,,,676568,Ricky Vanasco,0,1.50,0.20,2026,,,116,Detroit Tigers,0,0,
28,0,,,,,2,0,1,.500,2,2,0,fielding,3.0,,,676572,Eric Wagaman,1,3.00,0.50,2026,,,121,New York Mets,0,0,
31,1,,,,,2,0,1,.500,44,44,0,fielding,39.2,,,676604,Tyler Zuber,0,0.23,0.02,2026,,,146,Miami Marlins,1,0,
28,0,,,,,3,0,2,.333,16,16,0,fielding,22.0,,,660787,Yerry De los Santos,1,0.41,0.06,2026,,,147,New York Yankees,1,0,
30,0,,,,,3,0,2,.333,3,3,1,fielding,12.0,,,683021,Michael Stefanic,1,0.75,0.33,2026,,,133,Athletics,1,0,
25,0,,,,,0,0,0,.000,11,11,11,fielding,0.0,,,682928,CJ Abrams,0,-.--,0.00,2026,,,120,Washington Nationals,0,0,
27,0,,,,,0,0,0,.000,4,4,4,fielding,0.0,,,677800,Wilyer Abreu,0,-.--,0.00,2026,,,111,Boston Red Sox,0,0,
24,0,,,,,0,0,0,.000,3,3,0,fielding,2.1,,,682668,Luisangel Acuña,0,0.00,0.00,2026,,,145,Chicago White Sox,0,0,
24,0,,,,,0,0,0,.000,4,4,0,fielding,0.0,,,682668,Luisangel Acuña,0,-.--,0.00,2026,,,145,Chicago White Sox,0,0,
28,0,,,,,0,0,0,.000,14,14,14,fielding,0.0,,,660670,Ronald Acuña Jr.,0,-.--,0.00,2026,,,144,Atlanta Braves,0,0,
25,0,,,,,0,0,0,.000,1,1,0,fielding,1.0,,,687060,Blake Adams,0,0.00,0.00,2026,,,115,Colorado Rockies,0,0,
27,0,,,,,0,0,0,.000,19,19,17,fielding,0.0,,,666176,Jo Adell,0,-.--,0.00,2026,,,114,Cleveland Guardians,0,0,
25,0,,,,,0,0,0,.000,1,1,0,fielding,3.0,,,687924,Julian Aguiar,0,0.00,0.00,2026,,,113,Cincinnati Reds,0,0,
29,0,,,,,0,0,0,.000,4,4,2,fielding,0.0,,,645277,Ozzie Albies,0,-.--,0.00,2026,,,144,Atlanta Braves,0,0,
23,0,,,,,0,0,0,.000,9,9,4,fielding,0.0,,,682634,Kevin Alcántara,0,-.--,0.00,2026,,,112,Chicago Cubs,0,0,
26,0,,,,,0,0,0,.000,21,21,0,fielding,22.1,,,680916,Franco Aleman,0,0.00,0.00,2026,,,114,Cleveland Guardians,0,0,
26,0,,,,,0,0,0,.000,1,1,0,fielding,0.0,,,672613,Eliezer Alfonzo,0,-.--,0.00,2026,,,119,Los Angeles Dodgers,0,0,
27,0,,,,,0,0,0,.000,7,7,2,fielding,16.2,,,671106,Logan Allen,0,0.00,0.00,2026,,,114,Cleveland Guardians,0,0,
27,0,,,,,0,0,0,.000,1,1,0,fielding,0.0,,,669397,Nick Allen,0,-.--,0.00,2026,,,117,Houston Astros,0,0,
31,0,,,,,0,0,0,.000,19,19,19,fielding,0.0,,,624413,Pete Alonso,0,-.--,0.00,2026,,,110,Baltimore Orioles,0,0,
36,0,,,,,0,0,0,.000,7,7,7,fielding,0.0,,,514888,Jose Altuve,0,-.--,0.00,2026,,,117,Houston Astros,0,0,
24,0,,,,,0,0,0,.000,24,24,23,fielding,0.0,,,682626,Francisco Alvarez,0,-.--,0.00,2026,,,121,New York Mets,0,0,
29,0,,,,,0,0,0,.000,134,134,134,fielding,0.0,,,670541,Yordan Alvarez,0,-.--,0.00,2026,,,117,Houston Astros,0,0,
23,0,,,,,0,0,0,.000,6,6,6,fielding,0.0,,,691182,Adael Amador,0,-.--,0.00,2026,,,115,Colorado Rockies,0,0,
27,0,,,,,0,0,0,.000,10,10,6,fielding,0.0,,,665804,Miguel Amaya,0,-.--,0.00,2026,,,112,Chicago Cubs,0,0,
26,0,,,,,0,0,0,.000,7,7,0,fielding,12.1,,,681252,Jack Anderson,0,0.00,0.00,2026,,,142,Minnesota Twins,0,0,
31,0,,,,,0,0,0,.000,60,60,56,fielding,0.0,,,609280,Miguel Andujar,0,-.--,0.00,2026,,,135,San Diego Padres,0,0,
22,0,,,,,0,0,0,.000,21,21,21,fielding,0.0,,,701350,Roman Anthony,0,-.--,0.00,2026,,,111,Boston Red Sox,0,0,
23,0,,,,,0,0,0,.000,1,1,0,fielding,1.0,,,803011,Sam Antonacci,0,0.00,0.00,2026,,,145,Chicago White Sox,0,0,
23,0,,,,,0,0,0,.000,3,3,1,fielding,0.0,,,803011,Sam Antonacci,0,-.--,0.00,2026,,,145,Chicago White Sox,0,0,
28,0,,,,,0,0,0,.000,6,6,5,fielding,0.0,,,666018,Jonathan Aranda,0,-.--,0.00,2026,,,139,Tampa Bay Rays,0,0,
31,0,,,,,0,0,0,.000,1,1,0,fielding,1.0,,,606115,Orlando Arcia,0,0.00,0.00,2026,,,142,Minnesota Twins,0,0,
35,0,,,,,0,0,0,.000,8,8,6,fielding,0.0,,,571448,Nolan Arenado,0,-.--,0.00,2026,,,109,Arizona Diamondbacks,0,0,
31,0,,,,,0,0,0,.000,5,5,5,fielding,0.0,,,668227,Randy Arozarena,0,-.--,0.00,2026,,,136,Seattle Mariners,0,0,
29,0,,,,,0,0,0,.000,1,1,0,fielding,2.0,,,650333,Luis Arraez,0,0.00,0.00,2026,,,137,San Francisco Giants,0,0,
29,0,,,,,0,0,0,.000,1,1,1,fielding,0.0,,,650333,Luis Arraez,0,-.--,0.00,2026,,,137,San Francisco Giants,0,0,
21,0,,,,,0,0,0,.000,2,2,2,fielding,0.0,,,703197,Michael Arroyo,0,-.--,0.00,2026,,,136,Seattle Mariners,0,0,
26,0,,,,,0,0,0,.000,1,1,0,fielding,0.0,,,678225,Jihwan Bae,0,-.--,0.00,2026,,,158,Milwaukee Brewers,0,0,
27,0,,,,,0,0,0,.000,1,1,0,fielding,0.0,,,672275,Patrick Bailey,0,-.--,0.00,2026,,,114,Cleveland Guardians,0,0,
25,0,,,,,0,0,0,.000,61,61,60,fielding,0.0,,,686948,Drake Baldwin,0,-.--,0.00,2026,,,144,Atlanta Braves,0,0,
22,0,,,,,0,0,0,.000,65,65,60,fielding,0.0,,,694208,Moisés Ballesteros,0,-.--,0.00,2026,,,108,Los Angeles Angels,0,0,
24,0,,,,,0,0,0,.000,4,4,3,fielding,24.0,,,814154,Scott Bandura,0,0.00,0.00,2026,,,137,San Francisco Giants,0,0,
24,0,,,,,0,0,0,.000,2,2,2,fielding,0.0,,,814154,Scott Bandura,0,-.--,0.00,2026,,,137,San Francisco Giants,0,0,
29,0,,,,,0,0,0,.000,3,3,0,fielding,0.0,,,663698,Joey Bart,0,-.--,0.00,2026,,,144,Atlanta Braves,0,0,
25,0,,,,,0,0,0,.000,1,1,1,fielding,0.0,,,678545,Osleivis Basabe,0,-.--,0.00,2026,,,137,San Francisco Giants,0,0,
21,0,,,,,0,0,0,.000,34,34,30,fielding,0.0,,,694212,Samuel Basallo,0,-.--,0.00,2026,,,110,Baltimore Orioles,0,0,
24,0,,,,,0,0,0,.000,1,1,0,fielding,1.0,,,703520,Brett Bateman,0,0.00,0.00,2026,,,141,Toronto Blue Jays,0,0,
26,0,,,,,0,0,0,.000,11,11,7,fielding,0.0,,,683146,Brett Baty,0,-.--,0.00,2026,,,121,New York Mets,0,0,
30,0,,,,,0,0,0,.000,4,4,4,fielding,0.0,,,641343,Jake Bauers,0,-.--,0.00,2026,,,158,Milwaukee Brewers,0,0,
31,0,,,,,0,0,0,.000,2,2,0,fielding,1.2,,,642585,Félix Bautista,0,0.00,0.00,2026,,,110,Baltimore Orioles,0,0,
23,0,,,,,0,0,0,.000,11,11,10,fielding,0.0,,,683953,Travis Bazzana,0,-.--,0.00,2026,,,114,Cleveland Guardians,0,0,
24,0,,,,,0,0,0,.000,13,13,9,fielding,0.0,,,687637,Dylan Beavers,0,-.--,0.00,2026,,,110,Baltimore Orioles,0,0,
32,0,,,,,0,0,0,.000,29,29,0,fielding,26.0,,,656222,Jalen Beeks,0,0.00,0.00,2026,,,140,Texas Rangers,0,0,
33,0,,,,,0,0,0,.000,129,129,129,fielding,0.0,,,605137,Josh Bell,0,-.--,0.00,2026,,,142,Minnesota Twins,0,0,
30,0,,,,,0,0,0,.000,1,1,1,fielding,0.0,,,641355,Cody Bellinger,0,-.--,0.00,2026,,,147,New York Yankees,0,0,
23,0,,,,,0,0,0,.000,1,1,1,fielding,0.0,,,701807,Carson Benge,0,-.--,0.00,2026,,,121,New York Mets,0,0,
31,0,,,,,0,0,0,.000,121,121,107,fielding,0.0,,,643217,Andrew Benintendi,0,-.--,0.00,2026,,,145,Chicago White Sox,0,0,
28,0,,,,,0,0,0,.000,2,2,0,fielding,0.0,,,666181,Will Benson,0,-.--,0.00,2026,,,113,Cincinnati Reds,0,0,
24,0,,,,,0,0,0,.000,6,6,5,fielding,0.0,,,682674,Victor Bericoto,0,-.--,0.00,2026,,,137,San Francisco Giants,0,0,
22,0,,,,,0,0,0,.000,5,5,5,fielding,0.0,,,699024,Leo Bernal,0,-.--,0.00,2026,,,138,St. Louis Cardinals,0,0,
27,0,,,,,0,0,0,.000,1,1,0,fielding,2.0,,,672642,Steward Berroa,0,0.00,0.00,2026,,,143,Philadelphia Phillies,0,0,
27,0,,,,,0,0,0,.000,2,2,0,fielding,3.1,,,672642,Steward Berroa,0,0.00,0.00,2026,,,143,Philadelphia Phillies,0,0,
28,0,,,,,0,0,0,.000,1,1,0,fielding,1.0,,,666182,Bo Bichette,0,0.00,0.00,2026,,,121,New York Mets,0,0,
28,0,,,,,0,0,0,.000,6,6,6,fielding,0.0,,,666182,Bo Bichette,0,-.--,0.00,2026,,,121,New York Mets,0,0,
32,0,,,,,0,0,0,.000,6,6,0,fielding,7.2,,,702352,Spencer Bivens,0,0.00,0.00,2026,,,118,Kansas City Royals,0,0,
25,0,,,,,0,0,0,.000,6,6,6,fielding,0.0,,,672012,Tyler Black,0,-.--,0.00,2026,,,158,Milwaukee Brewers,0,0,
28,0,,,,,0,0,0,.000,7,7,7,fielding,0.0,,,668709,JJ Bleday,0,-.--,0.00,2026,,,113,Cincinnati Reds,0,0,
26,0,,,,,0,0,0,.000,1,1,0,fielding,0.0,,,669208,Ryan Bliss,0,-.--,0.00,2026,,,136,Seattle Mariners,0,0,
33,0,,,,,0,0,0,.000,2,2,2,fielding,0.0,,,593428,Xander Bogaerts,0,-.--,0.00,2026,,,135,San Diego Padres,0,0,
22,0,,,,,0,0,0,.000,1,1,1,fielding,0.0,,,703607,Henry Bolte,0,-.--,0.00,2026,,,133,Athletics,0,0,
32,0,,,,,0,0,0,.000,21,21,0,fielding,23.2,,,621366,Ryan Borucki,0,0.00,0.00,2026,,,137,San Francisco Giants,0,0,
31,0,,,,,0,0,0,.000,1,1,0,fielding,1.0,,,641386,Ben Bowden,0,0.00,0.00,2026,,,133,Athletics,0,0,
25,0,,,,,0,0,0,.000,4,4,0,fielding,0.0,,,687749,Jase Bowen,0,-.--,0.00,2026,,,135,San Diego Padres,0,0,
36,0,,,,,0,0,0,.000,3,3,0,fielding,4.1,,,605154,John Brebbia,0,0.00,0.00,2026,,,115,Colorado Rockies,0,0,
32,0,,,,,0,0,0,.000,13,13,13,fielding,0.0,,,608324,Alex Bregman,0,-.--,0.00,2026,,,112,Chicago Cubs,0,0,
28,0,,,,,0,0,0,.000,4,4,2,fielding,16.0,,,686823,Will Brennan,0,0.00,0.00,2026,,,137,San Francisco Giants,0,0,
28,0,,,,,0,0,0,.000,1,1,1,fielding,0.0,,,686823,Will Brennan,0,-.--,0.00,2026,,,137,San Francisco Giants,0,0,
28,0,,,,,0,0,0,.000,5,5,0,fielding,9.0,,,666745,Jhony Brito,0,0.00,0.00,2026,,,135,San Diego Padres,0,0,
36,0,,,,,0,0,0,.000,1,1,0,fielding,0.1,,,605156,Aaron Brooks,0,0.00,0.00,2026,,,139,Tampa Bay Rays,0,0,
28,0,,,,,0,0,0,.000,1,1,0,fielding,1.0,,,660644,Vidal Bruján,0,0.00,0.00,2026,,,121,New York Mets,0,0,
30,0,,,,,0,0,0,.000,1,1,0,fielding,0.0,,,669394,Jake Burger,0,-.--,0.00,2026,,,140,Texas Rangers,0,0,
25,0,,,,,0,0,0,.000,1,1,0,fielding,1.0,,,686628,Blake Burkhalter,0,0.00,0.00,2026,,,144,Atlanta Braves,0,0,
27,0,,,,,0,0,0,.000,3,3,2,fielding,0.0,,,676475,Alec Burleson,0,-.--,0.00,2026,,,138,St. Louis Cardinals,0,0,
25,0,,,,,0,0,0,.000,2,2,2,fielding,0.0,,,671732,Lawrence Butler,0,-.--,0.00,2026,,,133,Athletics,0,0,
32,0,,,,,0,0,0,.000,20,20,20,fielding,0.0,,,621439,Byron Buxton,0,-.--,0.00,2026,,,142,Minnesota Twins,0,0,
29,0,,,,,0,0,0,.000,1,1,0,fielding,0.0,,,676609,José Caballero,0,-.--,0.00,2026,,,147,New York Yankees,0,0,
23,0,,,,,0,0,0,.000,12,12,12,fielding,0.0,,,695506,Jac Caglianone,0,-.--,0.00,2026,,,118,Kansas City Royals,0,0,
23,0,,,,,0,0,0,.000,15,15,13,fielding,0.0,,,683357,Owen Caissie,0,-.--,0.00,2026,,,146,Miami Marlins,0,0,
31,0,,,,,0,0,0,.000,5,5,2,fielding,0.0,,,669743,Alex Call,0,-.--,0.00,2026,,,119,Los Angeles Dodgers,0,0,
24,0,,,,,0,0,0,.000,4,4,0,fielding,0.0,,,814430,Brett Callahan,0,-.--,0.00,2026,,,116,Detroit Tigers,0,0,
26,0,,,,,0,0,0,.000,1,1,0,fielding,0.0,,,682997,Tyler Callihan,0,-.--,0.00,2026,,,134,Pittsburgh Pirates,0,0,
29,0,,,,,0,0,0,.000,1,1,0,fielding,1.0,,,663662,Daz Cameron,0,0.00,0.00,2026,,,141,Toronto Blue Jays,0,0,
27,0,,,,,0,0,0,.000,13,13,10,fielding,0.0,,,669134,Luis Campusano,0,-.--,0.00,2026,,,135,San Diego Padres,0,0,
32,0,,,,,0,0,0,.000,1,1,0,fielding,0.0,,,600869,Jeimer Candelario,0,-.--,0.00,2026,,,108,Los Angeles Angels,0,0,
28,0,,,,,0,0,0,.000,95,95,88,fielding,0.0,,,686527,Dominic Canzone,0,-.--,0.00,2026,,,136,Seattle Mariners,0,0,
32,0,,,,,0,0,0,.000,2,2,2,fielding,0.0,,,605170,Victor Caratini,0,-.--,0.00,2026,,,142,Minnesota Twins,0,0,
27,0,,,,,0,0,0,.000,1,1,0,fielding,2.0,,,666185,Dylan Carlson,0,0.00,0.00,2026,,,112,Chicago Cubs,0,0,
27,0,,,,,0,0,0,.000,1,1,0,fielding,0.0,,,666185,Dylan Carlson,0,-.--,0.00,2026,,,112,Chicago Cubs,0,0,
28,0,,,,,0,0,0,.000,31,31,20,fielding,0.0,,,681481,Kerry Carpenter,0,-.--,0.00,2026,,,116,Detroit Tigers,0,0,
25,0,,,,,0,0,0,.000,4,4,3,fielding,0.0,,,682998,Corbin Carroll,0,-.--,0.00,2026,,,109,Arizona Diamondbacks,0,0,
27,0,,,,,0,0,0,.000,5,5,0,fielding,4.2,,,676508,Ben Casparius,0,0.00,0.00,2026,,,119,Los Angeles Dodgers,0,0,
34,0,,,,,0,0,0,.000,7,7,7,fielding,0.0,,,592206,Nick Castellanos,0,-.--,0.00,2026,,,135,San Diego Padres,0,0,
29,0,,,,,0,0,0,.000,2,2,0,fielding,2.0,,,650489,Willi Castro,0,0.00,0.00,2026,,,115,Colorado Rockies,0,0,
23,0,,,,,0,0,0,.000,4,4,0,fielding,7.0,,,695508,Cam Cauley,0,0.00,0.00,2026,,,140,Texas Rangers,0,0,
23,0,,,,,0,0,0,.000,1,1,0,fielding,0.0,,,695508,Cam Cauley,0,-.--,0.00,2026,,,140,Texas Rangers,0,0,
24,0,,,,,0,0,0,.000,2,2,0,fielding,0.0,,,701852,Drew Cavanaugh,0,-.--,0.00,2026,,,137,San Francisco Giants,0,0,
28,0,,,,,0,0,0,.000,6,6,0,fielding,8.2,,,676454,Brendan Cellucci,0,0.00,0.00,2026,,,141,Toronto Blue Jays,0,0,
26,0,,,,,0,0,0,.000,4,4,0,fielding,5.1,,,672021,Eric Cerantola,0,0.00,0.00,2026,,,118,Kansas City Royals,0,0,
27,0,,,,,0,0,0,.000,21,21,15,fielding,0.0,,,665953,Andrés Chaparro,0,-.--,0.00,2026,,,120,Washington Nationals,0,0,
33,0,,,,,0,0,0,.000,1,1,1,fielding,0.0,,,656305,Matt Chapman,0,-.--,0.00,2026,,,137,San Francisco Giants,0,0,
28,0,,,,,0,0,0,.000,1,1,0,fielding,0.0,,,665862,Jazz Chisholm Jr.,0,-.--,0.00,2026,,,147,New York Yankees,0,0,
22,0,,,,,0,0,0,.000,1,1,0,fielding,1.0,,,694192,Jackson Chourio,0,0.00,0.00,2026,,,158,Milwaukee Brewers,0,0,
22,0,,,,,0,0,0,.000,1,1,0,fielding,0.0,,,694192,Jackson Chourio,0,-.--,0.00,2026,,,158,Milwaukee Brewers,0,0,
24,0,,,,,0,0,0,.000,1,1,0,fielding,2.0,,,682729,Jonatan Clase,0,0.00,0.00,2026,,,141,Toronto Blue Jays,0,0,
30,0,,,,,0,0,0,.000,3,3,0,fielding,2.2,,,676391,Ernie Clement,0,0.00,0.00,2026,,,141,Toronto Blue Jays,0,0,
25,0,,,,,0,0,0,.000,1,1,0,fielding,0.0,,,805904,Zach Cole,0,-.--,0.00,2026,,,117,Houston Astros,0,0,
28,0,,,,,0,0,0,.000,2,2,2,fielding,0.0,,,686555,Isaac Collins,0,-.--,0.00,2026,,,118,Kansas City Royals,0,0,
33,0,,,,,0,0,0,.000,52,52,42,fielding,0.0,,,624424,Michael Conforto,0,-.--,0.00,2026,,,112,Chicago Cubs,0,0,
28,0,,,,,0,0,0,.000,18,18,15,fielding,0.0,,,665052,Griffin Conine,0,-.--,0.00,2026,,,146,Miami Marlins,0,0,
28,0,,,,,0,0,0,.000,20,20,20,fielding,0.0,,,661388,William Contreras,0,-.--,0.00,2026,,,158,Milwaukee Brewers,0,0,
34,0,,,,,0,0,0,.000,2,2,2,fielding,0.0,,,575929,Willson Contreras,0,-.--,0.00,2026,,,111,Boston Red Sox,0,0,
25,0,,,,,0,0,0,.000,4,4,0,fielding,5.2,,,702047,Alex Cook,0,0.00,0.00,2026,,,139,Tampa Bay Rays,0,0,
27,0,,,,,0,0,0,.000,1,1,0,fielding,0.0,,,695257,Billy Cook,0,-.--,0.00,2026,,,134,Pittsburgh Pirates,0,0,
24,0,,,,,0,0,0,.000,1,1,0,fielding,1.0,,,529017,Alexander Cornielle,0,0.00,0.00,2026,,,147,New York Yankees,0,0,
29,0,,,,,0,0,0,.000,9,9,0,fielding,9.1,,,666126,Carlos Cortes,0,0.00,0.00,2026,,,133,Athletics,0,0,
29,0,,,,,0,0,0,.000,27,27,22,fielding,0.0,,,666126,Carlos Cortes,0,-.--,0.00,2026,,,133,Athletics,0,0,
26,0,,,,,0,0,0,.000,2,2,1,fielding,0.0,,,681297,Colton Cowser,0,-.--,0.00,2026,,,110,Baltimore Orioles,0,0,
31,0,,,,,0,0,0,.000,1,1,0,fielding,0.0,,,641487,J.P. Crawford,0,-.--,0.00,2026,,,136,Seattle Mariners,0,0,
22,0,,,,,0,0,0,.000,1,1,0,fielding,0.0,,,702222,Justin Crawford,0,-.--,0.00,2026,,,143,Philadelphia Phillies,0,0,
24,0,,,,,0,0,0,.000,3,3,0,fielding,0.0,,,686611,Dylan Crews,0,-.--,0.00,2026,,,120,Washington Nationals,0,0,
27,0,,,,,0,0,0,.000,3,3,0,fielding,4.0,,,676105,Jeff Criswell,0,0.00,0.00,2026,,,115,Colorado Rockies,0,0,
32,0,,,,,0,0,0,.000,2,2,2,fielding,0.0,,,630105,Jake Cronenworth,0,-.--,0.00,2026,,,135,San Diego Padres,0,0,
24,0,,,,,0,0,0,.000,5,5,5,fielding,0.0,,,699625,Jimmy Crooks,0,-.--,0.00,2026,,,138,St. Louis Cardinals,0,0,
24,0,,,,,0,0,0,.000,4,4,4,fielding,0.0,,,691718,Pete Crow-Armstrong,0,-.--,0.00,2026,,,112,Chicago Cubs,0,0,
27,0,,,,,0,0,0,.000,8,8,8,fielding,0.0,,,665833,Oneil Cruz,0,-.--,0.00,2026,,,134,Pittsburgh Pirates,0,0,
27,0,,,,,0,0,0,.000,1,1,1,fielding,7.0,,,669360,Trei Cruz,0,0.00,0.00,2026,,,116,Detroit Tigers,0,0,
23,0,,,,,0,0,0,.000,1,1,1,fielding,0.0,,,815589,Bo Davidson,0,-.--,0.00,2026,,,137,San Francisco Giants,0,0,
26,0,,,,,0,0,0,.000,1,1,0,fielding,0.0,,,680779,Henry Davis,0,-.--,0.00,2026,,,134,Pittsburgh Pirates,0,0,
24,0,,,,,0,0,0,.000,12,12,12,fielding,0.0,,,682829,Elly De La Cruz,0,-.--,0.00,2026,,,113,Cincinnati Reds,0,0,
23,0,,,,,0,0,0,.000,1,1,1,fielding,0.0,,,691277,Deyvison De Los Santos,0,-.--,0.00,2026,,,146,Miami Marlins,0,0,
21,0,,,,,0,0,0,.000,9,9,9,fielding,0.0,,,800543,Josue De Paula,0,-.--,0.00,2026,,,119,Los Angeles Dodgers,0,0,
24,0,,,,,0,0,0,.000,60,60,58,fielding,0.0,,,800050,Chase DeLauter,0,-.--,0.00,2026,,,114,Cleveland Guardians,0,0,
27,0,,,,,0,0,0,.000,2,2,0,fielding,0.0,,,676356,Jonny DeLuca,0,-.--,0.00,2026,,,139,Tampa Bay Rays,0,0,
29,0,,,,,0,0,0,.000,1,1,0,fielding,0.0,,,681909,Justin Dean,0,-.--,0.00,2026,,,112,Chicago Cubs,0,0,
26,0,,,,,0,0,0,.000,1,1,0,fielding,1.2,,,680728,Adrian Del Castillo,0,0.00,0.00,2026,,,109,Arizona Diamondbacks,0,0,
26,0,,,,,0,0,0,.000,33,33,33,fielding,0.0,,,680728,Adrian Del Castillo,0,-.--,0.00,2026,,,109,Arizona Diamondbacks,0,0,
29,0,,,,,0,0,0,.000,48,48,48,fielding,0.0,,,646240,Rafael Devers,0,-.--,0.00,2026,,,137,San Francisco Giants,0,0,
26,0,,,,,0,0,0,.000,2,2,0,fielding,0.0,,,701305,Zach Dezenzo,0,-.--,0.00,2026,,,117,Houston Astros,0,0,
27,0,,,,,0,0,0,.000,1,1,0,fielding,1.0,,,673237,Yainer Diaz,0,0.00,0.00,2026,,,117,Houston Astros,0,0,
27,0,,,,,0,0,0,.000,9,9,8,fielding,0.0,,,673237,Yainer Diaz,0,-.--,0.00,2026,,,117,Houston Astros,0,0,
27,0,,,,,0,0,0,.000,29,29,23,fielding,0.0,,,693307,Dillon Dingler,0,-.--,0.00,2026,,,116,Detroit Tigers,0,0,
23,0,,,,,0,0,0,.000,10,10,10,fielding,0.0,,,691176,Jasson Domínguez,0,-.--,0.00,2026,,,147,New York Yankees,0,0,
28,0,,,,,0,0,0,.000,1,1,0,fielding,0.0,,,686668,Brenton Doyle,0,-.--,0.00,2026,,,145,Chicago White Sox,0,0,
31,0,,,,,0,0,0,.000,1,1,0,fielding,0.0,,,643289,Mauricio Dubón,0,-.--,0.00,2026,,,144,Atlanta Braves,0,0,
27,0,,,,,0,0,0,.000,2,2,0,fielding,0.0,,,694362,Blake Dunn,0,-.--,0.00,2026,,,113,Cincinnati Reds,0,0,
28,0,,,,,0,0,0,.000,2,2,0,fielding,0.0,,,686554,Oliver Dunn,0,-.--,0.00,2026,,,139,Tampa Bay Rays,0,0,
24,0,,,,,0,0,0,.000,2,2,0,fielding,1.1,,,679922,Carlos Duran,0,0.00,0.00,2026,,,118,Kansas City Royals,0,0,
29,0,,,,,0,0,0,.000,8,8,7,fielding,0.0,,,680776,Jarren Duran,0,-.--,0.00,2026,,,111,Boston Red Sox,0,0,
28,0,,,,,0,0,0,.000,2,2,0,fielding,3.0,,,660710,Rodolfo Durán,0,0.00,0.00,2026,,,135,San Diego Padres,0,0,
35,0,,,,,0,0,0,.000,10,10,6,fielding,0.0,,,553869,Elias Díaz,0,-.--,0.00,2026,,,140,Texas Rangers,0,0,
29,0,,,,,0,0,0,.000,1,1,0,fielding,1.1,,,646242,Jhonathan Díaz,0,0.00,0.00,2026,,,136,Seattle Mariners,0,0,
34,0,,,,,0,0,0,.000,154,154,154,fielding,0.0,,,650490,Yandy Díaz,0,-.--,0.00,2026,,,139,Tampa Bay Rays,0,0,
29,0,,,,,0,0,0,.000,4,4,0,fielding,0.0,,,681987,Nate Eaton,0,-.--,0.00,2026,,,111,Boston Red Sox,0,0,
27,0,,,,,0,0,0,.000,4,4,0,fielding,4.0,,,671109,Jake Eder,0,0.00,0.00,2026,,,119,Los Angeles Dodgers,0,0,
31,0,,,,,0,0,0,.000,1,1,0,fielding,1.0,,,669242,Tommy Edman,0,0.00,0.00,2026,,,119,Los Angeles Dodgers,0,0,
31,0,,,,,0,0,0,.000,1,1,0,fielding,0.0,,,669242,Tommy Edman,0,-.--,0.00,2026,,,119,Los Angeles Dodgers,0,0,
34,0,,,,,0,0,0,.000,2,2,0,fielding,6.0,,,605218,Carl Edwards Jr.,0,0.00,0.00,2026,,,121,New York Mets,0,0,
26,0,,,,,0,0,0,.000,2,2,2,fielding,0.0,,,669364,Xavier Edwards,0,-.--,0.00,2026,,,146,Miami Marlins,0,0,
32,0,,,,,0,0,0,.000,1,1,1,fielding,3.2,,,621107,Zach Eflin,0,0.00,0.00,2026,,,110,Baltimore Orioles,0,0,
21,0,,,,,0,0,0,.000,66,66,65,fielding,0.0,,,805811,Bryce Eldridge,0,-.--,0.00,2026,,,137,San Francisco Giants,0,0,
34,0,,,,,0,0,0,.000,1,1,1,fielding,5.0,,,592288,Kent Emanuel,0,0.00,0.00,2026,,,113,Cincinnati Reds,0,0,
20,0,,,,,0,0,0,.000,1,1,0,fielding,0.0,,,806068,Colt Emerson,0,-.--,0.00,2026,,,136,Seattle Mariners,0,0,
28,0,,,,,0,0,0,.000,2,2,2,fielding,0.0,,,666464,Jerar Encarnacion,0,-.--,0.00,2026,,,137,San Francisco Giants,0,0,
26,0,,,,,0,0,0,.000,4,4,4,fielding,0.0,,,687952,Christian Encarnacion-Strand,0,-.--,0.00,2026,,,110,Baltimore Orioles,0,0,
29,0,,,,,0,0,0,.000,1,1,0,fielding,1.0,,,664744,Jose Espada,0,0.00,0.00,2026,,,110,Baltimore Orioles,0,0,
31,0,,,,,0,0,0,.000,2,2,1,fielding,0.0,,,669289,Santiago Espinal,0,-.--,0.00,2026,,,119,Los Angeles Dodgers,0,0,
24,0,,,,,0,0,0,.000,2,2,1,fielding,7.1,,,683155,Joey Estes,0,0.00,0.00,2026,,,133,Athletics,0,0,
33,0,,,,,0,0,0,.000,1,1,0,fielding,0.1,,,608032,Carlos Estévez,0,0.00,0.00,2026,,,118,Kansas City Royals,0,0,
21,0,,,,,0,0,0,.000,3,3,0,fielding,10.0,,,805999,A.J. Ewing,0,0.00,0.00,2026,,,121,New York Mets,0,0,
21,0,,,,,0,0,0,.000,1,1,0,fielding,0.0,,,805999,A.J. Ewing,0,-.--,0.00,2026,,,121,New York Mets,0,0,
30,0,,,,,0,0,0,.000,1,1,0,fielding,0.0,,,656413,Stuart Fairchild,0,-.--,0.00,2026,,,114,Cleveland Guardians,0,0,
35,0,,,,,0,0,0,.000,4,4,1,fielding,0.0,,,571657,Kyle Farmer,0,-.--,0.00,2026,,,144,Atlanta Braves,0,0,
26,0,,,,,0,0,0,.000,3,3,1,fielding,12.0,,,693459,Kyler Fedko,0,0.00,0.00,2026,,,142,Minnesota Twins,0,0,
26,0,,,,,0,0,0,.000,1,1,0,fielding,0.0,,,693459,Kyler Fedko,0,-.--,0.00,2026,,,142,Minnesota Twins,0,0,
29,0,,,,,0,0,0,.000,1,1,0,fielding,0.0,,,676439,Hunter Feduccia,0,-.--,0.00,2026,,,139,Tampa Bay Rays,0,0,
31,0,,,,,0,0,0,.000,1,1,0,fielding,0.0,,,666023,Freddy Fermin,0,-.--,0.00,2026,,,135,San Diego Padres,0,0,
27,0,,,,,0,0,0,.000,2,2,2,fielding,0.0,,,665877,José Fermín,0,-.--,0.00,2026,,,138,St. Louis Cardinals,0,0,
22,0,,,,,0,0,0,.000,22,22,14,fielding,0.0,,,699912,Jose Fernandez,0,-.--,0.00,2026,,,109,Arizona Diamondbacks,0,0,
30,0,,,,,0,0,0,.000,3,3,0,fielding,4.0,,,642759,Julian Fernández,0,0.00,0.00,2026,,,120,Washington Nationals,0,0,
25,0,,,,,0,0,0,.000,1,1,0,fielding,1.0,,,804668,Rafael Flores Jr.,0,0.00,0.00,2026,,,134,Pittsburgh Pirates,0,0,
23,0,,,,,0,0,0,.000,1,1,1,fielding,0.0,,,695670,Harry Ford,0,-.--,0.00,2026,,,120,Washington Nationals,0,0,
29,0,,,,,0,0,0,.000,2,2,0,fielding,0.0,,,663743,Nick Fortes,0,-.--,0.00,2026,,,139,Tampa Bay Rays,0,0,
27,0,,,,,0,0,0,.000,28,28,11,fielding,0.0,,,679822,Justin Foscue,0,-.--,0.00,2026,,,140,Texas Rangers,0,0,
31,0,,,,,0,0,0,.000,2,2,2,fielding,0.0,,,641584,Jake Fraley,0,-.--,0.00,2026,,,139,Tampa Bay Rays,0,0,
31,0,,,,,0,0,0,.000,3,3,1,fielding,0.0,,,664034,Ty France,0,-.--,0.00,2026,,,135,San Diego Padres,0,0,
26,0,,,,,0,0,0,.000,1,1,0,fielding,0.0,,,681047,Christian Franklin,0,-.--,0.00,2026,,,110,Baltimore Orioles,0,0,
34,0,,,,,0,0,0,.000,6,6,4,fielding,0.0,,,624428,Adam Frazier,0,-.--,0.00,2026,,,108,Los Angeles Angels,0,0,
36,0,,,,,0,0,0,.000,1,1,1,fielding,0.0,,,518692,Freddie Freeman,0,-.--,0.00,2026,,,119,Los Angeles Dodgers,0,0,
27,0,,,,,0,0,0,.000,10,10,9,fielding,0.0,,,671289,Tyler Freeman,0,-.--,0.00,2026,,,115,Colorado Rockies,0,0,
26,0,,,,,0,0,0,.000,1,1,0,fielding,2.0,,,686217,Sal Frelick,0,0.00,0.00,2026,,,158,Milwaukee Brewers,0,0,
26,0,,,,,0,0,0,.000,2,2,0,fielding,0.0,,,686217,Sal Frelick,0,-.--,0.00,2026,,,158,Milwaukee Brewers,0,0,
30,0,,,,,0,0,0,.000,12,12,11,fielding,0.0,,,681807,David Fry,0,-.--,0.00,2026,,,114,Cleveland Guardians,0,0,
27,0,,,,,0,0,0,.000,2,2,0,fielding,2.0,,,690924,Braxton Fulford,0,0.00,0.00,2026,,,115,Colorado Rockies,0,0,
27,0,,,,,0,0,0,.000,14,14,9,fielding,0.0,,,690924,Braxton Fulford,0,-.--,0.00,2026,,,115,Colorado Rockies,0,0,
24,0,,,,,0,0,0,.000,2,2,1,fielding,0.0,,,801501,Nate Furman,0,-.--,0.00,2026,,,137,San Francisco Giants,0,0,
26,0,,,,,0,0,0,.000,1,1,1,fielding,0.0,,,672580,Maikel Garcia,0,-.--,0.00,2026,,,118,Kansas City Royals,0,0,
33,0,,,,,0,0,0,.000,1,1,1,fielding,8.0,,,666969,Adolis García,0,0.00,0.00,2026,,,143,Philadelphia Phillies,0,0,
26,0,,,,,0,0,0,.000,11,11,11,fielding,0.0,,,671277,Luis García Jr.,0,-.--,0.00,2026,,,147,New York Yankees,0,0,
35,0,,,,,0,0,0,.000,8,8,3,fielding,0.0,,,641598,Mitch Garver,0,-.--,0.00,2026,,,136,Seattle Mariners,0,0,
30,0,,,,,0,0,0,.000,33,33,28,fielding,0.0,,,681508,Mickey Gasper,0,-.--,0.00,2026,,,111,Boston Red Sox,0,0,
26,0,,,,,0,0,0,.000,2,2,2,fielding,0.0,,,680869,Zack Gelof,0,-.--,0.00,2026,,,133,Athletics,0,0,
29,0,,,,,0,0,0,.000,7,7,0,fielding,8.1,,,680702,Joey Gerber,0,0.00,0.00,2026,,,121,New York Mets,0,0,
27,0,,,,,0,0,0,.000,4,4,0,fielding,4.0,,,808970,Woo-Suk Go,0,0.00,0.00,2026,,,142,Minnesota Twins,0,0,
38,0,,,,,0,0,0,.000,14,14,11,fielding,0.0,,,502671,Paul Goldschmidt,0,-.--,0.00,2026,,,147,New York Yankees,0,0,
32,0,,,,,0,0,0,.000,1,1,0,fielding,2.2,,,664062,Tony Gonsolin,0,0.00,0.00,2026,,,118,Kansas City Royals,0,0,
27,0,,,,,0,0,0,.000,9,9,9,fielding,0.0,,,693304,Nick Gonzales,0,-.--,0.00,2026,,,134,Pittsburgh Pirates,0,0,
26,0,,,,,0,0,0,.000,5,5,0,fielding,7.2,,,682445,Domingo Gonzalez,0,0.00,0.00,2026,,,136,Seattle Mariners,0,0,
22,0,,,,,0,0,0,.000,1,1,0,fielding,1.0,,,694224,Gabriel Gonzalez,0,0.00,0.00,2026,,,142,Minnesota Twins,0,0,
29,0,,,,,0,0,0,.000,8,8,8,fielding,0.0,,,663853,Romy Gonzalez,0,-.--,0.00,2026,,,111,Boston Red Sox,0,0,
26,0,,,,,0,0,0,.000,39,39,35,fielding,0.0,,,696100,Hunter Goodman,0,-.--,0.00,2026,,,115,Colorado Rockies,0,0,
26,0,,,,,0,0,0,.000,16,16,16,fielding,0.0,,,669357,Nolan Gorman,0,-.--,0.00,2026,,,138,St. Louis Cardinals,0,0,
25,0,,,,,0,0,0,.000,17,17,17,fielding,0.0,,,682985,Riley Greene,0,-.--,0.00,2026,,,116,Detroit Tigers,0,0,
34,0,,,,,0,0,0,.000,47,47,19,fielding,0.0,,,545341,Randal Grichuk,0,-.--,0.00,2026,,,145,Chicago White Sox,0,0,
20,0,,,,,0,0,0,.000,4,4,4,fielding,0.0,,,804606,Konnor Griffin,0,-.--,0.00,2026,,,134,Pittsburgh Pirates,0,0,
29,0,,,,,0,0,0,.000,1,1,1,fielding,0.0,,,663757,Trent Grisham,0,-.--,0.00,2026,,,147,New York Yankees,0,0,
25,0,,,,,0,0,0,.000,3,3,2,fielding,0.0,,,687093,Vaughn Grissom,0,-.--,0.00,2026,,,108,Los Angeles Angels,0,0,
24,0,,,,,0,0,0,.000,5,5,5,fielding,0.0,,,694410,LuJames Groover,0,-.--,0.00,2026,,,109,Arizona Diamondbacks,0,0,
27,0,,,,,0,0,0,.000,16,16,16,fielding,0.0,,,665489,Vladimir Guerrero Jr.,0,-.--,0.00,2026,,,141,Toronto Blue Jays,0,0,
32,0,,,,,0,0,0,.000,13,13,12,fielding,0.0,,,666971,Lourdes Gurriel Jr.,0,-.--,0.00,2026,,,109,Arizona Diamondbacks,0,0,
33,0,,,,,0,0,0,.000,3,3,1,fielding,9.0,,,606992,Eric Haase,0,0.00,0.00,2026,,,137,San Francisco Giants,0,0,
29,0,,,,,0,0,0,.000,3,3,1,fielding,8.0,,,663795,Justin Hagenman,0,0.00,0.00,2026,,,121,New York Mets,0,0,
32,0,,,,,0,0,0,.000,1,1,0,fielding,0.0,,,664059,Sam Haggerty,0,-.--,0.00,2026,,,140,Texas Rangers,0,0,
31,0,,,,,0,0,0,.000,4,4,0,fielding,4.2,,,641656,Ian Hamilton,0,0.00,0.00,2026,,,144,Atlanta Braves,0,0,
31,0,,,,,0,0,0,.000,5,5,5,fielding,0.0,,,664023,Ian Happ,0,-.--,0.00,2026,,,112,Chicago Cubs,0,0,
33,0,,,,,0,0,0,.000,12,12,12,fielding,0.0,,,547180,Bryce Harper,0,-.--,0.00,2026,,,143,Philadelphia Phillies,0,0,
28,0,,,,,0,0,0,.000,1,1,0,fielding,1.0,,,695391,Brett Harris,0,0.00,0.00,2026,,,133,Athletics,0,0,
26,0,,,,,0,0,0,.000,1,1,0,fielding,0.0,,,687957,Dustin Harris,0,-.--,0.00,2026,,,135,San Diego Padres,0,0,
25,0,,,,,0,0,0,.000,3,3,3,fielding,0.0,,,671739,Michael Harris II,0,-.--,0.00,2026,,,144,Atlanta Braves,0,0,
30,0,,,,,0,0,0,.000,13,13,9,fielding,0.0,,,669720,Austin Hays,0,-.--,0.00,2026,,,135,San Diego Padres,0,0,
33,0,,,,,0,0,0,.000,4,4,0,fielding,4.1,,,595978,Austin Hedges,0,0.00,0.00,2026,,,114,Cleveland Guardians,0,0,
33,0,,,,,0,0,0,.000,1,1,1,fielding,0.0,,,595978,Austin Hedges,0,-.--,0.00,2026,,,114,Cleveland Guardians,0,0,
31,0,,,,,0,0,0,.000,1,1,0,fielding,0.2,,,641680,Jonah Heim,0,0.00,0.00,2026,,,133,Athletics,0,0,
31,0,,,,,0,0,0,.000,19,19,18,fielding,0.0,,,641680,Jonah Heim,0,-.--,0.00,2026,,,133,Athletics,0,0,
35,0,,,,,0,0,0,.000,1,1,0,fielding,0.0,,,623168,Tyler Heineman,0,-.--,0.00,2026,,,141,Toronto Blue Jays,0,0,
30,0,,,,,0,0,0,.000,2,2,0,fielding,3.0,,,680737,Michael Helman,0,0.00,0.00,2026,,,140,Texas Rangers,0,0,
25,0,,,,,0,0,0,.000,9,9,8,fielding,0.0,,,683002,Gunnar Henderson,0,-.--,0.00,2026,,,110,Baltimore Orioles,0,0,
28,0,,,,,0,0,0,.000,2,2,0,fielding,2.2,,,681973,Josh Hendrickson,0,0.00,0.00,2026,,,117,Houston Astros,0,0,
26,0,,,,,0,0,0,.000,11,11,0,fielding,13.2,,,669371,Cole Henry,0,0.00,0.00,2026,,,120,Washington Nationals,0,0,
24,0,,,,,0,0,0,.000,1,1,0,fielding,2.0,,,687231,Darell Hernaiz,0,0.00,0.00,2026,,,133,Athletics,0,0,
26,0,,,,,0,0,0,.000,5,5,4,fielding,0.0,,,681715,Heriberto Hernández,0,-.--,0.00,2026,,,146,Miami Marlins,0,0,
29,0,,,,,0,0,0,.000,2,2,0,fielding,3.0,,,672578,Carlos Hernández,0,0.00,0.00,2026,,,114,Cleveland Guardians,0,0,
34,0,,,,,0,0,0,.000,1,1,0,fielding,1.0,,,571771,Enrique Hernández,0,0.00,0.00,2026,,,119,Los Angeles Dodgers,0,0,
33,0,,,,,0,0,0,.000,4,4,4,fielding,0.0,,,606192,Teoscar Hernández,0,-.--,0.00,2026,,,119,Los Angeles Dodgers,0,0,
26,0,,,,,0,0,0,.000,108,108,108,fielding,0.0,,,671056,Iván Herrera,0,-.--,0.00,2026,,,138,St. Louis Cardinals,0,0,
22,0,,,,,0,0,0,.000,3,3,0,fielding,2.1,,,700327,Welinton Herrera,0,0.00,0.00,2026,,,115,Colorado Rockies,0,0,
30,0,,,,,0,0,0,.000,1,1,0,fielding,1.0,,,676551,Brewer Hicklen,0,0.00,0.00,2026,,,144,Atlanta Braves,0,0,
27,0,,,,,0,0,0,.000,43,43,40,fielding,0.0,,,689414,Liam Hicks,0,-.--,0.00,2026,,,139,Tampa Bay Rays,0,0,
36,0,,,,,0,0,0,.000,3,3,0,fielding,3.0,,,543309,Kyle Higashioka,0,0.00,0.00,2026,,,140,Texas Rangers,0,0,
36,0,,,,,0,0,0,.000,6,6,2,fielding,0.0,,,543309,Kyle Higashioka,0,-.--,0.00,2026,,,140,Texas Rangers,0,0,
33,0,,,,,0,0,0,.000,1,1,0,fielding,1.0,,,664731,P.J. Higgins,0,0.00,0.00,2026,,,113,Cincinnati Reds,0,0,
30,0,,,,,0,0,0,.000,1,1,0,fielding,1.0,,,656537,Derek Hill,0,0.00,0.00,2026,,,143,Philadelphia Phillies,0,0,
30,0,,,,,0,0,0,.000,2,2,0,fielding,0.0,,,656537,Derek Hill,0,-.--,0.00,2026,,,143,Philadelphia Phillies,0,0,
27,0,,,,,0,0,0,.000,2,2,2,fielding,0.0,,,806367,Turner Hill,0,-.--,0.00,2026,,,137,San Francisco Giants,0,0,
25,0,,,,,0,0,0,.000,1,1,1,fielding,0.0,,,677956,Rece Hinds,0,-.--,0.00,2026,,,146,Miami Marlins,0,0,
30,0,,,,,0,0,0,.000,8,8,0,fielding,9.1,,,682274,Yaramil Hiraldo,0,0.00,0.00,2026,,,110,Baltimore Orioles,0,0,
25,0,,,,,0,0,0,.000,4,4,0,fielding,12.1,,,687309,Cooper Hjerpe,0,0.00,0.00,2026,,,138,St. Louis Cardinals,0,0,
22,0,,,,,0,0,0,.000,5,5,2,fielding,0.0,,,702616,Jackson Holliday,0,-.--,0.00,2026,,,110,Baltimore Orioles,0,0,
26,0,,,,,0,0,0,.000,1,1,0,fielding,0.1,,,680880,Grant Holman,0,0.00,0.00,2026,,,143,Philadelphia Phillies,0,0,
24,0,,,,,0,0,0,.000,6,6,0,fielding,5.1,,,811315,Brody Hopkins,0,0.00,0.00,2026,,,139,Tampa Bay Rays,0,0,
28,0,,,,,0,0,0,.000,3,3,3,fielding,0.0,,,687462,Spencer Horwitz,0,-.--,0.00,2026,,,134,Pittsburgh Pirates,0,0,
33,0,,,,,0,0,0,.000,1,1,0,fielding,3.0,,,656555,Rhys Hoskins,0,0.00,0.00,2026,,,114,Cleveland Guardians,0,0,
33,0,,,,,0,0,0,.000,25,25,25,fielding,0.0,,,656555,Rhys Hoskins,0,-.--,0.00,2026,,,114,Cleveland Guardians,0,0,
23,0,,,,,0,0,0,.000,11,11,6,fielding,0.0,,,691781,Brady House,0,-.--,0.00,2026,,,120,Washington Nationals,0,0,
33,0,,,,,0,0,0,.000,1,1,0,fielding,0.0,,,628451,Andy Ibáñez,0,-.--,0.00,2026,,,133,Athletics,0,0,
24,0,,,,,0,0,0,.000,3,3,3,fielding,0.0,,,694876,Cooper Ingle,0,-.--,0.00,2026,,,114,Cleveland Guardians,0,0,
30,0,,,,,0,0,0,.000,2,2,0,fielding,2.0,,,656577,Alex Jackson,0,0.00,0.00,2026,,,142,Minnesota Twins,0,0,
30,0,,,,,0,0,0,.000,2,2,0,fielding,0.0,,,656577,Alex Jackson,0,-.--,0.00,2026,,,142,Minnesota Twins,0,0,
26,0,,,,,0,0,0,.000,1,1,0,fielding,1.0,,,669236,Jeremiah Jackson,0,0.00,0.00,2026,,,110,Baltimore Orioles,0,0,
26,0,,,,,0,0,0,.000,2,2,1,fielding,0.0,,,669236,Jeremiah Jackson,0,-.--,0.00,2026,,,110,Baltimore Orioles,0,0,
31,0,,,,,0,0,0,.000,4,4,2,fielding,0.0,,,643376,Danny Jansen,0,-.--,0.00,2026,,,140,Texas Rangers,0,0,
29,0,,,,,0,0,0,.000,7,7,7,fielding,0.0,,,680777,Ryan Jeffers,0,-.--,0.00,2026,,,142,Minnesota Twins,0,0,
21,0,,,,,0,0,0,.000,1,1,0,fielding,0.0,,,805805,Walker Jenkins,0,-.--,0.00,2026,,,142,Minnesota Twins,0,0,
22,0,,,,,0,0,0,.000,42,42,40,fielding,0.0,,,695600,Carter Jensen,0,-.--,0.00,2026,,,118,Kansas City Royals,0,0,
25,0,,,,,0,0,0,.000,9,9,9,fielding,0.0,,,677870,Leo Jiménez,0,-.--,0.00,2026,,,146,Miami Marlins,0,0,
29,0,,,,,0,0,0,.000,9,9,9,fielding,0.0,,,650391,Eloy Jiménez,0,-.--,0.00,2026,,,141,Toronto Blue Jays,0,0,
30,0,,,,,0,0,0,.000,5,5,0,fielding,0.0,,,669369,Bryce Johnson,0,-.--,0.00,2026,,,135,San Diego Padres,0,0,
27,0,,,,,0,0,0,.000,3,3,0,fielding,4.0,,,671155,Ivan Johnson,0,0.00,0.00,2026,,,113,Cincinnati Reds,0,0,
27,0,,,,,0,0,0,.000,3,3,0,fielding,0.0,,,671155,Ivan Johnson,0,-.--,0.00,2026,,,113,Cincinnati Reds,0,0,
29,0,,,,,0,0,0,.000,2,2,0,fielding,2.0,,,687859,Troy Johnston,0,0.00,0.00,2026,,,115,Colorado Rockies,0,0,
29,0,,,,,0,0,0,.000,26,26,25,fielding,0.0,,,687859,Troy Johnston,0,-.--,0.00,2026,,,115,Colorado Rockies,0,0,
28,0,,,,,0,0,0,.000,65,65,34,fielding,0.0,,,663330,Jahmai Jones,0,-.--,0.00,2026,,,111,Boston Red Sox,0,0,
25,0,,,,,0,0,0,.000,5,5,5,fielding,0.0,,,682987,Spencer Jones,0,-.--,0.00,2026,,,147,New York Yankees,0,0,
34,0,,,,,0,0,0,.000,7,7,7,fielding,0.0,,,592450,Aaron Judge,0,-.--,0.00,2026,,,147,New York Yankees,0,0,
27,0,,,,,0,0,0,.000,9,9,8,fielding,0.0,,,666397,Edouard Julien,0,-.--,0.00,2026,,,115,Colorado Rockies,0,0,
30,0,,,,,0,0,0,.000,1,1,1,fielding,0.0,,,667452,Corey Julks,0,-.--,0.00,2026,,,116,Detroit Tigers,0,0,
25,0,,,,,0,0,0,.000,3,3,3,fielding,0.0,,,690291,Jace Jung,0,-.--,0.00,2026,,,116,Detroit Tigers,0,0,
28,0,,,,,0,0,0,.000,4,4,4,fielding,0.0,,,673962,Josh Jung,0,-.--,0.00,2026,,,140,Texas Rangers,0,0,
29,0,,,,,0,0,0,.000,1,1,0,fielding,1.0,,,680577,DaShawn Keirsey Jr.,0,0.00,0.00,2026,,,144,Atlanta Braves,0,0,
24,0,,,,,0,0,0,.000,50,50,40,fielding,0.0,,,690993,Colt Keith,0,-.--,0.00,2026,,,116,Detroit Tigers,0,0,
32,0,,,,,0,0,0,.000,1,1,0,fielding,3.0,,,662144,Brian Keller,0,0.00,0.00,2026,,,143,Philadelphia Phillies,0,0,
26,0,,,,,0,0,0,.000,1,1,0,fielding,1.1,,,681520,Antoine Kelly,0,0.00,0.00,2026,,,112,Chicago Cubs,0,0,
31,0,,,,,0,0,0,.000,6,6,4,fielding,0.0,,,608348,Carson Kelly,0,-.--,0.00,2026,,,112,Chicago Cubs,0,0,
33,0,,,,,0,0,0,.000,5,5,0,fielding,5.0,,,547184,Michael Kelly,0,0.00,0.00,2026,,,133,Athletics,0,0,
27,0,,,,,0,0,0,.000,1,1,0,fielding,1.0,,,671083,Buddy Kennedy,0,0.00,0.00,2026,,,137,San Francisco Giants,0,0,
27,0,,,,,0,0,0,.000,2,2,0,fielding,3.0,,,671083,Buddy Kennedy,0,0.00,0.00,2026,,,137,San Francisco Giants,0,0,
27,0,,,,,0,0,0,.000,2,2,2,fielding,0.0,,,671083,Buddy Kennedy,0,-.--,0.00,2026,,,137,San Francisco Giants,0,0,
33,0,,,,,0,0,0,.000,3,3,1,fielding,0.0,,,596146,Max Kepler,0,-.--,0.00,2026,,,109,Arizona Diamondbacks,0,0,
23,0,,,,,0,0,0,.000,1,1,1,fielding,7.0,,,815873,Sean Keys,0,0.00,0.00,2026,,,141,Toronto Blue Jays,0,0,
23,0,,,,,0,0,0,.000,2,2,0,fielding,2.0,,,815873,Sean Keys,0,0.00,0.00,2026,,,141,Toronto Blue Jays,0,0,
23,0,,,,,0,0,0,.000,9,9,7,fielding,0.0,,,815873,Sean Keys,0,-.--,0.00,2026,,,141,Toronto Blue Jays,0,0,
31,0,,,,,0,0,0,.000,1,1,0,fielding,3.0,,,643396,Isiah Kiner-Falefa,0,0.00,0.00,2026,,,111,Boston Red Sox,0,0,
31,0,,,,,0,0,0,.000,1,1,0,fielding,0.0,,,643396,Isiah Kiner-Falefa,0,-.--,0.00,2026,,,111,Boston Red Sox,0,0,
32,0,,,,,2,0,2,.000,1,1,0,fielding,4.0,,,664068,Scott Kingery,0,0.00,0.00,2026,,,112,Chicago Cubs,2,0,
32,0,,,,,0,0,0,.000,2,2,0,fielding,0.0,,,664068,Scott Kingery,0,-.--,0.00,2026,,,112,Chicago Cubs,0,0,
29,0,,,,,0,0,0,.000,1,1,0,fielding,1.0,,,663884,Nolan Kingham,0,0.00,0.00,2026,,,140,Texas Rangers,0,0,
27,0,,,,,0,0,0,.000,3,3,3,fielding,0.0,,,672386,Alejandro Kirk,0,-.--,0.00,2026,,,141,Toronto Blue Jays,0,0,
24,0,,,,,0,0,0,.000,4,4,0,fielding,8.1,,,804619,John Klein,0,0.00,0.00,2026,,,141,Toronto Blue Jays,0,0,
32,0,,,,,0,0,0,.000,9,9,0,fielding,7.0,,,657649,Jared Koenig,0,0.00,0.00,2026,,,158,Milwaukee Brewers,0,0,
28,0,,,,,0,0,0,.000,2,2,0,fielding,2.0,,,683766,Christian Koss,0,0.00,0.00,2026,,,137,San Francisco Giants,0,0,
28,0,,,,,0,0,0,.000,1,1,0,fielding,0.0,,,683766,Christian Koss,0,-.--,0.00,2026,,,137,San Francisco Giants,0,0,
32,0,,,,,0,0,0,.000,2,2,0,fielding,2.2,,,621139,Brooks Kriske,0,0.00,0.00,2026,,,133,Athletics,0,0,
23,0,,,,,0,0,0,.000,3,3,3,fielding,0.0,,,701762,Nick Kurtz,0,-.--,0.00,2026,,,133,Athletics,0,0,
28,0,,,,,0,0,0,.000,3,3,3,fielding,0.0,,,680757,Steven Kwan,0,-.--,0.00,2026,,,114,Cleveland Guardians,0,0,
28,0,,,,,0,0,0,.000,1,1,0,fielding,0.1,,,686747,Joe La Sorsa,0,0.00,0.00,2026,,,111,Boston Red Sox,0,0,
28,0,,,,,0,0,0,.000,34,34,33,fielding,0.0,,,669127,Shea Langeliers,0,-.--,0.00,2026,,,133,Athletics,0,0,
24,0,,,,,0,0,0,.000,9,9,9,fielding,0.0,,,694671,Wyatt Langford,0,-.--,0.00,2026,,,140,Texas Rangers,0,0,
29,0,,,,,0,0,0,.000,3,3,3,fielding,0.0,,,663616,Trevor Larnach,0,-.--,0.00,2026,,,142,Minnesota Twins,0,0,
31,0,,,,,0,0,0,.000,1,1,1,fielding,0.0,,,657656,Ramón Laureano,0,-.--,0.00,2026,,,135,San Diego Padres,0,0,
35,0,,,,,0,0,0,.000,7,7,1,fielding,9.0,,,571882,Derek Law,0,0.00,0.00,2026,,,109,Arizona Diamondbacks,0,0,
23,0,,,,,0,0,0,.000,4,4,3,fielding,0.0,,,701678,Hao-Yu Lee,0,-.--,0.00,2026,,,116,Detroit Tigers,0,0,
27,0,,,,,0,0,0,.000,4,4,4,fielding,0.0,,,808982,Jung Hoo Lee,0,-.--,0.00,2026,,,137,San Francisco Giants,0,0,
23,0,,,,,0,0,0,.000,24,24,21,fielding,0.0,,,695734,Daylen Lile,0,-.--,0.00,2026,,,120,Washington Nationals,0,0,
32,0,,,,,0,0,0,.000,2,2,2,fielding,0.0,,,596019,Francisco Lindor,0,-.--,0.00,2026,,,121,New York Mets,0,0,
25,0,,,,,0,0,0,.000,1,1,0,fielding,1.0,,,681432,Luke Little,0,0.00,0.00,2026,,,112,Chicago Cubs,0,0,
25,0,,,,,0,0,0,.000,2,2,1,fielding,0.0,,,682988,Tyler Locklear,0,-.--,0.00,2026,,,109,Arizona Diamondbacks,0,0,
29,0,,,,,0,0,0,.000,1,1,0,fielding,1.0,,,663604,Brandon Lockridge,0,0.00,0.00,2026,,,158,Milwaukee Brewers,0,0,
27,0,,,,,0,0,0,.000,1,1,1,fielding,0.0,,,679845,Nick Loftin,0,-.--,0.00,2026,,,118,Kansas City Royals,0,0,
27,0,,,,,0,0,0,.000,2,2,0,fielding,2.1,,,675920,Seth Lonsway,0,0.00,0.00,2026,,,137,San Francisco Giants,0,0,
31,0,,,,,0,0,0,.000,2,2,0,fielding,4.0,,,670032,Nicky Lopez,0,0.00,0.00,2026,,,112,Chicago Cubs,0,0,
31,0,,,,,0,0,0,.000,1,1,0,fielding,1.0,,,670032,Nicky Lopez,0,0.00,0.00,2026,,,140,Texas Rangers,0,0,
27,0,,,,,0,0,0,.000,1,1,1,fielding,0.0,,,672640,Otto Lopez,0,-.--,0.00,2026,,,146,Miami Marlins,0,0,
31,0,,,,,0,0,0,.000,11,11,11,fielding,0.0,,,664040,Brandon Lowe,0,-.--,0.00,2026,,,134,Pittsburgh Pirates,0,0,
30,0,,,,,0,0,0,.000,47,47,46,fielding,0.0,,,663993,Nathaniel Lowe,0,-.--,0.00,2026,,,113,Cincinnati Reds,0,0,
25,0,,,,,0,0,0,.000,1,1,0,fielding,0.0,,,683090,Matthew Lugo,0,-.--,0.00,2026,,,118,Kansas City Royals,0,0,
33,0,,,,,0,0,0,.000,19,19,19,fielding,0.0,,,592518,Manny Machado,0,-.--,0.00,2026,,,135,San Diego Padres,0,0,
29,0,,,,,0,0,0,.000,2,2,2,fielding,0.0,,,663611,Nick Madrigal,0,-.--,0.00,2026,,,108,Los Angeles Angels,0,0,
35,0,,,,,0,0,0,.000,1,1,0,fielding,1.0,,,571912,Luke Maile,0,0.00,0.00,2026,,,118,Kansas City Royals,0,0,
26,0,,,,,0,0,0,.000,1,1,0,fielding,0.0,,,701162,Ben Malgeri,0,-.--,0.00,2026,,,116,Detroit Tigers,0,0,
34,0,,,,,0,0,0,.000,1,1,0,fielding,0.0,,,641820,Trey Mancini,0,-.--,0.00,2026,,,108,Los Angeles Angels,0,0,
26,0,,,,,0,0,0,.000,14,14,0,fielding,17.2,,,815081,Mark Manfredi,0,0.00,0.00,2026,,,115,Colorado Rockies,0,0,
25,0,,,,,0,0,0,.000,17,17,14,fielding,0.0,,,700932,Kyle Manzardo,0,-.--,0.00,2026,,,114,Cleveland Guardians,0,0,
25,0,,,,,0,0,0,.000,2,2,2,fielding,0.0,,,805300,Jakob Marsee,0,-.--,0.00,2026,,,146,Miami Marlins,0,0,
32,0,,,,,0,0,0,.000,25,25,25,fielding,0.0,,,606466,Ketel Marte,0,-.--,0.00,2026,,,109,Arizona Diamondbacks,0,0,
24,0,,,,,0,0,0,.000,1,1,0,fielding,0.0,,,682622,Noelvi Marte,0,-.--,0.00,2026,,,113,Cincinnati Reds,0,0,
37,0,,,,,0,0,0,.000,19,19,15,fielding,0.0,,,516782,Starling Marte,0,-.--,0.00,2026,,,118,Kansas City Royals,0,0,
31,0,,,,,0,0,0,.000,1,1,0,fielding,0.1,,,628708,Yunior Marte,0,0.00,0.00,2026,,,113,Cincinnati Reds,0,0,
30,0,,,,,1,0,1,.000,7,7,0,fielding,5.0,,,656686,Corbin Martin,0,0.00,0.00,2026,,,112,Chicago Cubs,1,0,
28,0,,,,,0,0,0,.000,8,8,1,fielding,8.1,,,702303,Riley Martin,0,0.00,0.00,2026,,,112,Chicago Cubs,0,0,
30,0,,,,,0,0,0,.000,1,1,1,fielding,7.0,,,657675,Rudy Martin Jr.,0,0.00,0.00,2026,,,141,Toronto Blue Jays,0,0,
24,0,,,,,1,0,1,.000,15,15,0,fielding,13.1,,,679885,Justin Martinez,0,0.00,0.00,2026,,,109,Arizona Diamondbacks,1,0,
31,0,,,,,0,0,0,.000,1,1,0,fielding,1.0,,,661527,Seth Martinez,0,0.00,0.00,2026,,,111,Boston Red Sox,0,0,
28,0,,,,,0,0,0,.000,2,2,0,fielding,2.0,,,686681,Michael Massey,0,0.00,0.00,2026,,,118,Kansas City Royals,0,0,
28,0,,,,,0,0,0,.000,1,1,0,fielding,1.0,,,686681,Michael Massey,0,0.00,0.00,2026,,,118,Kansas City Royals,0,0,
28,0,,,,,0,0,0,.000,1,1,0,fielding,0.0,,,686681,Michael Massey,0,-.--,0.00,2026,,,118,Kansas City Royals,0,0,
31,0,,,,,0,0,0,.000,3,3,0,fielding,2.1,,,622761,Jorge Mateo,0,0.00,0.00,2026,,,144,Atlanta Braves,0,0,
31,0,,,,,0,0,0,.000,1,1,0,fielding,1.0,,,622761,Jorge Mateo,0,0.00,0.00,2026,,,144,Atlanta Braves,0,0,
31,0,,,,,0,0,0,.000,10,10,4,fielding,0.0,,,622761,Jorge Mateo,0,-.--,0.00,2026,,,139,Tampa Bay Rays,0,0,
24,0,,,,,0,0,0,.000,2,2,1,fielding,0.0,,,682641,Luis Matos,0,-.--,0.00,2026,,,158,Milwaukee Brewers,0,0,
24,0,,,,,1,0,1,.000,4,4,0,fielding,9.0,,,694728,Brice Matthews,0,0.00,0.00,2026,,,117,Houston Astros,0,0,
25,0,,,,,0,0,0,.000,2,2,2,fielding,0.0,,,677595,Ronny Mauricio,0,-.--,0.00,2026,,,121,New York Mets,0,0,
25,0,,,,,0,0,0,.000,12,12,0,fielding,13.0,,,687209,Zach Maxwell,0,0.00,0.00,2026,,,113,Cincinnati Reds,0,0,
23,0,,,,,0,0,0,.000,2,2,2,fielding,0.0,,,691785,Marcelo Mayer,0,-.--,0.00,2026,,,137,San Francisco Giants,0,0,
24,0,,,,,0,0,0,.000,37,37,37,fielding,0.0,,,691723,Coby Mayo,0,-.--,0.00,2026,,,110,Baltimore Orioles,0,0,
28,0,,,,,0,0,0,.000,9,9,8,fielding,0.0,,,664983,Jake McCarthy,0,-.--,0.00,2026,,,115,Colorado Rockies,0,0,
25,0,,,,,0,0,0,.000,4,4,0,fielding,0.0,,,687529,Grant McCray,0,-.--,0.00,2026,,,137,San Francisco Giants,0,0,
39,0,,,,,0,0,0,.000,23,23,9,fielding,0.0,,,457705,Andrew McCutchen,0,-.--,0.00,2026,,,140,Texas Rangers,0,0,
23,0,,,,,0,0,0,.000,1,1,0,fielding,0.1,,,701780,Tanner McDougal,0,0.00,0.00,2026,,,145,Chicago White Sox,0,0,
21,0,,,,,0,0,0,.000,5,5,5,fielding,0.0,,,805808,Kevin McGonigle,0,-.--,0.00,2026,,,116,Detroit Tigers,0,0,
31,0,,,,,0,0,0,.000,1,1,0,fielding,1.0,,,624512,Reese McGuire,0,0.00,0.00,2026,,,145,Chicago White Sox,0,0,
31,0,,,,,0,0,0,.000,2,2,0,fielding,2.0,,,656716,Zach McKinstry,0,0.00,0.00,2026,,,116,Detroit Tigers,0,0,
34,0,,,,,0,0,0,.000,1,1,0,fielding,1.0,,,643446,Jeff McNeil,0,0.00,0.00,2026,,,133,Athletics,0,0,
34,0,,,,,0,0,0,.000,4,4,3,fielding,0.0,,,643446,Jeff McNeil,0,-.--,0.00,2026,,,133,Athletics,0,0,
25,0,,,,,0,0,0,.000,5,5,0,fielding,0.0,,,678554,Curtis Mead,0,-.--,0.00,2026,,,120,Washington Nationals,0,0,
26,0,,,,,0,0,0,.000,2,2,1,fielding,0.0,,,685133,Wade Meckler,0,-.--,0.00,2026,,,108,Los Angeles Angels,0,0,
27,0,,,,,0,0,0,.000,23,23,20,fielding,0.0,,,669004,MJ Melendez,0,-.--,0.00,2026,,,121,New York Mets,0,0,
34,0,,,,,0,0,0,.000,3,3,3,fielding,0.0,,,608841,Joey Meneses,0,-.--,0.00,2026,,,133,Athletics,0,0,
23,0,,,,,0,0,0,.000,1,1,1,fielding,0.0,,,701538,Jackson Merrill,0,-.--,0.00,2026,,,135,San Diego Padres,0,0,
30,0,,,,,0,0,0,.000,1,1,0,fielding,1.0,,,676694,Jake Meyers,0,0.00,0.00,2026,,,117,Houston Astros,0,0,
30,0,,,,,0,0,0,.000,3,3,0,fielding,4.0,,,676694,Jake Meyers,0,0.00,0.00,2026,,,117,Houston Astros,0,0,
29,0,,,,,0,0,0,.000,1,1,0,fielding,1.0,,,680911,Owen Miller,0,0.00,0.00,2026,,,112,Chicago Cubs,0,0,
28,0,,,,,0,0,0,.000,1,1,0,fielding,0.0,,,670224,Kameron Misner,0,-.--,0.00,2026,,,118,Kansas City Royals,0,0,
27,0,,,,,0,0,0,.000,3,3,1,fielding,0.0,,,669003,Garrett Mitchell,0,-.--,0.00,2026,,,158,Milwaukee Brewers,0,0,
29,0,,,,,0,0,0,.000,1,1,0,fielding,0.2,,,655316,Andruw Monasterio,0,0.00,0.00,2026,,,111,Boston Red Sox,0,0,
29,0,,,,,0,0,0,.000,12,12,10,fielding,0.0,,,655316,Andruw Monasterio,0,-.--,0.00,2026,,,111,Boston Red Sox,0,0,
31,0,,,,,0,0,0,.000,3,3,3,fielding,0.0,,,660162,Yoán Moncada,0,-.--,0.00,2026,,,108,Los Angeles Angels,0,0,
28,0,,,,,0,0,0,.000,40,40,36,fielding,0.0,,,666160,Mickey Moniak,0,-.--,0.00,2026,,,115,Colorado Rockies,0,0,
21,0,,,,,0,0,0,.000,6,6,4,fielding,0.0,,,703155,Lazaro Montes,0,-.--,0.00,2026,,,136,Seattle Mariners,0,0,
28,0,,,,,0,0,0,.000,1,1,0,fielding,4.0,,,687287,Patrick Monteverde,0,0.00,0.00,2026,,,146,Miami Marlins,0,0,
24,0,,,,,0,0,0,.000,7,7,7,fielding,0.0,,,695657,Colson Montgomery,0,-.--,0.00,2026,,,145,Chicago White Sox,0,0,
23,0,,,,,0,0,0,.000,4,4,4,fielding,0.0,,,695681,Christian Moore,0,-.--,0.00,2026,,,108,Los Angeles Angels,0,0,
33,0,,,,,0,0,0,.000,2,2,0,fielding,0.0,,,664238,Dylan Moore,0,-.--,0.00,2026,,,143,Philadelphia Phillies,0,0,
23,0,,,,,0,0,0,.000,1,1,0,fielding,3.0,,,703492,Nick Morabito,0,0.00,0.00,2026,,,121,New York Mets,0,0,
23,0,,,,,0,0,0,.000,3,3,0,fielding,0.0,,,703492,Nick Morabito,0,-.--,0.00,2026,,,121,New York Mets,0,0,
23,0,,,,,0,0,0,.000,5,5,2,fielding,16.0,,,806960,Luis Morales,0,0.00,0.00,2026,,,133,Athletics,0,0,
24,0,,,,,0,0,0,.000,2,2,2,fielding,0.0,,,691002,Yohandy Morales,0,-.--,0.00,2026,,,120,Washington Nationals,0,0,
27,0,,,,,0,0,0,.000,1,1,0,fielding,3.0,,,666624,Christopher Morel,0,0.00,0.00,2026,,,121,New York Mets,0,0,
27,0,,,,,0,0,0,.000,12,12,10,fielding,0.0,,,666624,Christopher Morel,0,-.--,0.00,2026,,,121,New York Mets,0,0,
26,0,,,,,0,0,0,.000,1,1,0,fielding,1.0,,,672515,Gabriel Moreno,0,0.00,0.00,2026,,,109,Arizona Diamondbacks,0,0,
26,0,,,,,0,0,0,.000,25,25,25,fielding,0.0,,,672515,Gabriel Moreno,0,-.--,0.00,2026,,,109,Arizona Diamondbacks,0,0,
30,0,,,,,0,0,0,.000,16,16,0,fielding,19.1,,,669212,Eli Morgan,0,0.00,0.00,2026,,,118,Kansas City Royals,0,0,
29,0,,,,,0,0,0,.000,2,2,2,fielding,0.0,,,663624,Ryan Mountcastle,0,-.--,0.00,2026,,,110,Baltimore Orioles,0,0,
31,0,,,,,0,0,0,.000,1,1,0,fielding,0.0,,,656775,Cedric Mullins,0,-.--,0.00,2026,,,139,Tampa Bay Rays,0,0,
23,0,,,,,0,0,0,.000,1,1,0,fielding,0.2,,,691777,Max Muncy,0,0.00,0.00,2026,,,133,Athletics,0,0,
23,0,,,,,0,0,0,.000,22,22,17,fielding,0.0,,,691777,Max Muncy,0,-.--,0.00,2026,,,133,Athletics,0,0,
35,0,,,,,0,0,0,.000,2,2,2,fielding,0.0,,,571970,Max Muncy,0,-.--,0.00,2026,,,119,Los Angeles Dodgers,0,0,
26,0,,,,,0,0,0,.000,6,6,6,fielding,0.0,,,808959,Munetaka Murakami,0,-.--,0.00,2026,,,145,Chicago White Sox,0,0,
27,0,,,,,0,0,0,.000,3,3,0,fielding,3.1,,,668716,Noah Murdock,0,0.00,0.00,2026,,,134,Pittsburgh Pirates,0,0,
31,0,,,,,0,0,0,.000,1,1,1,fielding,0.0,,,669221,Sean Murphy,0,-.--,0.00,2026,,,144,Atlanta Braves,0,0,
26,0,,,,,0,0,0,.000,1,1,1,fielding,0.0,,,681230,BJ Murray Jr.,0,-.--,0.00,2026,,,112,Chicago Cubs,0,0,
30,0,,,,,0,0,0,.000,8,8,0,fielding,6.2,,,656786,Parker Mushinski,0,0.00,0.00,2026,,,115,Colorado Rockies,0,0,
26,0,,,,,0,0,0,.000,3,3,0,fielding,4.0,,,682610,Roddery Muñoz,0,0.00,0.00,2026,,,117,Houston Astros,0,0,
26,0,,,,,0,0,0,.000,1,1,0,fielding,2.0,,,691548,Rolddy Muñoz,0,0.00,0.00,2026,,,144,Atlanta Braves,0,0,
30,0,,,,,0,0,0,.000,5,5,0,fielding,0.0,,,667472,Dane Myers,0,-.--,0.00,2026,,,113,Cincinnati Reds,0,0,
27,0,,,,,0,0,0,.000,1,1,0,fielding,1.0,,,665966,Carlos Narváez,0,0.00,0.00,2026,,,110,Baltimore Orioles,0,0,
27,0,,,,,0,0,0,.000,1,1,0,fielding,0.0,,,665966,Carlos Narváez,0,-.--,0.00,2026,,,111,Boston Red Sox,0,0,
25,0,,,,,0,0,0,.000,3,3,3,fielding,0.0,,,687263,Zach Neto,0,-.--,0.00,2026,,,108,Los Angeles Angels,0,0,
33,0,,,,,0,0,0,.000,1,1,0,fielding,1.0,,,607043,Brandon Nimmo,0,0.00,0.00,2026,,,140,Texas Rangers,0,0,
33,0,,,,,0,0,0,.000,9,9,9,fielding,0.0,,,607043,Brandon Nimmo,0,-.--,0.00,2026,,,140,Texas Rangers,0,0,
25,0,,,,,0,0,0,.000,1,1,0,fielding,2.0,,,807747,Rikuu Nishida,0,0.00,0.00,2026,,,145,Chicago White Sox,0,0,
28,0,,,,,0,0,0,.000,17,17,15,fielding,0.0,,,663457,Lars Nootbaar,0,-.--,0.00,2026,,,109,Arizona Diamondbacks,0,0,
26,0,,,,,0,0,0,.000,14,14,14,fielding,0.0,,,681393,Connor Norby,0,-.--,0.00,2026,,,115,Colorado Rockies,0,0,
25,0,,,,,0,0,0,.000,1,1,0,fielding,0.0,,,683083,Nasim Nuñez,0,-.--,0.00,2026,,,120,Washington Nationals,0,0,
30,0,,,,,0,0,0,.000,18,18,0,fielding,19.0,,,673380,Dedniel Núñez,0,0.00,0.00,2026,,,121,New York Mets,0,0,
32,0,,,,,0,0,0,.000,27,27,25,fielding,0.0,,,656811,Ryan O'Hearn,0,-.--,0.00,2026,,,134,Pittsburgh Pirates,0,0,
26,0,,,,,0,0,0,.000,8,8,6,fielding,0.0,,,681351,Logan O'Hoppe,0,-.--,0.00,2026,,,140,Texas Rangers,0,0,
31,0,,,,,0,0,0,.000,11,11,10,fielding,0.0,,,641933,Tyler O'Neill,0,-.--,0.00,2026,,,110,Baltimore Orioles,0,0,
31,0,,,,,0,0,0,.000,134,134,125,fielding,0.0,,,660271,Shohei Ohtani,0,-.--,0.00,2026,,,119,Los Angeles Dodgers,0,0,
30,0,,,,,0,0,0,.000,3,3,3,fielding,0.0,,,672960,Kazuma Okamoto,0,-.--,0.00,2026,,,141,Toronto Blue Jays,0,0,
30,0,,,,,0,0,0,.000,1,1,0,fielding,2.0,,,666931,Jared Oliva,0,0.00,0.00,2026,,,137,San Francisco Giants,0,0,
32,0,,,,,0,0,0,.000,1,1,0,fielding,1.0,,,621566,Matt Olson,0,0.00,0.00,2026,,,144,Atlanta Braves,0,0,
24,0,,,,,0,0,0,.000,11,11,10,fielding,0.0,,,694673,Abimelec Ortiz,0,-.--,0.00,2026,,,120,Washington Nationals,0,0,
23,0,,,,,0,0,0,.000,7,7,3,fielding,0.0,,,696030,Alejandro Osuna,0,-.--,0.00,2026,,,140,Texas Rangers,0,0,
29,0,,,,,0,0,0,.000,3,3,0,fielding,0.0,,,681546,James Outman,0,-.--,0.00,2026,,,142,Minnesota Twins,0,0,
35,0,,,,,0,0,0,.000,66,66,66,fielding,0.0,,,542303,Marcell Ozuna,0,-.--,0.00,2026,,,134,Pittsburgh Pirates,0,0,
27,0,,,,,0,0,0,.000,2,2,0,fielding,0.0,,,665506,Cristian Pache,0,-.--,0.00,2026,,,121,New York Mets,0,0,
25,0,,,,,0,0,0,.000,1,1,1,fielding,0.0,,,681624,Andy Pages,0,-.--,0.00,2026,,,119,Los Angeles Dodgers,0,0,
27,0,,,,,0,0,0,.000,2,2,0,fielding,2.0,,,686780,Pedro Pagés,0,0.00,0.00,2026,,,138,St. Louis Cardinals,0,0,
27,0,,,,,0,0,0,.000,1,1,0,fielding,0.0,,,686780,Pedro Pagés,0,-.--,0.00,2026,,,138,St. Louis Cardinals,0,0,
29,0,,,,,0,0,0,.000,1,1,1,fielding,8.0,,,680700,Richie Palacios,0,0.00,0.00,2026,,,139,Tampa Bay Rays,0,0,
29,0,,,,,0,0,0,.000,1,1,0,fielding,2.0,,,680700,Richie Palacios,0,0.00,0.00,2026,,,139,Tampa Bay Rays,0,0,
29,0,,,,,0,0,0,.000,2,2,0,fielding,0.0,,,680700,Richie Palacios,0,-.--,0.00,2026,,,139,Tampa Bay Rays,0,0,
25,0,,,,,0,0,0,.000,16,16,0,fielding,20.2,,,688883,Peyton Pallette,0,0.00,0.00,2026,,,114,Cleveland Guardians,0,0,
27,0,,,,,0,0,0,.000,9,9,9,fielding,0.0,,,670623,Isaac Paredes,0,-.--,0.00,2026,,,117,Houston Astros,0,0,
28,0,,,,,0,0,0,.000,4,4,3,fielding,0.0,,,686469,Vinnie Pasquantino,0,-.--,0.00,2026,,,118,Kansas City Royals,0,0,
34,0,,,,,0,0,0,.000,117,117,94,fielding,0.0,,,592626,Joc Pederson,0,-.--,0.00,2026,,,140,Texas Rangers,0,0,
23,0,,,,,0,0,0,.000,6,6,0,fielding,11.0,,,691384,Luis Perales,0,0.00,0.00,2026,,,120,Washington Nationals,0,0,
26,0,,,,,0,0,0,.000,5,5,3,fielding,0.0,,,672724,Oswald Peraza,0,-.--,0.00,2026,,,108,Los Angeles Angels,0,0,
30,0,,,,,0,0,0,.000,1,1,0,fielding,0.1,,,640902,Jhonny Pereda,0,0.00,0.00,2026,,,136,Seattle Mariners,0,0,
25,0,,,,,0,0,0,.000,5,5,4,fielding,0.0,,,677592,Everson Pereira,0,-.--,0.00,2026,,,145,Chicago White Sox,0,0,
36,0,,,,,0,0,0,.000,82,82,82,fielding,0.0,,,521692,Salvador Perez,0,-.--,0.00,2026,,,118,Kansas City Royals,0,0,
29,0,,,,,0,0,0,.000,1,1,0,fielding,0.0,,,663368,Blake Perkins,0,-.--,0.00,2026,,,158,Milwaukee Brewers,0,0,
26,0,,,,,1,0,1,.000,2,2,0,fielding,7.0,,,804926,Austin Peterson,0,0.00,0.00,2026,,,114,Cleveland Guardians,1,0,
28,0,,,,,0,0,0,.000,2,2,2,fielding,0.0,,,665161,Jeremy Peña,0,-.--,0.00,2026,,,117,Houston Astros,0,0,
38,0,,,,,0,0,0,.000,6,6,6,fielding,0.0,,,502054,Tommy Pham,0,-.--,0.00,2026,,,145,Chicago White Sox,0,0,
24,0,,,,,0,0,0,.000,1,1,1,fielding,0.0,,,682818,Yohendrick Piñango,0,-.--,0.00,2026,,,141,Toronto Blue Jays,0,0,
25,0,,,,,0,0,0,.000,3,3,1,fielding,12.0,,,687605,Andrew Pinckney,0,0.00,0.00,2026,,,120,Washington Nationals,0,0,
32,0,,,,,0,0,0,.000,34,34,33,fielding,0.0,,,593871,Jorge Polanco,0,-.--,0.00,2026,,,121,New York Mets,0,0,
32,0,,,,,1,0,1,.000,1,1,1,fielding,2.1,,,664074,Cody Ponce,0,0.00,0.00,2026,,,141,Toronto Blue Jays,0,0,
29,0,,,,,0,0,0,.000,1,1,0,fielding,1.0,,,650968,Yohel Pozo,0,0.00,0.00,2026,,,138,St. Louis Cardinals,0,0,
29,0,,,,,0,0,0,.000,6,6,5,fielding,0.0,,,650968,Yohel Pozo,0,-.--,0.00,2026,,,138,St. Louis Cardinals,0,0,
26,0,,,,,0,0,0,.000,1,1,0,fielding,0.0,,,805672,Collin Price,0,-.--,0.00,2026,,,117,Houston Astros,0,0,
26,0,,,,,0,0,0,.000,1,1,0,fielding,1.0,,,672761,Wenceel Pérez,0,0.00,0.00,2026,,,116,Detroit Tigers,0,0,
26,0,,,,,0,0,0,.000,1,1,0,fielding,0.0,,,672761,Wenceel Pérez,0,-.--,0.00,2026,,,116,Detroit Tigers,0,0,
23,0,,,,,0,0,0,.000,5,5,1,fielding,0.0,,,700337,Edgar Quero,0,-.--,0.00,2026,,,145,Chicago White Sox,0,0,
33,0,,,,,0,0,0,.000,6,6,0,fielding,7.0,,,663432,Tanner Rainey,0,0.00,0.00,2026,,,116,Detroit Tigers,0,0,
24,0,,,,,0,0,0,.000,6,6,0,fielding,9.0,,,691008,Max Rajcic,0,0.00,0.00,2026,,,138,St. Louis Cardinals,0,0,
29,0,,,,,0,0,0,.000,23,23,22,fielding,0.0,,,663728,Cal Raleigh,0,-.--,0.00,2026,,,136,Seattle Mariners,0,0,
31,0,,,,,0,0,0,.000,5,5,2,fielding,0.0,,,670042,Luke Raley,0,-.--,0.00,2026,,,136,Seattle Mariners,0,0,
26,0,,,,,0,0,0,.000,1,1,1,fielding,0.0,,,671218,Heliot Ramos,0,-.--,0.00,2026,,,137,San Francisco Giants,0,0,
25,0,,,,,0,0,0,.000,2,2,0,fielding,2.0,,,678576,Wilkin Ramos,0,0.00,0.00,2026,,,137,San Francisco Giants,0,0,
24,0,,,,,0,0,0,.000,38,38,36,fielding,0.0,,,682663,Agustín Ramírez,0,-.--,0.00,2026,,,146,Miami Marlins,0,0,
33,0,,,,,0,0,0,.000,25,25,25,fielding,0.0,,,608070,José Ramírez,0,-.--,0.00,2026,,,114,Cleveland Guardians,0,0,
22,0,,,,,0,0,0,.000,1,1,0,fielding,1.0,,,699393,Pedro Ramírez,0,0.00,0.00,2026,,,112,Chicago Cubs,0,0,
22,0,,,,,0,0,0,.000,12,12,9,fielding,0.0,,,699393,Pedro Ramírez,0,-.--,0.00,2026,,,112,Chicago Cubs,0,0,
30,0,,,,,0,0,0,.000,4,4,0,fielding,3.2,,,675919,Nick Raquet,0,0.00,0.00,2026,,,110,Baltimore Orioles,0,0,
28,0,,,,,0,0,0,.000,1,1,0,fielding,0.0,,,670231,John Rave,0,-.--,0.00,2026,,,118,Kansas City Royals,0,0,
23,0,,,,,0,0,0,.000,3,3,0,fielding,6.0,,,694397,Marco Raya,0,0.00,0.00,2026,,,142,Minnesota Twins,0,0,
35,0,,,,,0,0,0,.000,29,29,16,fielding,0.0,,,608701,Rob Refsnyder,0,-.--,0.00,2026,,,136,Seattle Mariners,0,0,
29,0,,,,,0,0,0,.000,8,8,8,fielding,0.0,,,650859,Luis Rengifo,0,-.--,0.00,2026,,,135,San Diego Padres,0,0,
25,0,,,,,0,0,0,.000,1,1,0,fielding,1.0,,,694025,Felix Reyes,0,0.00,0.00,2026,,,143,Philadelphia Phillies,0,0,
31,0,,,,,0,0,0,.000,31,31,31,fielding,0.0,,,668804,Bryan Reynolds,0,-.--,0.00,2026,,,134,Pittsburgh Pirates,0,0,
27,0,,,,,0,0,0,.000,95,95,95,fielding,0.0,,,700250,Ben Rice,0,-.--,0.00,2026,,,147,New York Yankees,0,0,
26,0,,,,,0,0,0,.000,3,3,1,fielding,3.1,,,680689,Lyon Richardson,0,0.00,0.00,2026,,,158,Milwaukee Brewers,0,0,
28,0,,,,,0,0,0,.000,1,1,0,fielding,1.0,,,660844,Leo Rivas,0,0.00,0.00,2026,,,136,Seattle Mariners,0,0,
28,0,,,,,0,0,0,.000,1,1,0,fielding,2.0,,,660844,Leo Rivas,0,0.00,0.00,2026,,,136,Seattle Mariners,0,0,
28,0,,,,,0,0,0,.000,2,2,0,fielding,0.0,,,660844,Leo Rivas,0,-.--,0.00,2026,,,136,Seattle Mariners,0,0,
23,0,,,,,0,0,0,.000,4,4,3,fielding,10.0,,,700842,Eduardo Rivera,0,0.00,0.00,2026,,,111,Boston Red Sox,0,0,
28,0,,,,,0,0,0,.000,1,1,1,fielding,0.0,,,673357,Luis Robert Jr.,0,-.--,0.00,2026,,,121,New York Mets,0,0,
31,0,,,,,0,0,0,.000,1,1,0,fielding,0.0,,,642020,Chuckie Robinson,0,-.--,0.00,2026,,,119,Los Angeles Dodgers,0,0,
29,0,,,,,0,0,0,.000,1,1,0,fielding,1.0,,,645302,Victor Robles,0,0.00,0.00,2026,,,136,Seattle Mariners,0,0,
29,0,,,,,0,0,0,.000,1,1,0,fielding,0.0,,,645302,Victor Robles,0,-.--,0.00,2026,,,136,Seattle Mariners,0,0,
25,0,,,,,0,0,0,.000,5,5,0,fielding,10.1,,,697812,Joe Rock,0,0.00,0.00,2026,,,133,Athletics,0,0,
26,0,,,,,0,0,0,.000,1,1,0,fielding,0.0,,,801126,Brock Rodden,0,-.--,0.00,2026,,,136,Seattle Mariners,0,0,
26,0,,,,,0,0,0,.000,1,1,1,fielding,0.0,,,702176,Alan Roden,0,-.--,0.00,2026,,,142,Minnesota Twins,0,0,
23,0,,,,,0,0,0,.000,1,1,0,fielding,3.0,,,691181,Emmanuel Rodriguez,0,0.00,0.00,2026,,,142,Minnesota Twins,0,0,
29,0,,,,,1,0,1,.000,10,10,0,fielding,9.1,,,684320,Yariel Rodríguez,0,0.00,0.00,2026,,,141,Toronto Blue Jays,1,0,
26,0,,,,,0,0,0,.000,1,1,1,fielding,0.0,,,682848,Endy Rodríguez,0,-.--,0.00,2026,,,134,Pittsburgh Pirates,0,0,
22,0,,,,,0,0,0,.000,2,2,2,fielding,0.0,,,699302,Héctor Rodríguez,0,-.--,0.00,2026,,,113,Cincinnati Reds,0,0,
26,0,,,,,0,0,0,.000,2,2,1,fielding,0.0,,,671286,Johnathan Rodríguez,0,-.--,0.00,2026,,,110,Baltimore Orioles,0,0,
25,0,,,,,0,0,0,.000,7,7,7,fielding,0.0,,,677594,Julio Rodríguez,0,-.--,0.00,2026,,,136,Seattle Mariners,0,0,
29,0,,,,,0,0,0,.000,6,6,0,fielding,6.2,,,655889,Manuel Rodríguez,0,0.00,0.00,2026,,,139,Tampa Bay Rays,0,0,
31,0,,,,,0,0,0,.000,3,3,0,fielding,2.1,,,668670,Jake Rogers,0,0.00,0.00,2026,,,116,Detroit Tigers,0,0,
32,0,,,,,0,0,0,.000,1,1,0,fielding,1.0,,,668942,Josh Rojas,0,0.00,0.00,2026,,,118,Kansas City Royals,0,0,
32,0,,,,,0,0,0,.000,5,5,3,fielding,0.0,,,668942,Josh Rojas,0,-.--,0.00,2026,,,118,Kansas City Royals,0,0,
37,0,,,,,0,0,0,.000,4,4,0,fielding,4.0,,,500743,Miguel Rojas,0,0.00,0.00,2026,,,119,Los Angeles Dodgers,0,0,
37,0,,,,,0,0,0,.000,3,3,1,fielding,0.0,,,500743,Miguel Rojas,0,-.--,0.00,2026,,,119,Los Angeles Dodgers,0,0,
31,0,,,,,0,0,0,.000,42,42,42,fielding,0.0,,,667670,Brent Rooker,0,-.--,0.00,2026,,,133,Athletics,0,0,
28,0,,,,,0,0,0,.000,1,1,0,fielding,0.0,,,666163,Ben Rortvedt,0,-.--,0.00,2026,,,119,Los Angeles Dodgers,0,0,
30,0,,,,,0,0,0,.000,7,7,6,fielding,0.0,,,642708,Amed Rosario,0,-.--,0.00,2026,,,147,New York Yankees,0,0,
25,0,,,,,0,0,0,.000,1,1,0,fielding,2.0,,,805346,Ben Ross,0,0.00,0.00,2026,,,142,Minnesota Twins,0,0,
25,0,,,,,0,0,0,.000,2,2,0,fielding,0.0,,,805346,Ben Ross,0,-.--,0.00,2026,,,142,Minnesota Twins,0,0,
25,0,,,,,0,0,0,.000,1,1,0,fielding,1.0,,,697811,Dylan Ross,0,0.00,0.00,2026,,,121,New York Mets,0,0,
26,0,,,,,0,0,0,.000,1,1,0,fielding,1.0,,,676566,Shawn Ross,0,0.00,0.00,2026,,,134,Pittsburgh Pirates,0,0,
26,0,,,,,0,0,0,.000,11,11,11,fielding,0.0,,,681198,TJ Rumfield,0,-.--,0.00,2026,,,115,Colorado Rockies,0,0,
25,0,,,,,0,0,0,.000,7,7,3,fielding,0.0,,,687221,Dalton Rushing,0,-.--,0.00,2026,,,119,Los Angeles Dodgers,0,0,
28,0,,,,,0,0,0,.000,18,18,18,fielding,0.0,,,668939,Adley Rutschman,0,-.--,0.00,2026,,,111,Boston Red Sox,0,0,
33,0,,,,,0,0,0,.000,1,1,0,fielding,1.2,,,605441,Yacksel Ríos,0,0.00,0.00,2026,,,112,Chicago Cubs,0,0,
24,0,,,,,0,0,0,.000,2,2,0,fielding,0.0,,,695336,Thomas Saggese,0,-.--,0.00,2026,,,138,St. Louis Cardinals,0,0,
20,0,,,,,0,0,0,.000,5,5,1,fielding,0.0,,,806956,Ethan Salas,0,-.--,0.00,2026,,,135,San Diego Padres,0,0,
30,0,,,,,0,0,0,.000,1,1,0,fielding,1.0,,,663967,César Salazar,0,0.00,0.00,2026,,,117,Houston Astros,0,0,
24,0,,,,,0,0,0,.000,1,1,0,fielding,2.0,,,692437,Winston Santos,0,0.00,0.00,2026,,,140,Texas Rangers,0,0,
24,0,,,,,0,0,0,.000,1,1,1,fielding,0.0,,,694384,Nolan Schanuel,0,-.--,0.00,2026,,,108,Los Angeles Angels,0,0,
30,0,,,,,0,0,0,.000,1,1,0,fielding,0.2,,,657376,Clarke Schmidt,0,0.00,0.00,2026,,,147,New York Yankees,0,0,
27,0,,,,,0,0,0,.000,23,23,23,fielding,0.0,,,669477,Casey Schmitt,0,-.--,0.00,2026,,,137,San Francisco Giants,0,0,
27,0,,,,,0,0,0,.000,2,2,0,fielding,0.0,,,676914,Davis Schneider,0,-.--,0.00,2026,,,141,Toronto Blue Jays,0,0,
29,0,,,,,0,0,0,.000,1,1,0,fielding,1.0,,,680474,Max Schuemann,0,0.00,0.00,2026,,,147,New York Yankees,0,0,
29,0,,,,,0,0,0,.000,1,1,0,fielding,1.0,,,680474,Max Schuemann,0,0.00,0.00,2026,,,147,New York Yankees,0,0,
29,0,,,,,0,0,0,.000,1,1,0,fielding,0.0,,,680474,Max Schuemann,0,-.--,0.00,2026,,,147,New York Yankees,0,0,
33,0,,,,,0,0,0,.000,147,147,147,fielding,0.0,,,656941,Kyle Schwarber,0,-.--,0.00,2026,,,143,Philadelphia Phillies,0,0,
25,0,,,,,0,0,0,.000,1,1,0,fielding,0.0,,,687363,Victor Scott II,0,-.--,0.00,2026,,,138,St. Louis Cardinals,0,0,
32,0,,,,,0,0,0,.000,6,6,6,fielding,0.0,,,608369,Corey Seager,0,-.--,0.00,2026,,,140,Texas Rangers,0,0,
31,0,,,,,0,0,0,.000,1,1,0,fielding,2.0,,,676910,Matt Seelinger,0,0.00,0.00,2026,,,121,New York Mets,0,0,
27,0,,,,,0,0,0,.000,2,2,0,fielding,0.0,,,678011,Anthony Seigler,0,-.--,0.00,2026,,,111,Boston Red Sox,0,0,
31,0,,,,,0,0,0,.000,2,2,2,fielding,0.0,,,661531,Brian Serven,0,-.--,0.00,2026,,,133,Athletics,0,0,
24,0,,,,,0,0,0,.000,16,16,1,fielding,0.0,,,807713,Matt Shaw,0,-.--,0.00,2026,,,112,Chicago Cubs,0,0,
30,0,,,,,0,0,0,.000,32,32,32,fielding,0.0,,,657757,Gavin Sheets,0,-.--,0.00,2026,,,135,San Diego Padres,0,0,
28,0,,,,,0,0,0,.000,5,5,0,fielding,7.2,,,669298,TJ Shook,0,0.00,0.00,2026,,,115,Colorado Rockies,0,0,
31,0,,,,,0,0,0,.000,1,1,0,fielding,1.0,,,670097,Zack Short,0,0.00,0.00,2026,,,121,New York Mets,0,0,
27,0,,,,,0,0,0,.000,5,5,0,fielding,9.0,,,694363,Jared Shuster,0,0.00,0.00,2026,,,138,St. Louis Cardinals,0,0,
26,0,,,,,0,0,0,.000,5,5,4,fielding,0.0,,,682927,Ronny Simon,0,-.--,0.00,2026,,,134,Pittsburgh Pirates,0,0,
26,0,,,,,0,0,0,.000,4,4,1,fielding,4.1,,,688692,Jared Simpson,0,0.00,0.00,2026,,,120,Washington Nationals,0,0,
33,0,,,,,0,0,0,.000,3,3,1,fielding,0.0,,,596103,Austin Slater,0,-.--,0.00,2026,,,121,New York Mets,0,0,
31,0,,,,,0,0,0,.000,75,75,71,fielding,0.0,,,642086,Dominic Smith,0,-.--,0.00,2026,,,144,Atlanta Braves,0,0,
28,0,,,,,0,0,0,.000,2,2,0,fielding,0.0,,,669701,Josh Smith,0,-.--,0.00,2026,,,140,Texas Rangers,0,0,
28,0,,,,,0,0,0,.000,1,1,0,fielding,1.0,,,669701,Josh Smith,0,0.00,0.00,2026,,,141,Toronto Blue Jays,0,0,
30,0,,,,,0,0,0,.000,15,15,13,fielding,0.0,,,656976,Pavin Smith,0,-.--,0.00,2026,,,109,Arizona Diamondbacks,0,0,
31,0,,,,,0,0,0,.000,3,3,3,fielding,0.0,,,669257,Will Smith,0,-.--,0.00,2026,,,119,Los Angeles Dodgers,0,0,
24,0,,,,,0,0,0,.000,7,7,7,fielding,0.0,,,691016,Tyler Soderstrom,0,-.--,0.00,2026,,,133,Athletics,0,0,
28,0,,,,,0,0,0,.000,1,1,0,fielding,0.0,,,686765,Nick Sogard,0,-.--,0.00,2026,,,111,Boston Red Sox,0,0,
31,0,,,,,0,0,0,.000,3,3,2,fielding,0.0,,,669256,Nick Solak,0,-.--,0.00,2026,,,135,San Diego Padres,0,0,
34,0,,,,,0,0,0,.000,76,76,76,fielding,0.0,,,624585,Jorge Soler,0,-.--,0.00,2026,,,108,Los Angeles Angels,0,0,
28,0,,,,,0,0,0,.000,1,1,0,fielding,3.0,,,686678,Chase Solesky,0,0.00,0.00,2026,,,139,Tampa Bay Rays,0,0,
29,0,,,,,0,0,0,.000,1,1,0,fielding,0.0,,,823550,Sung-Mun Song,0,-.--,0.00,2026,,,135,San Diego Padres,0,0,
30,0,,,,,0,0,0,.000,1,1,1,fielding,0.0,,,624641,Edmundo Sosa,0,-.--,0.00,2026,,,143,Philadelphia Phillies,0,0,
26,0,,,,,0,0,0,.000,9,9,8,fielding,0.0,,,672820,Lenyn Sosa,0,-.--,0.00,2026,,,141,Toronto Blue Jays,0,0,
27,0,,,,,0,0,0,.000,43,43,43,fielding,0.0,,,665742,Juan Soto,0,-.--,0.00,2026,,,121,New York Mets,0,0,
28,0,,,,,0,0,0,.000,2,2,0,fielding,6.0,,,686730,Carson Spiers,0,0.00,0.00,2026,,,113,Cincinnati Reds,0,0,
36,0,,,,,0,0,0,.000,118,118,113,fielding,0.0,,,543807,George Springer,0,-.--,0.00,2026,,,141,Toronto Blue Jays,0,0,
36,0,,,,,0,0,0,.000,23,23,23,fielding,0.0,,,519317,Giancarlo Stanton,0,-.--,0.00,2026,,,147,New York Yankees,0,0,
28,0,,,,,0,0,0,.000,2,2,0,fielding,4.0,,,668715,Spencer Steer,0,0.00,0.00,2026,,,113,Cincinnati Reds,0,0,
28,0,,,,,0,0,0,.000,1,1,0,fielding,0.0,,,668715,Spencer Steer,0,-.--,0.00,2026,,,113,Cincinnati Reds,0,0,
30,0,,,,,0,0,0,.000,2,2,0,fielding,0.0,,,683021,Michael Stefanic,0,-.--,0.00,2026,,,133,Athletics,0,0,
29,0,,,,,0,0,0,.000,1,1,0,fielding,1.0,,,663886,Tyler Stephenson,0,0.00,0.00,2026,,,113,Cincinnati Reds,0,0,
29,0,,,,,0,0,0,.000,11,11,11,fielding,0.0,,,663886,Tyler Stephenson,0,-.--,0.00,2026,,,113,Cincinnati Reds,0,0,
27,0,,,,,0,0,0,.000,2,2,0,fielding,3.0,,,677060,Chad Stevens,0,0.00,0.00,2026,,,115,Colorado Rockies,0,0,
22,0,,,,,0,0,0,.000,11,11,11,fielding,0.0,,,701398,Sal Stewart,0,-.--,0.00,2026,,,113,Cincinnati Reds,0,0,
33,0,,,,,0,0,0,.000,2,2,2,fielding,0.0,,,596115,Trevor Story,0,-.--,0.00,2026,,,111,Boston Red Sox,0,0,
28,0,,,,,0,0,0,.000,20,20,19,fielding,0.0,,,669065,Kyle Stowers,0,-.--,0.00,2026,,,146,Miami Marlins,0,0,
31,0,,,,,0,0,0,.000,4,4,0,fielding,4.0,,,664702,Myles Straw,0,0.00,0.00,2026,,,141,Toronto Blue Jays,0,0,
31,0,,,,,0,0,0,.000,2,2,0,fielding,0.0,,,664702,Myles Straw,0,-.--,0.00,2026,,,141,Toronto Blue Jays,0,0,
33,0,,,,,0,0,0,.000,2,2,0,fielding,2.0,,,596117,Garrett Stubbs,0,0.00,0.00,2026,,,143,Philadelphia Phillies,0,0,
33,0,,,,,0,0,0,.000,4,4,0,fielding,0.0,,,596117,Garrett Stubbs,0,-.--,0.00,2026,,,143,Philadelphia Phillies,0,0,
32,0,,,,,0,0,0,.000,3,3,2,fielding,0.0,,,664954,Brett Sullivan,0,-.--,0.00,2026,,,115,Colorado Rockies,0,0,
25,0,,,,,0,0,0,.000,1,1,0,fielding,1.0,,,691740,Daniel Susac,0,0.00,0.00,2026,,,137,San Francisco Giants,0,0,
31,0,,,,,0,0,0,.000,30,30,28,fielding,0.0,,,673548,Seiya Suzuki,0,-.--,0.00,2026,,,112,Chicago Cubs,0,0,
34,0,,,,,0,0,0,.000,74,74,73,fielding,0.0,,,553993,Eugenio Suárez,0,-.--,0.00,2026,,,113,Cincinnati Reds,0,0,
32,0,,,,,0,0,0,.000,1,1,1,fielding,0.0,,,621020,Dansby Swanson,0,-.--,0.00,2026,,,112,Chicago Cubs,0,0,
33,0,,,,,0,0,0,.000,2,2,0,fielding,2.0,,,596142,Gary Sánchez,0,0.00,0.00,2026,,,158,Milwaukee Brewers,0,0,
33,0,,,,,0,0,0,.000,23,23,20,fielding,0.0,,,596142,Gary Sánchez,0,-.--,0.00,2026,,,158,Milwaukee Brewers,0,0,
28,0,,,,,0,0,0,.000,19,19,12,fielding,0.0,,,660821,Jesús Sánchez,0,-.--,0.00,2026,,,109,Arizona Diamondbacks,0,0,
27,0,,,,,0,0,0,.000,2,2,2,fielding,0.0,,,665487,Fernando Tatis Jr.,0,-.--,0.00,2026,,,135,San Diego Padres,0,0,
27,0,,,,,0,0,0,.000,5,5,1,fielding,0.0,,,694374,Tim Tawa,0,-.--,0.00,2026,,,109,Arizona Diamondbacks,0,0,
27,0,,,,,0,0,0,.000,2,2,2,fielding,0.0,,,669392,Samad Taylor,0,-.--,0.00,2026,,,135,San Diego Padres,0,0,
24,0,,,,,0,0,0,.000,2,2,0,fielding,3.0,,,700187,Troy Taylor,0,0.00,0.00,2026,,,136,Seattle Mariners,0,0,
32,0,,,,,0,0,0,.000,6,6,1,fielding,0.0,,,621438,Tyrone Taylor,0,-.--,0.00,2026,,,112,Chicago Cubs,0,0,
24,0,,,,,0,0,0,.000,1,1,0,fielding,0.0,,,691019,Kyle Teel,0,-.--,0.00,2026,,,145,Chicago White Sox,0,0,
31,0,,,,,0,0,0,.000,2,2,0,fielding,2.0,,,642133,Rowdy Tellez,0,0.00,0.00,2026,,,144,Atlanta Braves,0,0,
31,0,,,,,0,0,0,.000,1,1,1,fielding,0.0,,,642133,Rowdy Tellez,0,-.--,0.00,2026,,,144,Atlanta Braves,0,0,
25,0,,,,,0,0,0,.000,1,1,0,fielding,1.0,,,677588,José Tena,0,0.00,0.00,2026,,,120,Washington Nationals,0,0,
25,0,,,,,0,0,0,.000,1,1,0,fielding,0.0,,,677588,José Tena,0,-.--,0.00,2026,,,120,Washington Nationals,0,0,
25,0,,,,,0,0,0,.000,57,57,53,fielding,0.0,,,677588,José Tena,0,-.--,0.00,2026,,,120,Washington Nationals,0,0,
25,0,,,,,0,0,0,.000,1,1,0,fielding,1.2,,,693713,Emiliano Teodo,0,0.00,0.00,2026,,,140,Texas Rangers,0,0,
27,0,,,,,0,0,0,.000,1,1,0,fielding,0.0,,,669326,Bryce Teodosio,0,-.--,0.00,2026,,,108,Los Angeles Angels,0,0,
25,0,,,,,0,0,0,.000,1,1,0,fielding,1.0,,,687515,Colby Thomas,0,0.00,0.00,2026,,,133,Athletics,0,0,
25,0,,,,,0,0,0,.000,2,2,1,fielding,0.0,,,687515,Colby Thomas,0,-.--,0.00,2026,,,133,Athletics,0,0,
30,0,,,,,0,0,0,.000,7,7,1,fielding,0.0,,,657041,Lane Thomas,0,-.--,0.00,2026,,,144,Atlanta Braves,0,0,
25,0,,,,,0,0,0,.000,10,10,10,fielding,0.0,,,694514,Sterlin Thompson,0,-.--,0.00,2026,,,115,Colorado Rockies,0,0,
23,0,,,,,0,0,0,.000,5,5,0,fielding,6.0,,,694357,Ricky Tiedemann,0,0.00,0.00,2026,,,141,Toronto Blue Jays,0,0,
28,0,,,,,0,0,0,.000,2,2,1,fielding,8.0,,,686475,Tyler Tolbert,0,0.00,0.00,2026,,,118,Kansas City Royals,0,0,
28,0,,,,,0,0,0,.000,2,2,0,fielding,0.0,,,686475,Tyler Tolbert,0,-.--,0.00,2026,,,118,Kansas City Royals,0,0,
26,0,,,,,0,0,0,.000,1,1,0,fielding,0.0,,,679529,Spencer Torkelson,0,-.--,0.00,2026,,,116,Detroit Tigers,0,0,
30,0,,,,,0,0,0,.000,2,2,0,fielding,0.0,,,620443,Luis Torrens,0,-.--,0.00,2026,,,121,New York Mets,0,0,
28,0,,,,,0,0,0,.000,1,1,0,fielding,2.0,,,663494,Bryan Torres,0,0.00,0.00,2026,,,138,St. Louis Cardinals,0,0,
28,0,,,,,0,0,0,.000,7,7,5,fielding,0.0,,,663494,Bryan Torres,0,-.--,0.00,2026,,,138,St. Louis Cardinals,0,0,
29,0,,,,,0,0,0,.000,19,19,17,fielding,0.0,,,650402,Gleyber Torres,0,-.--,0.00,2026,,,116,Detroit Tigers,0,0,
28,0,,,,,0,0,0,.000,1,1,0,fielding,0.0,,,666211,Taylor Trammell,0,-.--,0.00,2026,,,117,Houston Astros,0,0,
33,0,,,,,0,0,0,.000,7,7,0,fielding,9.0,,,624431,Jose Trevino,0,0.00,0.00,2026,,,113,Cincinnati Reds,0,0,
33,0,,,,,0,0,0,.000,1,1,0,fielding,1.0,,,624431,Jose Trevino,0,0.00,0.00,2026,,,113,Cincinnati Reds,0,0,
23,0,,,,,0,0,0,.000,1,1,1,fielding,0.0,,,701649,James Triantos,0,-.--,0.00,2026,,,112,Chicago Cubs,0,0,
28,0,,,,,0,0,0,.000,1,1,0,fielding,1.0,,,669707,Jared Triolo,0,0.00,0.00,2026,,,134,Pittsburgh Pirates,0,0,
28,0,,,,,0,0,0,.000,2,2,0,fielding,0.0,,,669707,Jared Triolo,0,-.--,0.00,2026,,,134,Pittsburgh Pirates,0,0,
34,0,,,,,0,0,0,.000,5,5,0,fielding,6.0,,,642152,Lou Trivino III,0,0.00,0.00,2026,,,143,Philadelphia Phillies,0,0,
31,0,,,,,0,0,0,.000,1,1,0,fielding,1.0,,,644433,Chadwick Tromp,0,0.00,0.00,2026,,,110,Baltimore Orioles,0,0,
34,0,,,,,0,0,0,.000,33,33,33,fielding,0.0,,,545361,Mike Trout,0,-.--,0.00,2026,,,108,Los Angeles Angels,0,0,
24,0,,,,,0,0,0,.000,2,2,2,fielding,0.0,,,694371,Tommy Troy,0,-.--,0.00,2026,,,109,Arizona Diamondbacks,0,0,
33,0,,,,,0,0,0,.000,2,2,2,fielding,0.0,,,607208,Trea Turner,0,-.--,0.00,2026,,,143,Philadelphia Phillies,0,0,
27,0,,,,,0,0,0,.000,1,1,0,fielding,2.2,,,700413,Tyler Uberstine,0,0.00,0.00,2026,,,111,Boston Red Sox,0,0,
26,0,,,,,0,0,0,.000,19,19,11,fielding,0.0,,,680664,Eduardo Valencia,0,-.--,0.00,2026,,,116,Detroit Tigers,0,0,
25,0,,,,,0,0,0,.000,2,2,1,fielding,0.0,,,678218,Brandon Valenzuela,0,-.--,0.00,2026,,,141,Toronto Blue Jays,0,0,
27,0,,,,,0,0,0,.000,10,10,0,fielding,12.2,,,701121,Logan VanWey,0,0.00,0.00,2026,,,117,Houston Astros,0,0,
34,0,,,,,0,0,0,.000,3,3,0,fielding,3.2,,,545121,Ildemaro Vargas,0,0.00,0.00,2026,,,109,Arizona Diamondbacks,0,0,
34,0,,,,,0,0,0,.000,2,2,0,fielding,4.0,,,545121,Ildemaro Vargas,0,0.00,0.00,2026,,,109,Arizona Diamondbacks,0,0,
34,0,,,,,0,0,0,.000,8,8,1,fielding,0.0,,,545121,Ildemaro Vargas,0,-.--,0.00,2026,,,109,Arizona Diamondbacks,0,0,
26,0,,,,,0,0,0,.000,6,6,4,fielding,0.0,,,678246,Miguel Vargas,0,-.--,0.00,2026,,,145,Chicago White Sox,0,0,
29,0,,,,,0,0,0,.000,1,1,1,fielding,0.0,,,662139,Daulton Varsho,0,-.--,0.00,2026,,,141,Toronto Blue Jays,0,0,
28,0,,,,,0,0,0,.000,4,4,4,fielding,0.0,,,683734,Andrew Vaughn,0,-.--,0.00,2026,,,158,Milwaukee Brewers,0,0,
24,0,,,,,0,0,0,.000,1,1,1,fielding,0.0,,,691728,Zac Veen,0,-.--,0.00,2026,,,115,Colorado Rockies,0,0,
27,0,,,,,0,0,0,.000,10,10,6,fielding,0.0,,,676369,Nelson Velázquez,0,-.--,0.00,2026,,,117,Houston Astros,0,0,
43,0,,,,,0,0,0,.000,2,2,2,fielding,9.0,,,434378,Justin Verlander,0,0.00,0.00,2026,,,116,Detroit Tigers,0,0,
26,0,,,,,0,0,0,.000,14,14,10,fielding,0.0,,,668901,Mark Vientos,0,-.--,0.00,2026,,,121,New York Mets,0,0,
29,0,,,,,0,0,0,.000,1,1,0,fielding,0.0,,,663837,Matt Vierling,0,-.--,0.00,2026,,,116,Detroit Tigers,0,0,
27,0,,,,,0,0,0,.000,2,2,0,fielding,0.0,,,668723,Ryan Vilade,0,-.--,0.00,2026,,,139,Tampa Bay Rays,0,0,
25,0,,,,,0,0,0,.000,4,4,3,fielding,0.0,,,678391,Jorbit Vivas,0,-.--,0.00,2026,,,120,Washington Nationals,0,0,
25,0,,,,,0,0,0,.000,1,1,1,fielding,9.0,,,683011,Anthony Volpe,0,0.00,0.00,2026,,,147,New York Yankees,0,0,
35,0,,,,,0,0,0,.000,4,4,0,fielding,0.0,,,543877,Christian Vázquez,0,-.--,0.00,2026,,,117,Houston Astros,0,0,
26,0,,,,,0,0,0,.000,1,1,0,fielding,1.0,,,676679,Luis Vázquez,0,0.00,0.00,2026,,,110,Baltimore Orioles,0,0,
32,0,,,,,0,0,0,.000,1,1,0,fielding,1.0,,,664774,LaMonte Wade Jr.,0,0.00,0.00,2026,,,117,Houston Astros,0,0,
32,0,,,,,0,0,0,.000,1,1,0,fielding,0.0,,,664774,LaMonte Wade Jr.,0,-.--,0.00,2026,,,117,Houston Astros,0,0,
28,0,,,,,0,0,0,.000,6,6,5,fielding,0.0,,,676572,Eric Wagaman,0,-.--,0.00,2026,,,121,New York Mets,0,0,
27,0,,,,,0,0,0,.000,10,10,8,fielding,0.0,,,695238,Will Wagner,0,-.--,0.00,2026,,,135,San Diego Padres,0,0,
23,0,,,,,0,0,0,.000,2,2,0,fielding,0.0,,,814439,Ryan Waldschmidt,0,-.--,0.00,2026,,,109,Arizona Diamondbacks,0,0,
35,0,,,,,0,0,0,.000,2,2,2,fielding,0.0,,,572233,Christian Walker,0,-.--,0.00,2026,,,117,Houston Astros,0,0,
24,0,,,,,0,0,0,.000,7,7,7,fielding,0.0,,,691023,Jordan Walker,0,-.--,0.00,2026,,,138,St. Louis Cardinals,0,0,
25,0,,,,,0,0,0,.000,2,2,0,fielding,3.0,,,686796,Blake Walston,0,0.00,0.00,2026,,,109,Arizona Diamondbacks,0,0,
32,0,,,,,0,0,0,.000,7,7,6,fielding,0.0,,,622268,Donovan Walton,0,-.--,0.00,2026,,,108,Los Angeles Angels,0,0,
30,0,,,,,0,0,0,.000,2,2,0,fielding,3.2,,,681806,Andrew Wantz,0,0.00,0.00,2026,,,112,Chicago Cubs,0,0,
28,0,,,,,0,0,0,.000,1,1,1,fielding,0.0,,,669899,Ryan Ward,0,-.--,0.00,2026,,,119,Los Angeles Dodgers,0,0,
32,0,,,,,0,0,0,.000,33,33,33,fielding,0.0,,,621493,Taylor Ward,0,-.--,0.00,2026,,,136,Seattle Mariners,0,0,
25,0,,,,,0,0,0,.000,1,1,0,fielding,1.0,,,687721,Cameron Weston,0,0.00,0.00,2026,,,110,Baltimore Orioles,0,0,
27,0,,,,,0,0,0,.000,2,2,0,fielding,0.0,,,694376,Shay Whitcomb,0,-.--,0.00,2026,,,117,Houston Astros,0,0,
32,0,,,,,0,0,0,.000,1,1,0,fielding,0.2,,,642201,Eli White,0,0.00,0.00,2026,,,111,Boston Red Sox,0,0,
32,0,,,,,0,0,0,.000,5,5,1,fielding,0.0,,,642201,Eli White,0,-.--,0.00,2026,,,111,Boston Red Sox,0,0,
25,0,,,,,0,0,0,.000,1,1,0,fielding,0.2,,,687985,Josh White,0,0.00,0.00,2026,,,146,Miami Marlins,0,0,
23,0,,,,,0,0,0,.000,1,1,1,fielding,0.0,,,695720,Tommy White,0,-.--,0.00,2026,,,133,Athletics,0,0,
27,0,,,,,0,0,0,.000,2,2,0,fielding,2.0,,,686894,Joey Wiemer,0,0.00,0.00,2026,,,120,Washington Nationals,0,0,
27,0,,,,,0,0,0,.000,3,3,0,fielding,0.0,,,686894,Joey Wiemer,0,-.--,0.00,2026,,,120,Washington Nationals,0,0,
27,0,,,,,0,0,0,.000,1,1,0,fielding,1.0,,,675961,Alika Williams,0,0.00,0.00,2026,,,133,Athletics,0,0,
23,0,,,,,0,0,0,.000,1,1,0,fielding,2.0,,,700246,Carson Williams,0,0.00,0.00,2026,,,139,Tampa Bay Rays,0,0,
23,0,,,,,0,0,0,.000,2,2,0,fielding,0.0,,,700246,Carson Williams,0,-.--,0.00,2026,,,139,Tampa Bay Rays,0,0,
29,0,,,,,0,0,0,.000,1,1,0,fielding,1.0,,,663897,Luke Williams,0,0.00,0.00,2026,,,144,Atlanta Braves,0,0,
25,0,,,,,0,0,0,.000,1,1,0,fielding,0.0,,,810938,Ben Williamson,0,-.--,0.00,2026,,,139,Tampa Bay Rays,0,0,
24,0,,,,,0,0,0,.000,5,5,5,fielding,0.0,,,805779,Jacob Wilson,0,-.--,0.00,2026,,,133,Athletics,0,0,
31,0,,,,,1,0,1,.000,2,2,1,fielding,6.0,,,642215,Weston Wilson,0,0.00,0.00,2026,,,136,Seattle Mariners,0,0,
31,0,,,,,0,0,0,.000,2,2,1,fielding,0.0,,,642215,Weston Wilson,0,-.--,0.00,2026,,,136,Seattle Mariners,0,0,
34,0,,,,,0,0,0,.000,1,1,0,fielding,0.0,,,621550,Patrick Wisdom,0,-.--,0.00,2026,,,136,Seattle Mariners,0,0,
26,0,,,,,0,0,0,.000,3,3,3,fielding,0.0,,,677951,Bobby Witt Jr.,0,-.--,0.00,2026,,,118,Kansas City Royals,0,0,
30,0,,,,,0,0,0,.000,3,3,3,fielding,0.0,,,657136,Connor Wong,0,-.--,0.00,2026,,,111,Boston Red Sox,0,0,
23,0,,,,,0,0,0,.000,32,32,31,fielding,0.0,,,695578,James Wood,0,-.--,0.00,2026,,,120,Washington Nationals,0,0,
26,0,,,,,0,0,0,.000,2,2,1,fielding,0.0,,,669398,Gage Workman,0,-.--,0.00,2026,,,116,Detroit Tigers,0,0,
35,0,,,,,0,0,0,.000,2,2,1,fielding,0.0,,,642851,Austin Wynns,0,-.--,0.00,2026,,,140,Texas Rangers,0,0,
35,0,,,,,0,0,0,.000,1,1,0,fielding,2.0,,,573262,Mike Yastrzemski,0,0.00,0.00,2026,,,144,Atlanta Braves,0,0,
35,0,,,,,0,0,0,.000,4,4,3,fielding,0.0,,,573262,Mike Yastrzemski,0,-.--,0.00,2026,,,144,Atlanta Braves,0,0,
39,0,,,,,0,0,0,.000,46,46,1,fielding,42.1,,,489446,Kirby Yates,0,0.00,0.00,2026,,,134,Pittsburgh Pirates,0,0,
34,0,,,,,0,0,0,.000,112,112,106,fielding,0.0,,,592885,Christian Yelich,0,-.--,0.00,2026,,,158,Milwaukee Brewers,0,0,
24,0,,,,,0,0,0,.000,1,1,0,fielding,0.0,,,694377,Nick Yorke,0,-.--,0.00,2026,,,134,Pittsburgh Pirates,0,0,
32,0,,,,,0,0,0,.000,65,65,62,fielding,0.0,,,807799,Masataka Yoshida,0,-.--,0.00,2026,,,111,Boston Red Sox,0,0,
30,0,,,,,0,0,0,.000,1,1,0,fielding,1.0,,,676724,Jared Young,0,0.00,0.00,2026,,,121,New York Mets,0,0,
30,0,,,,,0,0,0,.000,9,9,6,fielding,0.0,,,676724,Jared Young,0,-.--,0.00,2026,,,121,New York Mets,0,0,
37,0,,,,,0,0,0,.000,1,1,1,fielding,0.0,,,518595,Travis d'Arnaud,0,-.--,0.00,2026,,,108,Los Angeles Angels,0,0,
